,净值,杠杆倍数,每日PnL,资金占用比例
2013-01-04,1.0,0.0,0.0,0.0
2013-01-07,1.0,0.0,0.0,0.0
2013-01-08,1.0,0.0,0.0,0.0
2013-01-09,1.0,0.0,0.0,0.0
2013-01-10,1.0,0.0,0.0,0.0
2013-01-11,1.0,0.0,0.0,0.0
2013-01-14,1.0,0.0,0.0,0.0
2013-01-15,1.0,0.0,0.0,0.0
2013-01-16,1.0,0.0,0.0,0.0
2013-01-17,1.0,0.0,0.0,0.0
2013-01-18,1.0,0.0,0.0,0.0
2013-01-21,1.0,0.0,0.0,0.0
2013-01-22,1.0,0.0,0.0,0.0
2013-01-23,1.0,0.0,0.0,0.0
2013-01-24,1.0,0.0,0.0,0.0
2013-01-25,1.0,0.0,0.0,0.0
2013-01-28,1.0,0.0,0.0,0.0
2013-01-29,1.0,0.0,0.0,0.0
2013-01-30,1.0,0.0,0.0,0.0
2013-01-31,1.0,0.0,0.0,0.0
2013-02-01,1.0,0.0,0.0,0.0
2013-02-04,1.0,0.0,0.0,0.0
2013-02-05,1.0,0.0,0.0,0.0
2013-02-06,1.0,0.0,0.0,0.0
2013-02-07,1.0,0.0,0.0,0.0
2013-02-08,1.0,0.0,0.0,0.0
2013-02-18,1.0,0.0,0.0,0.0
2013-02-19,1.0,0.0,0.0,0.0
2013-02-20,1.0,0.0,0.0,0.0
2013-02-21,1.0,0.0,0.0,0.0
2013-02-22,1.0,0.0,0.0,0.0
2013-02-25,1.0,0.0,0.0,0.0
2013-02-26,1.0,0.0,0.0,0.0
2013-02-27,1.0,0.0,0.0,0.0
2013-02-28,1.0,0.0,0.0,0.0
2013-03-01,1.0,0.0,0.0,0.0
2013-03-04,1.0,0.0,0.0,0.0
2013-03-05,1.0,0.0,0.0,0.0
2013-03-06,1.0,0.0,0.0,0.0
2013-03-07,1.0,0.0,0.0,0.0
2013-03-08,1.0,0.0,0.0,0.0
2013-03-11,1.0,0.0,0.0,0.0
2013-03-12,1.0,0.0,0.0,0.0
2013-03-13,1.0,0.0,0.0,0.0
2013-03-14,1.0,0.0,0.0,0.0
2013-03-15,1.0,0.0,0.0,0.0
2013-03-18,1.0,0.0,0.0,0.0
2013-03-19,1.0,0.0,0.0,0.0
2013-03-20,1.0,0.0,0.0,0.0
2013-03-21,1.0,0.0,0.0,0.0
2013-03-22,1.0,0.0,0.0,0.0
2013-03-25,1.0,0.0,0.0,0.0
2013-03-26,1.0,0.0,0.0,0.0
2013-03-27,1.0,0.0,0.0,0.0
2013-03-28,1.0,0.0,0.0,0.0
2013-03-29,1.0,0.0,0.0,0.0
2013-04-01,1.0,0.0,0.0,0.0
2013-04-02,1.0,0.0,0.0,0.0
2013-04-03,1.0,0.0,0.0,0.0
2013-04-08,1.0,0.0,0.0,0.0
2013-04-09,1.0,0.0,0.0,0.0
2013-04-10,1.0,0.0,0.0,0.0
2013-04-11,1.0,0.0,0.0,0.0
2013-04-12,1.0,0.0,0.0,0.0
2013-04-15,1.0,0.0,0.0,0.0
2013-04-16,0.9970758,0.9999719,-292420.0,0.07020332155288496
2013-04-17,1.00000005,1.00020445,292425.0,0.07001430799928461
2013-04-18,1.0099307,0.99947255,993065.0,0.06927512798650444
2013-04-19,1.0052878,1.0002194,-464290.0,0.06964707817999981
2013-04-22,1.0059026,1.000395,61480.0,0.06961673028780321
2013-04-23,1.0107639,1.0003567,486130.0,0.06927925403746613
2013-04-24,1.00825235,1.000469,-251155.0,0.06945962486474741
2013-04-25,1.0004513,1.0000728,-780105.0,0.06997351695179965
2013-04-26,1.00201745,0.99946175,156615.0,0.06982146119311596
2013-05-02,1.0071029,0.9998749,508545.0,0.0694976084370326
2013-05-03,1.00220855,0.0,-489435.0,0.0
2013-05-06,1.00220855,0.0,0.0,0.0
2013-05-07,1.00220855,0.0,0.0,0.0
2013-05-08,1.00220855,0.0,0.0,0.0
2013-05-09,1.00220855,0.0,0.0,0.0
2013-05-10,1.00220855,0.0,0.0,0.0
2013-05-13,1.00220855,0.0,0.0,0.0
2013-05-14,1.00220855,0.0,0.0,0.0
2013-05-15,1.00220855,0.0,0.0,0.0
2013-05-16,1.00220855,0.0,0.0,0.0
2013-05-17,1.00220855,0.0,0.0,0.0
2013-05-20,1.00220855,0.0,0.0,0.0
2013-05-21,1.00220855,0.0,0.0,0.0
2013-05-22,1.00220855,0.0,0.0,0.0
2013-05-23,1.00220855,0.0,0.0,0.0
2013-05-24,1.00220855,0.0,0.0,0.0
2013-05-27,1.00220855,0.0,0.0,0.0
2013-05-28,1.00220855,0.0,0.0,0.0
2013-05-29,1.00220855,0.0,0.0,0.0
2013-05-30,1.00220855,0.0,0.0,0.0
2013-05-31,1.00220855,0.0,0.0,0.0
2013-06-03,1.00220855,0.0,0.0,0.0
2013-06-04,1.00220855,0.0,0.0,0.0
2013-06-05,1.00220855,0.0,0.0,0.0
2013-06-06,1.00220855,0.0,0.0,0.0
2013-06-07,1.00220855,0.0,0.0,0.0
2013-06-13,1.00220855,0.0,0.0,0.0
2013-06-14,1.00220855,0.0,0.0,0.0
2013-06-17,1.00220855,0.0,0.0,0.0
2013-06-18,1.00220855,0.0,0.0,0.0
2013-06-19,1.00220855,0.0,0.0,0.0
2013-06-20,1.00220855,0.0,0.0,0.0
2013-06-21,1.00220855,0.0,0.0,0.0
2013-06-24,1.00220855,0.0,0.0,0.0
2013-06-25,1.00220855,0.0,0.0,0.0
2013-06-26,1.00220855,0.0,0.0,0.0
2013-06-27,1.00220855,0.0,0.0,0.0
2013-06-28,1.00220855,0.0,0.0,0.0
2013-07-01,1.00220855,0.0,0.0,0.0
2013-07-02,1.00220855,0.0,0.0,0.0
2013-07-03,1.00220855,0.0,0.0,0.0
2013-07-04,1.00220855,0.0,0.0,0.0
2013-07-05,1.00220855,0.0,0.0,0.0
2013-07-08,1.00220855,0.0,0.0,0.0
2013-07-09,1.00220855,0.0,0.0,0.0
2013-07-10,1.00220855,0.0,0.0,0.0
2013-07-11,1.00220855,0.0,0.0,0.0
2013-07-12,1.00220855,0.0,0.0,0.0
2013-07-15,1.00220855,0.0,0.0,0.0
2013-07-16,1.00220855,0.0,0.0,0.0
2013-07-17,1.00220855,0.0,0.0,0.0
2013-07-18,1.00220855,0.0,0.0,0.0
2013-07-19,1.00220855,0.0,0.0,0.0
2013-07-22,1.00220855,0.0,0.0,0.0
2013-07-23,1.00220855,0.0,0.0,0.0
2013-07-24,1.00220855,0.0,0.0,0.0
2013-07-25,1.00220855,0.0,0.0,0.0
2013-07-26,1.00220855,0.0,0.0,0.0
2013-07-29,1.00220855,0.0,0.0,0.0
2013-07-30,1.00220855,0.0,0.0,0.0
2013-07-31,1.00220855,0.0,0.0,0.0
2013-08-01,1.00220855,0.0,0.0,0.0
2013-08-02,1.00220855,0.0,0.0,0.0
2013-08-05,1.00220855,0.0,0.0,0.0
2013-08-06,1.00220855,0.0,0.0,0.0
2013-08-07,1.00220855,0.0,0.0,0.0
2013-08-08,1.00220855,0.0,0.0,0.0
2013-08-09,1.00220855,0.0,0.0,0.0
2013-08-12,1.00220855,0.0,0.0,0.0
2013-08-13,1.00220855,0.0,0.0,0.0
2013-08-14,1.00220855,0.0,0.0,0.0
2013-08-15,1.00287005,0.9997875,66150.0,0.06978483902276272
2013-08-16,1.00317945,0.9997842,30940.0,0.06976308575698995
2013-08-19,0.99919455,1.0006202,-398490.0,0.07009987594507996
2013-08-20,0.9980681,1.0008045,-112645.0,0.07019191876786765
2013-08-21,0.9967604,0.9997598,-130770.0,0.07021064039060944
2013-08-22,0.9972004,1.0006457,44000.0,0.07024184807787884
2013-08-23,0.99920395,0.9999841,200355.0,0.07005465400732253
2013-08-26,1.0039645,0.99982785,476055.0,0.06971157794922032
2013-08-27,1.00579985,0.9995266,183535.0,0.06956340468732422
2013-08-28,1.0256093,0.999959,1980945.0,0.06824931287187042
2013-08-29,1.0329243,0.999503,731500.0,0.06773507990856639
2013-08-30,1.03992145,0.9999587,699715.0,0.06730999634635867
2013-09-02,0.9439291,1.00036005,-9599235.0,0.07418481271527705
2013-09-03,0.94385705,0.0,-7205.0,0.0
2013-09-04,0.94385705,0.0,0.0,0.0
2013-09-05,0.94385705,0.0,0.0,0.0
2013-09-06,0.94385705,0.0,0.0,0.0
2013-09-09,0.94385705,0.0,0.0,0.0
2013-09-10,0.94385705,0.0,0.0,0.0
2013-09-11,0.94385705,0.0,0.0,0.0
2013-09-12,0.94385705,0.0,0.0,0.0
2013-09-13,0.94385705,0.0,0.0,0.0
2013-09-16,0.94385705,0.0,0.0,0.0
2013-09-17,0.94385705,0.0,0.0,0.0
2013-09-18,0.94385705,0.0,0.0,0.0
2013-09-23,0.94385705,0.0,0.0,0.0
2013-09-24,0.94385705,0.0,0.0,0.0
2013-09-25,0.94385705,0.0,0.0,0.0
2013-09-26,0.94385705,0.0,0.0,0.0
2013-09-27,0.94385705,0.0,0.0,0.0
2013-09-30,0.94385705,0.0,0.0,0.0
2013-10-08,0.94385705,0.0,0.0,0.0
2013-10-09,0.94385705,0.0,0.0,0.0
2013-10-10,0.94385705,0.0,0.0,0.0
2013-10-11,0.94385705,0.0,0.0,0.0
2013-10-14,0.94385705,0.0,0.0,0.0
2013-10-15,0.94385705,0.0,0.0,0.0
2013-10-16,0.94385705,0.0,0.0,0.0
2013-10-17,0.94385705,0.0,0.0,0.0
2013-10-18,0.94385705,0.0,0.0,0.0
2013-10-21,0.94385705,0.0,0.0,0.0
2013-10-22,0.94385705,0.0,0.0,0.0
2013-10-23,0.94385705,0.0,0.0,0.0
2013-10-24,0.94385705,0.0,0.0,0.0
2013-10-25,0.94385705,0.0,0.0,0.0
2013-10-28,0.94385705,0.0,0.0,0.0
2013-10-29,0.94385705,0.0,0.0,0.0
2013-10-30,0.94385705,0.0,0.0,0.0
2013-10-31,0.94385705,0.0,0.0,0.0
2013-11-01,0.94385705,0.0,0.0,0.0
2013-11-04,0.94385705,0.0,0.0,0.0
2013-11-05,0.94385705,0.0,0.0,0.0
2013-11-06,0.94385705,0.0,0.0,0.0
2013-11-07,0.94385705,0.0,0.0,0.0
2013-11-08,0.94385705,0.0,0.0,0.0
2013-11-11,0.94385705,0.0,0.0,0.0
2013-11-12,0.94385705,0.0,0.0,0.0
2013-11-13,0.94385705,0.0,0.0,0.0
2013-11-14,0.94385705,0.0,0.0,0.0
2013-11-15,0.94385705,0.0,0.0,0.0
2013-11-18,0.94385705,0.0,0.0,0.0
2013-11-19,0.94385705,0.0,0.0,0.0
2013-11-20,0.94385705,0.0,0.0,0.0
2013-11-21,0.94385705,0.0,0.0,0.0
2013-11-22,0.94385705,0.0,0.0,0.0
2013-11-25,0.94385705,0.0,0.0,0.0
2013-11-26,0.94385705,0.0,0.0,0.0
2013-11-27,0.94385705,0.0,0.0,0.0
2013-11-28,0.94385705,0.0,0.0,0.0
2013-11-29,0.94385705,0.0,0.0,0.0
2013-12-02,0.94385705,0.0,0.0,0.0
2013-12-03,0.94385705,0.0,0.0,0.0
2013-12-04,0.94385705,0.0,0.0,0.0
2013-12-05,0.94385705,0.0,0.0,0.0
2013-12-06,0.94385705,0.0,0.0,0.0
2013-12-09,0.94385705,0.0,0.0,0.0
2013-12-10,0.94385705,0.0,0.0,0.0
2013-12-11,0.94385705,0.0,0.0,0.0
2013-12-12,0.94385705,0.0,0.0,0.0
2013-12-13,0.94385705,0.0,0.0,0.0
2013-12-16,0.94385705,0.0,0.0,0.0
2013-12-17,0.94323195,0.99913575,-62510.0,0.07414878440027398
2013-12-18,0.94140275,0.9997221,-182920.0,0.07433645907662793
2013-12-19,0.94305805,0.9997056,165530.0,0.07420475547608124
2013-12-20,0.94603485,0.9996696,297680.0,0.07396859851410337
2013-12-23,0.9478025,1.000382,176765.0,0.07388326154446734
2013-12-24,0.94784915,1.00006885,4665.0,0.07385649868441618
2013-12-25,0.9535008,0.9996143,565165.0,0.07338536160640871
2013-12-26,0.95923935,0.99945,573855.0,0.07293435157763284
2013-12-27,0.96327855,1.00030575,403920.0,0.07269071080218698
2013-12-30,0.97015655,1.0001695,687800.0,0.07216553349044544
2013-12-31,0.9852487,0.9999551,1509215.0,0.07104486105893873
2014-01-02,0.9341872,1.0000301,-5106150.0,0.07493370386577765
2014-01-03,0.9323879,0.0,-179930.0,0.0
2014-01-06,0.9323879,0.0,0.0,0.0
2014-01-07,0.9323879,0.0,0.0,0.0
2014-01-08,0.9323879,0.0,0.0,0.0
2014-01-09,0.9323879,0.0,0.0,0.0
2014-01-10,0.9323879,0.0,0.0,0.0
2014-01-13,0.9323879,0.0,0.0,0.0
2014-01-14,0.9323879,0.0,0.0,0.0
2014-01-15,0.9323879,0.0,0.0,0.0
2014-01-16,0.9323879,0.0,0.0,0.0
2014-01-17,0.9323879,0.0,0.0,0.0
2014-01-20,0.9323879,0.0,0.0,0.0
2014-01-21,0.9323879,0.0,0.0,0.0
2014-01-22,0.9323879,0.0,0.0,0.0
2014-01-23,0.9323879,0.0,0.0,0.0
2014-01-24,0.9323879,0.0,0.0,0.0
2014-01-27,0.9323879,0.0,0.0,0.0
2014-01-28,0.9323879,0.0,0.0,0.0
2014-01-29,0.9323879,0.0,0.0,0.0
2014-01-30,0.9323879,0.0,0.0,0.0
2014-02-07,0.9323879,0.0,0.0,0.0
2014-02-10,0.9323879,0.0,0.0,0.0
2014-02-11,0.9323879,0.0,0.0,0.0
2014-02-12,0.9323879,0.0,0.0,0.0
2014-02-13,0.9323879,0.0,0.0,0.0
2014-02-14,0.9323879,0.0,0.0,0.0
2014-02-17,0.9323879,0.0,0.0,0.0
2014-02-18,0.9323879,0.0,0.0,0.0
2014-02-19,0.9323879,0.0,0.0,0.0
2014-02-20,0.9323879,0.0,0.0,0.0
2014-02-21,0.9323879,0.0,0.0,0.0
2014-02-24,0.9323879,0.0,0.0,0.0
2014-02-25,0.9323879,0.0,0.0,0.0
2014-02-26,0.9323879,0.0,0.0,0.0
2014-02-27,0.9323879,0.0,0.0,0.0
2014-02-28,0.9323879,0.0,0.0,0.0
2014-03-03,0.9323879,0.0,0.0,0.0
2014-03-04,0.9323879,0.0,0.0,0.0
2014-03-05,0.9323879,0.0,0.0,0.0
2014-03-06,0.9323879,0.0,0.0,0.0
2014-03-07,0.9323879,0.0,0.0,0.0
2014-03-10,0.9323879,0.0,0.0,0.0
2014-03-11,0.9323879,0.0,0.0,0.0
2014-03-12,0.9323879,0.0,0.0,0.0
2014-03-13,0.9323879,0.0,0.0,0.0
2014-03-14,0.9323879,0.0,0.0,0.0
2014-03-17,0.9323879,0.0,0.0,0.0
2014-03-18,0.9323879,0.0,0.0,0.0
2014-03-19,0.9323879,0.0,0.0,0.0
2014-03-20,0.9323879,0.0,0.0,0.0
2014-03-21,0.9323879,0.0,0.0,0.0
2014-03-24,0.9323879,0.0,0.0,0.0
2014-03-25,0.9323879,0.0,0.0,0.0
2014-03-26,0.9323879,0.0,0.0,0.0
2014-03-27,0.9323879,0.0,0.0,0.0
2014-03-28,0.9323879,0.0,0.0,0.0
2014-03-31,0.9323879,0.0,0.0,0.0
2014-04-01,0.9323879,0.0,0.0,0.0
2014-04-02,0.9323879,0.0,0.0,0.0
2014-04-03,0.9323879,0.0,0.0,0.0
2014-04-04,0.9323879,0.0,0.0,0.0
2014-04-08,0.9323879,0.0,0.0,0.0
2014-04-09,0.9323879,0.0,0.0,0.0
2014-04-10,0.9323879,0.0,0.0,0.0
2014-04-11,0.9323879,0.0,0.0,0.0
2014-04-14,0.9323879,0.0,0.0,0.0
2014-04-15,0.9323879,0.0,0.0,0.0
2014-04-16,0.9403257,1.0001628,793780.0,0.0744544108493472
2014-04-17,0.9402256,1.000055,-10010.0,0.07445431181622794
2014-04-18,0.9457817,1.0005909,555610.0,0.07405658515067484
2014-04-21,0.9497437,0.9997496,396200.0,0.07368563960992845
2014-04-22,0.9497007,0.9992467,-4300.0,0.07365190843810056
2014-04-23,0.94597235,1.0009284,-372835.0,0.07406663418862085
2014-04-24,0.95046255,0.9994244,449020.0,0.0736059595404364
2014-04-25,0.94952985,1.0002469,-93270.0,0.07373889614949967
2014-04-28,0.94899425,1.0006133,-53560.0,0.07380753992977303
2014-04-29,0.94695525,0.99983555,-203900.0,0.07390897141126786
2014-04-30,0.9538041,0.99997695,684885.0,0.07338864081209129
2014-05-05,0.90490485,0.9995217,-4889925.0,0.07731919991367049
2014-05-06,0.90422865,0.0,-67620.0,0.0
2014-05-07,0.90422865,0.0,0.0,0.0
2014-05-08,0.90422865,0.0,0.0,0.0
2014-05-09,0.90422865,0.0,0.0,0.0
2014-05-12,0.90422865,0.0,0.0,0.0
2014-05-13,0.90422865,0.0,0.0,0.0
2014-05-14,0.90422865,0.0,0.0,0.0
2014-05-15,0.90422865,0.0,0.0,0.0
2014-05-16,0.90422865,0.0,0.0,0.0
2014-05-19,0.90422865,0.0,0.0,0.0
2014-05-20,0.90422865,0.0,0.0,0.0
2014-05-21,0.90422865,0.0,0.0,0.0
2014-05-22,0.90422865,0.0,0.0,0.0
2014-05-23,0.90422865,0.0,0.0,0.0
2014-05-26,0.90422865,0.0,0.0,0.0
2014-05-27,0.90422865,0.0,0.0,0.0
2014-05-28,0.90422865,0.0,0.0,0.0
2014-05-29,0.90422865,0.0,0.0,0.0
2014-05-30,0.90422865,0.0,0.0,0.0
2014-06-03,0.90422865,0.0,0.0,0.0
2014-06-04,0.90422865,0.0,0.0,0.0
2014-06-05,0.90422865,0.0,0.0,0.0
2014-06-06,0.90422865,0.0,0.0,0.0
2014-06-09,0.90422865,0.0,0.0,0.0
2014-06-10,0.90422865,0.0,0.0,0.0
2014-06-11,0.90422865,0.0,0.0,0.0
2014-06-12,0.90422865,0.0,0.0,0.0
2014-06-13,0.90422865,0.0,0.0,0.0
2014-06-16,0.90422865,0.0,0.0,0.0
2014-06-17,0.90422865,0.0,0.0,0.0
2014-06-18,0.90422865,0.0,0.0,0.0
2014-06-19,0.90422865,0.0,0.0,0.0
2014-06-20,0.90422865,0.0,0.0,0.0
2014-06-23,0.90422865,0.0,0.0,0.0
2014-06-24,0.90422865,0.0,0.0,0.0
2014-06-25,0.90422865,0.0,0.0,0.0
2014-06-26,0.90422865,0.0,0.0,0.0
2014-06-27,0.90422865,0.0,0.0,0.0
2014-06-30,0.90422865,0.0,0.0,0.0
2014-07-01,0.90422865,0.0,0.0,0.0
2014-07-02,0.90422865,0.0,0.0,0.0
2014-07-03,0.90422865,0.0,0.0,0.0
2014-07-04,0.90422865,0.0,0.0,0.0
2014-07-07,0.90422865,0.0,0.0,0.0
2014-07-08,0.90422865,0.0,0.0,0.0
2014-07-09,0.90422865,0.0,0.0,0.0
2014-07-10,0.90422865,0.0,0.0,0.0
2014-07-11,0.90422865,0.0,0.0,0.0
2014-07-14,0.90422865,0.0,0.0,0.0
2014-07-15,0.90422865,0.0,0.0,0.0
2014-07-16,0.90422865,0.0,0.0,0.0
2014-07-17,0.90422865,0.0,0.0,0.0
2014-07-18,0.90422865,0.0,0.0,0.0
2014-07-21,0.90422865,0.0,0.0,0.0
2014-07-22,0.90422865,0.0,0.0,0.0
2014-07-23,0.90422865,0.0,0.0,0.0
2014-07-24,0.90422865,0.0,0.0,0.0
2014-07-25,0.90422865,0.0,0.0,0.0
2014-07-28,0.90422865,0.0,0.0,0.0
2014-07-29,0.90422865,0.0,0.0,0.0
2014-07-30,0.90422865,0.0,0.0,0.0
2014-07-31,0.90422865,0.0,0.0,0.0
2014-08-01,0.90422865,0.0,0.0,0.0
2014-08-04,0.90422865,0.0,0.0,0.0
2014-08-05,0.90422865,0.0,0.0,0.0
2014-08-06,0.90422865,0.0,0.0,0.0
2014-08-07,0.90422865,0.0,0.0,0.0
2014-08-08,0.90422865,0.0,0.0,0.0
2014-08-11,0.90422865,0.0,0.0,0.0
2014-08-12,0.90422865,0.0,0.0,0.0
2014-08-13,0.90422865,0.0,0.0,0.0
2014-08-14,0.90422865,0.0,0.0,0.0
2014-08-15,0.90422865,0.0,0.0,0.0
2014-08-18,0.90422865,0.0,0.0,0.0
2014-08-19,0.90422865,0.0,0.0,0.0
2014-08-20,0.90422865,0.0,0.0,0.0
2014-08-21,0.90422865,0.0,0.0,0.0
2014-08-22,0.90422865,0.0,0.0,0.0
2014-08-25,0.90422865,0.0,0.0,0.0
2014-08-26,0.90422865,0.0,0.0,0.0
2014-08-27,0.90422865,0.0,0.0,0.0
2014-08-28,0.90422865,0.0,0.0,0.0
2014-08-29,0.90422865,0.0,0.0,0.0
2014-09-01,0.90422865,0.0,0.0,0.0
2014-09-02,0.90422865,0.0,0.0,0.0
2014-09-03,0.90422865,0.0,0.0,0.0
2014-09-04,0.90422865,0.0,0.0,0.0
2014-09-05,0.90422865,0.0,0.0,0.0
2014-09-09,0.90422865,0.0,0.0,0.0
2014-09-10,0.90422865,0.0,0.0,0.0
2014-09-11,0.90422865,0.0,0.0,0.0
2014-09-12,0.90422865,0.0,0.0,0.0
2014-09-15,0.90422865,0.0,0.0,0.0
2014-09-16,0.91840065,0.9999081,1417200.0,0.07621245368238798
2014-09-17,0.91821515,1.0000936,-18550.0,0.07624199186868133
2014-09-18,0.92557495,1.000145,735980.0,0.07563963350563886
2014-09-19,0.94430435,1.000074,1872940.0,0.07413412847245701
2014-09-22,0.97085275,0.999901,2654840.0,0.0720944242059365
2014-09-23,0.97224415,1.0001258,139140.0,0.07200743352377077
2014-09-24,0.96586875,1.000114,-637540.0,0.07248187706663042
2014-09-25,0.96727135,0.9999634,140260.0,0.07236587540817786
2014-09-26,0.95382925,0.9999303,-1344210.0,0.07338328217550469
2014-09-29,0.94571975,1.0002126,-810950.0,0.07403343538083032
2014-09-30,0.96000955,1.0000628,1428980.0,0.07292052042607286
2014-10-08,0.98614065,1.0001558,2613110.0,0.0709948484529058
2014-10-09,0.98433665,0.0,-180400.0,0.0
2014-10-10,0.98433665,0.0,0.0,0.0
2014-10-13,0.98433665,0.0,0.0,0.0
2014-10-14,0.98433665,0.0,0.0,0.0
2014-10-15,0.98433665,0.0,0.0,0.0
2014-10-16,0.98433665,0.0,0.0,0.0
2014-10-17,0.98433665,0.0,0.0,0.0
2014-10-20,0.98433665,0.0,0.0,0.0
2014-10-21,0.98433665,0.0,0.0,0.0
2014-10-22,0.98433665,0.0,0.0,0.0
2014-10-23,0.98433665,0.0,0.0,0.0
2014-10-24,0.98433665,0.0,0.0,0.0
2014-10-27,0.98433665,0.0,0.0,0.0
2014-10-28,0.98433665,0.0,0.0,0.0
2014-10-29,0.98433665,0.0,0.0,0.0
2014-10-30,0.98433665,0.0,0.0,0.0
2014-10-31,0.98433665,0.0,0.0,0.0
2014-11-03,0.98433665,0.0,0.0,0.0
2014-11-04,0.98433665,0.0,0.0,0.0
2014-11-05,0.98433665,0.0,0.0,0.0
2014-11-06,0.98433665,0.0,0.0,0.0
2014-11-07,0.98433665,0.0,0.0,0.0
2014-11-10,0.98433665,0.0,0.0,0.0
2014-11-11,0.98433665,0.0,0.0,0.0
2014-11-12,0.98433665,0.0,0.0,0.0
2014-11-13,0.98433665,0.0,0.0,0.0
2014-11-14,0.98433665,0.0,0.0,0.0
2014-11-17,0.98433665,0.0,0.0,0.0
2014-11-18,0.98433665,0.0,0.0,0.0
2014-11-19,0.98433665,0.0,0.0,0.0
2014-11-20,0.98433665,0.0,0.0,0.0
2014-11-21,0.98433665,0.0,0.0,0.0
2014-11-24,0.98433665,0.0,0.0,0.0
2014-11-25,0.98433665,0.0,0.0,0.0
2014-11-26,0.98433665,0.0,0.0,0.0
2014-11-27,0.98433665,0.0,0.0,0.0
2014-11-28,0.98433665,0.0,0.0,0.0
2014-12-01,0.98433665,0.0,0.0,0.0
2014-12-02,0.98433665,0.0,0.0,0.0
2014-12-03,0.98433665,0.0,0.0,0.0
2014-12-04,0.98433665,0.0,0.0,0.0
2014-12-05,0.98433665,0.0,0.0,0.0
2014-12-08,0.98433665,0.0,0.0,0.0
2014-12-09,0.98433665,0.0,0.0,0.0
2014-12-10,0.98433665,0.0,0.0,0.0
2014-12-11,0.98433665,0.0,0.0,0.0
2014-12-12,0.98433665,0.0,0.0,0.0
2014-12-15,0.98433665,0.0,0.0,0.0
2014-12-16,0.98433665,0.0,0.0,0.0
2014-12-17,0.98341225,1.0000623,-92440.0,0.07118516268228306
2014-12-18,0.97332435,0.9996616,-1008790.0,0.07189413477634665
2014-12-19,0.96801975,0.99942885,-530460.0,0.0722712728743396
2014-12-22,0.97112635,0.99936,310660.0,0.07203511674871144
2014-12-23,0.9778500999999999,1.0003062,672375.0,0.07160753371094404
2014-12-24,0.9723125,0.99944815,-553760.0,0.07195358539564184
2014-12-25,0.9705931,0.99991365,-171940.0,0.07211462300731378
2014-12-26,0.97307395,0.9992427,248085.0,0.07188250081096098
2014-12-29,0.96980865,1.00016545,-326530.0,0.07219112914697141
2014-12-30,0.96028515,0.99987235,-952350.0,0.0728857095207606
2014-12-31,0.9579028,0.9996038,-238235.0,0.07304735511786792
2015-01-05,1.02705185,1.0002793,6914905.0,0.06817528345818179
2015-01-06,1.03138605,0.0,433420.0,0.0
2015-01-07,1.03138605,0.0,0.0,0.0
2015-01-08,1.03138605,0.0,0.0,0.0
2015-01-09,1.03138605,0.0,0.0,0.0
2015-01-12,1.03138605,0.0,0.0,0.0
2015-01-13,1.03138605,0.0,0.0,0.0
2015-01-14,1.03138605,0.0,0.0,0.0
2015-01-15,1.03138605,0.0,0.0,0.0
2015-01-16,1.03138605,0.0,0.0,0.0
2015-01-19,1.03138605,0.0,0.0,0.0
2015-01-20,1.03138605,0.0,0.0,0.0
2015-01-21,1.03138605,0.0,0.0,0.0
2015-01-22,1.03138605,0.0,0.0,0.0
2015-01-23,1.03138605,0.0,0.0,0.0
2015-01-26,1.03138605,0.0,0.0,0.0
2015-01-27,1.03138605,0.0,0.0,0.0
2015-01-28,1.03138605,0.0,0.0,0.0
2015-01-29,1.03138605,0.0,0.0,0.0
2015-01-30,1.03138605,0.0,0.0,0.0
2015-02-02,1.03138605,0.0,0.0,0.0
2015-02-03,1.03138605,0.0,0.0,0.0
2015-02-04,1.03138605,0.0,0.0,0.0
2015-02-05,1.03138605,0.0,0.0,0.0
2015-02-06,1.03138605,0.0,0.0,0.0
2015-02-09,1.03138605,0.0,0.0,0.0
2015-02-10,1.03138605,0.0,0.0,0.0
2015-02-11,1.03138605,0.0,0.0,0.0
2015-02-12,1.03138605,0.0,0.0,0.0
2015-02-13,1.03138605,0.0,0.0,0.0
2015-02-16,1.03138605,0.0,0.0,0.0
2015-02-17,1.03138605,0.0,0.0,0.0
2015-02-25,1.03138605,0.0,0.0,0.0
2015-02-26,1.03138605,0.0,0.0,0.0
2015-02-27,1.03138605,0.0,0.0,0.0
2015-03-02,1.03138605,0.0,0.0,0.0
2015-03-03,1.03138605,0.0,0.0,0.0
2015-03-04,1.03138605,0.0,0.0,0.0
2015-03-05,1.03138605,0.0,0.0,0.0
2015-03-06,1.03138605,0.0,0.0,0.0
2015-03-09,1.03138605,0.0,0.0,0.0
2015-03-10,1.03138605,0.0,0.0,0.0
2015-03-11,1.03138605,0.0,0.0,0.0
2015-03-12,1.03138605,0.0,0.0,0.0
2015-03-13,1.03138605,0.0,0.0,0.0
2015-03-16,1.03138605,0.0,0.0,0.0
2015-03-17,1.03138605,0.0,0.0,0.0
2015-03-18,1.03138605,0.0,0.0,0.0
2015-03-19,1.03138605,0.0,0.0,0.0
2015-03-20,1.03138605,0.0,0.0,0.0
2015-03-23,1.03138605,0.0,0.0,0.0
2015-03-24,1.03138605,0.0,0.0,0.0
2015-03-25,1.03138605,0.0,0.0,0.0
2015-03-26,1.03138605,0.0,0.0,0.0
2015-03-27,1.03138605,0.0,0.0,0.0
2015-03-30,1.03138605,0.0,0.0,0.0
2015-03-31,1.03138605,0.0,0.0,0.0
2015-04-01,1.03138605,0.0,0.0,0.0
2015-04-02,1.03138605,0.0,0.0,0.0
2015-04-03,1.03138605,0.0,0.0,0.0
2015-04-07,1.03138605,0.0,0.0,0.0
2015-04-08,1.03138605,0.0,0.0,0.0
2015-04-09,1.03138605,0.0,0.0,0.0
2015-04-10,1.03138605,0.0,0.0,0.0
2015-04-13,1.03138605,0.0,0.0,0.0
2015-04-14,1.03138605,0.0,0.0,0.0
2015-04-15,1.03138605,0.0,0.0,0.0
2015-04-16,1.03040385,0.9997861,-98220.0,0.06791999758153079
2015-04-17,1.02620505,1.0000363,-419880.0,0.06821496444594577
2015-04-20,1.03199905,1.00003965,579400.0,0.06783220924476627
2015-04-21,1.03759885,0.99973485,559980.0,0.0674455638612167
2015-04-22,1.0381706,1.0004057,57175.0,0.06745365260776988
2015-04-23,1.03731675,0.9998793,-85385.0,0.06747365353928779
2015-04-24,1.0313604,1.00045245,-595635.0,0.06790223039395346
2015-04-27,1.02602485,1.000019,-533555.0,0.06822576470735578
2015-04-28,1.0306664,1.0002281,464155.0,0.06793271518310873
2015-04-29,1.03225065,0.9999321,158425.0,0.06780838258614805
2015-04-30,1.0336462,1.0000854,139555.0,0.0677272145923818
2015-05-04,1.0292648,0.99930555,-438140.0,0.06796248011201783
2015-05-05,1.03029325,0.0,102845.0,0.0
2015-05-06,1.03029325,0.0,0.0,0.0
2015-05-07,1.03029325,0.0,0.0,0.0
2015-05-08,1.03029325,0.0,0.0,0.0
2015-05-11,1.03029325,0.0,0.0,0.0
2015-05-12,1.03029325,0.0,0.0,0.0
2015-05-13,1.03029325,0.0,0.0,0.0
2015-05-14,1.03029325,0.0,0.0,0.0
2015-05-15,1.03029325,0.0,0.0,0.0
2015-05-18,1.03029325,0.0,0.0,0.0
2015-05-19,1.03029325,0.0,0.0,0.0
2015-05-20,1.03029325,0.0,0.0,0.0
2015-05-21,1.03029325,0.0,0.0,0.0
2015-05-22,1.03029325,0.0,0.0,0.0
2015-05-25,1.03029325,0.0,0.0,0.0
2015-05-26,1.03029325,0.0,0.0,0.0
2015-05-27,1.03029325,0.0,0.0,0.0
2015-05-28,1.03029325,0.0,0.0,0.0
2015-05-29,1.03029325,0.0,0.0,0.0
2015-06-01,1.03029325,0.0,0.0,0.0
2015-06-02,1.03029325,0.0,0.0,0.0
2015-06-03,1.03029325,0.0,0.0,0.0
2015-06-04,1.03029325,0.0,0.0,0.0
2015-06-05,1.03029325,0.0,0.0,0.0
2015-06-08,1.03029325,0.0,0.0,0.0
2015-06-09,1.03029325,0.0,0.0,0.0
2015-06-10,1.03029325,0.0,0.0,0.0
2015-06-11,1.03029325,0.0,0.0,0.0
2015-06-12,1.03029325,0.0,0.0,0.0
2015-06-15,1.03029325,0.0,0.0,0.0
2015-06-16,1.03029325,0.0,0.0,0.0
2015-06-17,1.03029325,0.0,0.0,0.0
2015-06-18,1.03029325,0.0,0.0,0.0
2015-06-19,1.03029325,0.0,0.0,0.0
2015-06-23,1.03029325,0.0,0.0,0.0
2015-06-24,1.03029325,0.0,0.0,0.0
2015-06-25,1.03029325,0.0,0.0,0.0
2015-06-26,1.03029325,0.0,0.0,0.0
2015-06-29,1.03029325,0.0,0.0,0.0
2015-06-30,1.03029325,0.0,0.0,0.0
2015-07-01,1.03029325,0.0,0.0,0.0
2015-07-02,1.03029325,0.0,0.0,0.0
2015-07-03,1.03029325,0.0,0.0,0.0
2015-07-06,1.03029325,0.0,0.0,0.0
2015-07-07,1.03029325,0.0,0.0,0.0
2015-07-08,1.03029325,0.0,0.0,0.0
2015-07-09,1.03029325,0.0,0.0,0.0
2015-07-10,1.03029325,0.0,0.0,0.0
2015-07-13,1.03029325,0.0,0.0,0.0
2015-07-14,1.03029325,0.0,0.0,0.0
2015-07-15,1.03029325,0.0,0.0,0.0
2015-07-16,1.03029325,0.0,0.0,0.0
2015-07-17,1.03029325,0.0,0.0,0.0
2015-07-20,1.03029325,0.0,0.0,0.0
2015-07-21,1.03029325,0.0,0.0,0.0
2015-07-22,1.03029325,0.0,0.0,0.0
2015-07-23,1.03029325,0.0,0.0,0.0
2015-07-24,1.03029325,0.0,0.0,0.0
2015-07-27,1.03029325,0.0,0.0,0.0
2015-07-28,1.03029325,0.0,0.0,0.0
2015-07-29,1.03029325,0.0,0.0,0.0
2015-07-30,1.03029325,0.0,0.0,0.0
2015-07-31,1.03029325,0.0,0.0,0.0
2015-08-03,1.03029325,0.0,0.0,0.0
2015-08-04,1.03029325,0.0,0.0,0.0
2015-08-05,1.03029325,0.0,0.0,0.0
2015-08-06,1.03029325,0.0,0.0,0.0
2015-08-07,1.03029325,0.0,0.0,0.0
2015-08-10,1.03029325,0.0,0.0,0.0
2015-08-11,1.03029325,0.0,0.0,0.0
2015-08-12,1.03029325,0.0,0.0,0.0
2015-08-13,1.03029325,0.0,0.0,0.0
2015-08-14,1.03029325,0.0,0.0,0.0
2015-08-17,1.03029325,0.0,0.0,0.0
2015-08-18,1.03281975,0.9999024,252650.0,0.06776900616007779
2015-08-19,1.02887165,0.9996774,-394810.0,0.0680137488480706
2015-08-20,1.0338573,1.0000139,498565.0,0.06770854449642132
2015-08-21,1.0341218,0.99995645,26450.0,0.06768733770045271
2015-08-24,1.03299825,0.9998057,-112355.0,0.06775074304336914
2015-08-25,1.0526501,0.9996713,1965185.0,0.06647697178768142
2015-08-26,1.0545826,0.9998525,193250.0,0.0663671816697905
2015-08-27,1.04846095,0.9998251,-612165.0,0.06675285045189332
2015-08-28,1.05086565,0.9999282,240470.0,0.06660696731309088
2015-08-31,1.05898415,1.0000347,811850.0,0.06610337746792529
2015-09-01,1.01334175,1.0002617,-4564240.0,0.06909645141927687
2015-09-02,1.01099545,0.0,-234630.0,0.0
2015-09-07,1.01099545,0.0,0.0,0.0
2015-09-08,1.01099545,0.0,0.0,0.0
2015-09-09,1.01099545,0.0,0.0,0.0
2015-09-10,1.01099545,0.0,0.0,0.0
2015-09-11,1.01099545,0.0,0.0,0.0
2015-09-14,1.01099545,0.0,0.0,0.0
2015-09-15,1.01099545,0.0,0.0,0.0
2015-09-16,1.00560665,0.9999698,-538880.0,0.06960762043488875
2015-09-17,1.00562675,1.0001244,2010.0,0.06961699059815185
2015-09-18,1.00713135,1.000012,150460.0,0.06950517427543092
2015-09-21,1.01214735,0.9999555,501600.0,0.06915681298775321
2015-09-22,1.01423375,0.9999953,208640.0,0.06901729606217503
2015-09-23,1.01163775,1.0000935,-259600.0,0.06920119874925586
2015-09-24,1.02025015,0.9999983,861240.0,0.0686105079229834
2015-09-25,1.02605075,0.999915,580060.0,0.06821694735859801
2015-09-28,1.04482645,1.0000353,1877570.0,0.06699913751226341
2015-09-29,1.05029785,0.9998884,547140.0,0.06664032302836763
2015-09-30,1.09487765,1.000122,4457980.0,0.06394188428268675
2015-10-08,1.0535302500000001,0.9998982,-4134740.0,0.06643651095922495
2015-10-09,1.05299065,0.0,-53960.0,0.0
2015-10-12,1.05299065,0.0,0.0,0.0
2015-10-13,1.05299065,0.0,0.0,0.0
2015-10-14,1.05299065,0.0,0.0,0.0
2015-10-15,1.05299065,0.0,0.0,0.0
2015-10-16,1.05299065,0.0,0.0,0.0
2015-10-19,1.05299065,0.0,0.0,0.0
2015-10-20,1.05299065,0.0,0.0,0.0
2015-10-21,1.05299065,0.0,0.0,0.0
2015-10-22,1.05299065,0.0,0.0,0.0
2015-10-23,1.05299065,0.0,0.0,0.0
2015-10-26,1.05299065,0.0,0.0,0.0
2015-10-27,1.05299065,0.0,0.0,0.0
2015-10-28,1.05299065,0.0,0.0,0.0
2015-10-29,1.05299065,0.0,0.0,0.0
2015-10-30,1.05299065,0.0,0.0,0.0
2015-11-02,1.05299065,0.0,0.0,0.0
2015-11-03,1.05299065,0.0,0.0,0.0
2015-11-04,1.05299065,0.0,0.0,0.0
2015-11-05,1.05299065,0.0,0.0,0.0
2015-11-06,1.05299065,0.0,0.0,0.0
2015-11-09,1.05299065,0.0,0.0,0.0
2015-11-10,1.05299065,0.0,0.0,0.0
2015-11-11,1.05299065,0.0,0.0,0.0
2015-11-12,1.05299065,0.0,0.0,0.0
2015-11-13,1.05299065,0.0,0.0,0.0
2015-11-16,1.05299065,0.0,0.0,0.0
2015-11-17,1.05299065,0.0,0.0,0.0
2015-11-18,1.05299065,0.0,0.0,0.0
2015-11-19,1.05299065,0.0,0.0,0.0
2015-11-20,1.05299065,0.0,0.0,0.0
2015-11-23,1.05299065,0.0,0.0,0.0
2015-11-24,1.05299065,0.0,0.0,0.0
2015-11-25,1.05299065,0.0,0.0,0.0
2015-11-26,1.05299065,0.0,0.0,0.0
2015-11-27,1.05299065,0.0,0.0,0.0
2015-11-30,1.05299065,0.0,0.0,0.0
2015-12-01,1.05299065,0.0,0.0,0.0
2015-12-02,1.05299065,0.0,0.0,0.0
2015-12-03,1.05299065,0.0,0.0,0.0
2015-12-04,1.05299065,0.0,0.0,0.0
2015-12-07,1.05299065,0.0,0.0,0.0
2015-12-08,1.05299065,0.0,0.0,0.0
2015-12-09,1.05299065,0.0,0.0,0.0
2015-12-10,1.05299065,0.0,0.0,0.0
2015-12-11,1.05299065,0.0,0.0,0.0
2015-12-14,1.05299065,0.0,0.0,0.0
2015-12-15,1.05299065,0.0,0.0,0.0
2015-12-16,1.05299065,0.0,0.0,0.0
2015-12-17,1.0488057,1.00036085,-418495.0,0.06676666564645864
2015-12-18,1.0467741,0.999486,-203160.0,0.0668377446480573
2015-12-21,1.044429,1.000084,-234510.0,0.06702789754018704
2015-12-22,1.04697015,1.0001236,254115.0,0.0668678586490742
2015-12-23,1.0475157,1.00019805,54555.0,0.06683800872865199
2015-12-24,1.05520195,0.9995334,768625.0,0.06630705904211039
2015-12-25,1.05303595,1.0002379,-216600.0,0.06649027794350232
2015-12-28,1.04982715,0.9999181,-320880.0,0.06667218217779947
2015-12-29,1.04593855,0.99979435,-388860.0,0.06691177459708318
2015-12-30,1.0487504,0.9995701,281185.0,0.06671740673471972
2015-12-31,1.0425985,0.99959645,-615190.0,0.0671128449734006
2016-01-04,1.062252,0.9994383,1965350.0,0.06586071949029045
2016-01-05,1.0618979,0.0,-35410.0,0.0
2016-01-06,1.0618979,0.0,0.0,0.0
2016-01-07,1.0618979,0.0,0.0,0.0
2016-01-08,1.0618979,0.0,0.0,0.0
2016-01-11,1.0618979,0.0,0.0,0.0
2016-01-12,1.0618979,0.0,0.0,0.0
2016-01-13,1.0618979,0.0,0.0,0.0
2016-01-14,1.0618979,0.0,0.0,0.0
2016-01-15,1.0618979,0.0,0.0,0.0
2016-01-18,1.0618979,0.0,0.0,0.0
2016-01-19,1.0618979,0.0,0.0,0.0
2016-01-20,1.0618979,0.0,0.0,0.0
2016-01-21,1.0618979,0.0,0.0,0.0
2016-01-22,1.0618979,0.0,0.0,0.0
2016-01-25,1.0618979,0.0,0.0,0.0
2016-01-26,1.0618979,0.0,0.0,0.0
2016-01-27,1.0618979,0.0,0.0,0.0
2016-01-28,1.0618979,0.0,0.0,0.0
2016-01-29,1.0618979,0.0,0.0,0.0
2016-02-01,1.0618979,0.0,0.0,0.0
2016-02-02,1.0618979,0.0,0.0,0.0
2016-02-03,1.0618979,0.0,0.0,0.0
2016-02-04,1.0618979,0.0,0.0,0.0
2016-02-05,1.0618979,0.0,0.0,0.0
2016-02-15,1.0618979,0.0,0.0,0.0
2016-02-16,1.0618979,0.0,0.0,0.0
2016-02-17,1.0618979,0.0,0.0,0.0
2016-02-18,1.0618979,0.0,0.0,0.0
2016-02-19,1.0618979,0.0,0.0,0.0
2016-02-22,1.0618979,0.0,0.0,0.0
2016-02-23,1.0618979,0.0,0.0,0.0
2016-02-24,1.0618979,0.0,0.0,0.0
2016-02-25,1.0618979,0.0,0.0,0.0
2016-02-26,1.0618979,0.0,0.0,0.0
2016-02-29,1.0618979,0.0,0.0,0.0
2016-03-01,1.0618979,0.0,0.0,0.0
2016-03-02,1.0618979,0.0,0.0,0.0
2016-03-03,1.0618979,0.0,0.0,0.0
2016-03-04,1.0618979,0.0,0.0,0.0
2016-03-07,1.0618979,0.0,0.0,0.0
2016-03-08,1.0618979,0.0,0.0,0.0
2016-03-09,1.0618979,0.0,0.0,0.0
2016-03-10,1.0618979,0.0,0.0,0.0
2016-03-11,1.0618979,0.0,0.0,0.0
2016-03-14,1.0618979,0.0,0.0,0.0
2016-03-15,1.0618979,0.0,0.0,0.0
2016-03-16,1.0618979,0.0,0.0,0.0
2016-03-17,1.0618979,0.0,0.0,0.0
2016-03-18,1.0618979,0.0,0.0,0.0
2016-03-21,1.0618979,0.0,0.0,0.0
2016-03-22,1.0618979,0.0,0.0,0.0
2016-03-23,1.0618979,0.0,0.0,0.0
2016-03-24,1.0618979,0.0,0.0,0.0
2016-03-25,1.0618979,0.0,0.0,0.0
2016-03-28,1.0618979,0.0,0.0,0.0
2016-03-29,1.0618979,0.0,0.0,0.0
2016-03-30,1.0618979,0.0,0.0,0.0
2016-03-31,1.0618979,0.0,0.0,0.0
2016-04-01,1.0618979,0.0,0.0,0.0
2016-04-05,1.0618979,0.0,0.0,0.0
2016-04-06,1.0618979,0.0,0.0,0.0
2016-04-07,1.0618979,0.0,0.0,0.0
2016-04-08,1.0618979,0.0,0.0,0.0
2016-04-11,1.0618979,0.0,0.0,0.0
2016-04-12,1.0618979,0.0,0.0,0.0
2016-04-13,1.0618979,0.0,0.0,0.0
2016-04-14,1.0618979,0.0,0.0,0.0
2016-04-15,1.0618979,0.0,0.0,0.0
2016-04-18,1.0618979,0.0,0.0,0.0
2016-04-19,1.0618979,0.0,0.0,0.0
2016-04-20,1.0618979,0.0,0.0,0.0
2016-04-21,1.0618979,0.0,0.0,0.0
2016-04-22,1.0618979,0.0,0.0,0.0
2016-04-25,1.0618979,0.0,0.0,0.0
2016-04-26,1.0618979,0.0,0.0,0.0
2016-04-27,1.0618979,0.0,0.0,0.0
2016-04-28,1.0618979,0.0,0.0,0.0
2016-04-29,1.0618979,0.0,0.0,0.0
2016-05-03,1.0618979,0.0,0.0,0.0
2016-05-04,1.0618979,0.0,0.0,0.0
2016-05-05,1.0618979,0.0,0.0,0.0
2016-05-06,1.0618979,0.0,0.0,0.0
2016-05-09,1.0618979,0.0,0.0,0.0
2016-05-10,1.0618979,0.0,0.0,0.0
2016-05-11,1.0618979,0.0,0.0,0.0
2016-05-12,1.0618979,0.0,0.0,0.0
2016-05-13,1.0618979,0.0,0.0,0.0
2016-05-16,1.0618979,0.0,0.0,0.0
2016-05-17,1.0618979,0.0,0.0,0.0
2016-05-18,1.0618979,0.0,0.0,0.0
2016-05-19,1.0618979,0.0,0.0,0.0
2016-05-20,1.0618979,0.0,0.0,0.0
2016-05-23,1.0618979,0.0,0.0,0.0
2016-05-24,1.0618979,0.0,0.0,0.0
2016-05-25,1.0618979,0.0,0.0,0.0
2016-05-26,1.0618979,0.0,0.0,0.0
2016-05-27,1.0618979,0.0,0.0,0.0
2016-05-30,1.0618979,0.0,0.0,0.0
2016-05-31,1.0618979,0.0,0.0,0.0
2016-06-01,1.0618979,0.0,0.0,0.0
2016-06-02,1.0618979,0.0,0.0,0.0
2016-06-03,1.0618979,0.0,0.0,0.0
2016-06-06,1.0618979,0.0,0.0,0.0
2016-06-07,1.0618979,0.0,0.0,0.0
2016-06-08,1.0618979,0.0,0.0,0.0
2016-06-13,1.0618979,0.0,0.0,0.0
2016-06-14,1.0618979,0.0,0.0,0.0
2016-06-15,1.0618979,0.0,0.0,0.0
2016-06-16,1.0618979,0.0,0.0,0.0
2016-06-17,1.0618979,0.0,0.0,0.0
2016-06-20,1.0618979,0.0,0.0,0.0
2016-06-21,1.0618979,0.0,0.0,0.0
2016-06-22,1.0618979,0.0,0.0,0.0
2016-06-23,1.0618979,0.0,0.0,0.0
2016-06-24,1.0618979,0.0,0.0,0.0
2016-06-27,1.0618979,0.0,0.0,0.0
2016-06-28,1.0618979,0.0,0.0,0.0
2016-06-29,1.0618979,0.0,0.0,0.0
2016-06-30,1.0618979,0.0,0.0,0.0
2016-07-01,1.0618979,0.0,0.0,0.0
2016-07-04,1.0618979,0.0,0.0,0.0
2016-07-05,1.0618979,0.0,0.0,0.0
2016-07-06,1.0618979,0.0,0.0,0.0
2016-07-07,1.0618979,0.0,0.0,0.0
2016-07-08,1.0618979,0.0,0.0,0.0
2016-07-11,1.0618979,0.0,0.0,0.0
2016-07-12,1.0618979,0.0,0.0,0.0
2016-07-13,1.0618979,0.0,0.0,0.0
2016-07-14,1.0618979,0.0,0.0,0.0
2016-07-15,1.0618979,0.0,0.0,0.0
2016-07-18,1.0618979,0.0,0.0,0.0
2016-07-19,1.0618979,0.0,0.0,0.0
2016-07-20,1.0618979,0.0,0.0,0.0
2016-07-21,1.0618979,0.0,0.0,0.0
2016-07-22,1.0618979,0.0,0.0,0.0
2016-07-25,1.0618979,0.0,0.0,0.0
2016-07-26,1.0618979,0.0,0.0,0.0
2016-07-27,1.0618979,0.0,0.0,0.0
2016-07-28,1.0618979,0.0,0.0,0.0
2016-07-29,1.0618979,0.0,0.0,0.0
2016-08-01,1.0618979,0.0,0.0,0.0
2016-08-02,1.0618979,0.0,0.0,0.0
2016-08-03,1.0618979,0.0,0.0,0.0
2016-08-04,1.0618979,0.0,0.0,0.0
2016-08-05,1.0618979,0.0,0.0,0.0
2016-08-08,1.0618979,0.0,0.0,0.0
2016-08-09,1.0618979,0.0,0.0,0.0
2016-08-10,1.0618979,0.0,0.0,0.0
2016-08-11,1.0618979,0.0,0.0,0.0
2016-08-12,1.0618979,0.0,0.0,0.0
2016-08-15,1.0618979,0.0,0.0,0.0
2016-08-16,1.066069,0.9998783,417110.0,0.06565380008235865
2016-08-17,1.06095485,0.9996216,-511415.0,0.06595333628005
2016-08-18,1.0674716499999999,1.0008274,651680.0,0.06562976918403408
2016-08-19,1.06854735,1.0005287,107570.0,0.0655441324149089
2016-08-22,1.06401065,0.9996083,-453670.0,0.0657630456988377
2016-08-23,1.06803235,1.0002349,402170.0,0.06555648150545253
2016-08-24,1.07067465,0.99970725,264230.0,0.06536019835717602
2016-08-25,1.07019915,0.99960285,-47550.0,0.06538240990006394
2016-08-26,1.06673565,1.00032535,-346350.0,0.06564210589568278
2016-08-29,1.0646704,1.0002379,-206525.0,0.065763688931335
2016-08-30,1.06184295,0.9998191,-282745.0,0.0659111943060883
2016-08-31,1.0631901,0.9992768,134715.0,0.06579197454904818
2016-09-01,1.000691,0.9999827,-6249910.0,0.06995045323681337
2016-09-02,1.00046835,0.0,-22265.0,0.0
2016-09-05,1.00046835,0.0,0.0,0.0
2016-09-06,1.00046835,0.0,0.0,0.0
2016-09-07,1.00046835,0.0,0.0,0.0
2016-09-08,1.00046835,0.0,0.0,0.0
2016-09-09,1.00046835,0.0,0.0,0.0
2016-09-12,1.00046835,0.0,0.0,0.0
2016-09-13,1.00046835,0.0,0.0,0.0
2016-09-14,1.00046835,0.0,0.0,0.0
2016-09-19,1.00046835,0.0,0.0,0.0
2016-09-20,1.00046835,0.0,0.0,0.0
2016-09-21,1.00046835,0.0,0.0,0.0
2016-09-22,1.00046835,0.0,0.0,0.0
2016-09-23,1.00046835,0.0,0.0,0.0
2016-09-26,1.00046835,0.0,0.0,0.0
2016-09-27,1.00046835,0.0,0.0,0.0
2016-09-28,1.00046835,0.0,0.0,0.0
2016-09-29,1.00046835,0.0,0.0,0.0
2016-09-30,1.00046835,0.0,0.0,0.0
2016-10-10,1.00046835,0.0,0.0,0.0
2016-10-11,1.00046835,0.0,0.0,0.0
2016-10-12,1.00046835,0.0,0.0,0.0
2016-10-13,1.00046835,0.0,0.0,0.0
2016-10-14,1.00046835,0.0,0.0,0.0
2016-10-17,1.00046835,0.0,0.0,0.0
2016-10-18,1.00046835,0.0,0.0,0.0
2016-10-19,1.00046835,0.0,0.0,0.0
2016-10-20,1.00046835,0.0,0.0,0.0
2016-10-21,1.00046835,0.0,0.0,0.0
2016-10-24,1.00046835,0.0,0.0,0.0
2016-10-25,1.00046835,0.0,0.0,0.0
2016-10-26,1.00046835,0.0,0.0,0.0
2016-10-27,1.00046835,0.0,0.0,0.0
2016-10-28,1.00046835,0.0,0.0,0.0
2016-10-31,1.00046835,0.0,0.0,0.0
2016-11-01,1.00046835,0.0,0.0,0.0
2016-11-02,1.00046835,0.0,0.0,0.0
2016-11-03,1.00046835,0.0,0.0,0.0
2016-11-04,1.00046835,0.0,0.0,0.0
2016-11-07,1.00046835,0.0,0.0,0.0
2016-11-08,1.00046835,0.0,0.0,0.0
2016-11-09,1.00046835,0.0,0.0,0.0
2016-11-10,1.00046835,0.0,0.0,0.0
2016-11-11,1.00046835,0.0,0.0,0.0
2016-11-14,1.00046835,0.0,0.0,0.0
2016-11-15,1.00046835,0.0,0.0,0.0
2016-11-16,1.00046835,0.0,0.0,0.0
2016-11-17,1.00046835,0.0,0.0,0.0
2016-11-18,1.00046835,0.0,0.0,0.0
2016-11-21,1.00046835,0.0,0.0,0.0
2016-11-22,1.00046835,0.0,0.0,0.0
2016-11-23,1.00046835,0.0,0.0,0.0
2016-11-24,1.00046835,0.0,0.0,0.0
2016-11-25,1.00046835,0.0,0.0,0.0
2016-11-28,1.00046835,0.0,0.0,0.0
2016-11-29,1.00046835,0.0,0.0,0.0
2016-11-30,1.00046835,0.0,0.0,0.0
2016-12-01,1.00046835,0.0,0.0,0.0
2016-12-02,1.00046835,0.0,0.0,0.0
2016-12-05,1.00046835,0.0,0.0,0.0
2016-12-06,1.00046835,0.0,0.0,0.0
2016-12-07,1.00046835,0.0,0.0,0.0
2016-12-08,1.00046835,0.0,0.0,0.0
2016-12-09,1.00046835,0.0,0.0,0.0
2016-12-12,1.00046835,0.0,0.0,0.0
2016-12-13,1.00046835,0.0,0.0,0.0
2016-12-14,1.00046835,0.0,0.0,0.0
2016-12-15,1.00046835,0.0,0.0,0.0
2016-12-16,1.00046835,0.0,0.0,0.0
2016-12-19,1.00046835,0.0,0.0,0.0
2016-12-20,1.00046835,0.0,0.0,0.0
2016-12-21,1.00046835,0.0,0.0,0.0
2016-12-22,1.00046835,0.0,0.0,0.0
2016-12-23,1.00046835,0.0,0.0,0.0
2016-12-26,1.00046835,0.0,0.0,0.0
2016-12-27,1.00046835,0.0,0.0,0.0
2016-12-28,1.00046835,0.0,0.0,0.0
2016-12-29,1.00046835,0.0,0.0,0.0
2016-12-30,1.00046835,0.0,0.0,0.0
2017-01-03,1.00046835,0.0,0.0,0.0
2017-01-04,1.00046835,0.0,0.0,0.0
2017-01-05,1.00046835,0.0,0.0,0.0
2017-01-06,1.00046835,0.0,0.0,0.0
2017-01-09,1.00046835,0.0,0.0,0.0
2017-01-10,1.00046835,0.0,0.0,0.0
2017-01-11,1.00046835,0.0,0.0,0.0
2017-01-12,1.00046835,0.0,0.0,0.0
2017-01-13,1.00046835,0.0,0.0,0.0
2017-01-16,1.00046835,0.0,0.0,0.0
2017-01-17,1.00046835,0.0,0.0,0.0
2017-01-18,1.00046835,0.0,0.0,0.0
2017-01-19,1.00046835,0.0,0.0,0.0
2017-01-20,1.00046835,0.0,0.0,0.0
2017-01-23,1.00046835,0.0,0.0,0.0
2017-01-24,1.00046835,0.0,0.0,0.0
2017-01-25,1.00046835,0.0,0.0,0.0
2017-01-26,1.00046835,0.0,0.0,0.0
2017-02-03,1.00046835,0.0,0.0,0.0
2017-02-06,1.00046835,0.0,0.0,0.0
2017-02-07,1.00046835,0.0,0.0,0.0
2017-02-08,1.00046835,0.0,0.0,0.0
2017-02-09,1.00046835,0.0,0.0,0.0
2017-02-10,1.00046835,0.0,0.0,0.0
2017-02-13,1.00046835,0.0,0.0,0.0
2017-02-14,1.00046835,0.0,0.0,0.0
2017-02-15,1.00046835,0.0,0.0,0.0
2017-02-16,1.00046835,0.0,0.0,0.0
2017-02-17,1.00046835,0.0,0.0,0.0
2017-02-20,1.00046835,0.0,0.0,0.0
2017-02-21,1.00046835,0.0,0.0,0.0
2017-02-22,1.00046835,0.0,0.0,0.0
2017-02-23,1.00046835,0.0,0.0,0.0
2017-02-24,1.00046835,0.0,0.0,0.0
2017-02-27,1.00046835,0.0,0.0,0.0
2017-02-28,1.00046835,0.0,0.0,0.0
2017-03-01,1.00046835,0.0,0.0,0.0
2017-03-02,1.00046835,0.0,0.0,0.0
2017-03-03,1.00046835,0.0,0.0,0.0
2017-03-06,1.00046835,0.0,0.0,0.0
2017-03-07,1.00046835,0.0,0.0,0.0
2017-03-08,1.00046835,0.0,0.0,0.0
2017-03-09,1.00046835,0.0,0.0,0.0
2017-03-10,1.00046835,0.0,0.0,0.0
2017-03-13,1.00046835,0.0,0.0,0.0
2017-03-14,1.00046835,0.0,0.0,0.0
2017-03-15,1.00046835,0.0,0.0,0.0
2017-03-16,1.00046835,0.0,0.0,0.0
2017-03-17,1.00046835,0.0,0.0,0.0
2017-03-20,1.00046835,0.0,0.0,0.0
2017-03-21,1.00046835,0.0,0.0,0.0
2017-03-22,1.00046835,0.0,0.0,0.0
2017-03-23,1.00046835,0.0,0.0,0.0
2017-03-24,1.00046835,0.0,0.0,0.0
2017-03-27,1.00046835,0.0,0.0,0.0
2017-03-28,1.00046835,0.0,0.0,0.0
2017-03-29,1.00046835,0.0,0.0,0.0
2017-03-30,1.00046835,0.0,0.0,0.0
2017-03-31,1.00046835,0.0,0.0,0.0
2017-04-05,1.00046835,0.0,0.0,0.0
2017-04-06,1.00046835,0.0,0.0,0.0
2017-04-07,1.00046835,0.0,0.0,0.0
2017-04-10,1.00046835,0.0,0.0,0.0
2017-04-11,1.00046835,0.0,0.0,0.0
2017-04-12,1.00046835,0.0,0.0,0.0
2017-04-13,1.00046835,0.0,0.0,0.0
2017-04-14,1.00046835,0.0,0.0,0.0
2017-04-17,1.00046835,0.0,0.0,0.0
2017-04-18,1.00046835,0.0,0.0,0.0
2017-04-19,1.00046835,0.0,0.0,0.0
2017-04-20,1.00046835,0.0,0.0,0.0
2017-04-21,1.00046835,0.0,0.0,0.0
2017-04-24,1.00046835,0.0,0.0,0.0
2017-04-25,1.00046835,0.0,0.0,0.0
2017-04-26,1.00046835,0.0,0.0,0.0
2017-04-27,1.00046835,0.0,0.0,0.0
2017-04-28,1.00046835,0.0,0.0,0.0
2017-05-02,1.00046835,0.0,0.0,0.0
2017-05-03,1.00046835,0.0,0.0,0.0
2017-05-04,1.00046835,0.0,0.0,0.0
2017-05-05,1.00046835,0.0,0.0,0.0
2017-05-08,1.00046835,0.0,0.0,0.0
2017-05-09,1.00046835,0.0,0.0,0.0
2017-05-10,1.00046835,0.0,0.0,0.0
2017-05-11,1.00046835,0.0,0.0,0.0
2017-05-12,1.00046835,0.0,0.0,0.0
2017-05-15,1.00046835,0.0,0.0,0.0
2017-05-16,1.00046835,0.0,0.0,0.0
2017-05-17,1.00046835,0.0,0.0,0.0
2017-05-18,1.00046835,0.0,0.0,0.0
2017-05-19,1.00046835,0.0,0.0,0.0
2017-05-22,1.00046835,0.0,0.0,0.0
2017-05-23,1.00046835,0.0,0.0,0.0
2017-05-24,1.00046835,0.0,0.0,0.0
2017-05-25,1.00046835,0.0,0.0,0.0
2017-05-26,1.00046835,0.0,0.0,0.0
2017-05-31,1.00046835,0.0,0.0,0.0
2017-06-01,1.00046835,0.0,0.0,0.0
2017-06-02,1.00046835,0.0,0.0,0.0
2017-06-05,1.00046835,0.0,0.0,0.0
2017-06-06,1.00046835,0.0,0.0,0.0
2017-06-07,1.00046835,0.0,0.0,0.0
2017-06-08,1.00046835,0.0,0.0,0.0
2017-06-09,1.00046835,0.0,0.0,0.0
2017-06-12,1.00046835,0.0,0.0,0.0
2017-06-13,1.00046835,0.0,0.0,0.0
2017-06-14,1.00046835,0.0,0.0,0.0
2017-06-15,1.00046835,0.0,0.0,0.0
2017-06-16,1.00046835,0.0,0.0,0.0
2017-06-19,1.00046835,0.0,0.0,0.0
2017-06-20,1.00046835,0.0,0.0,0.0
2017-06-21,1.00046835,0.0,0.0,0.0
2017-06-22,1.00046835,0.0,0.0,0.0
2017-06-23,1.00046835,0.0,0.0,0.0
2017-06-26,1.00046835,0.0,0.0,0.0
2017-06-27,1.00046835,0.0,0.0,0.0
2017-06-28,1.00046835,0.0,0.0,0.0
2017-06-29,1.00046835,0.0,0.0,0.0
2017-06-30,1.00046835,0.0,0.0,0.0
2017-07-03,1.00046835,0.0,0.0,0.0
2017-07-04,1.00046835,0.0,0.0,0.0
2017-07-05,1.00046835,0.0,0.0,0.0
2017-07-06,1.00046835,0.0,0.0,0.0
2017-07-07,1.00046835,0.0,0.0,0.0
2017-07-10,1.00046835,0.0,0.0,0.0
2017-07-11,1.00046835,0.0,0.0,0.0
2017-07-12,1.00046835,0.0,0.0,0.0
2017-07-13,1.00046835,0.0,0.0,0.0
2017-07-14,1.00046835,0.0,0.0,0.0
2017-07-17,1.00046835,0.0,0.0,0.0
2017-07-18,1.00046835,0.0,0.0,0.0
2017-07-19,1.00046835,0.0,0.0,0.0
2017-07-20,1.00046835,0.0,0.0,0.0
2017-07-21,1.00046835,0.0,0.0,0.0
2017-07-24,1.00046835,0.0,0.0,0.0
2017-07-25,1.00046835,0.0,0.0,0.0
2017-07-26,1.00046835,0.0,0.0,0.0
2017-07-27,1.00046835,0.0,0.0,0.0
2017-07-28,1.00046835,0.0,0.0,0.0
2017-07-31,1.00046835,0.0,0.0,0.0
2017-08-01,1.00046835,0.0,0.0,0.0
2017-08-02,1.00046835,0.0,0.0,0.0
2017-08-03,1.00046835,0.0,0.0,0.0
2017-08-04,1.00046835,0.0,0.0,0.0
2017-08-07,1.00046835,0.0,0.0,0.0
2017-08-08,1.00046835,0.0,0.0,0.0
2017-08-09,1.00046835,0.0,0.0,0.0
2017-08-10,1.00046835,0.0,0.0,0.0
2017-08-11,1.00046835,0.0,0.0,0.0
2017-08-14,1.00046835,0.0,0.0,0.0
2017-08-15,1.00046835,0.0,0.0,0.0
2017-08-16,1.0022373,1.0002437,176895.0,0.06986075952271982
2017-08-17,0.9957994,1.00030085,-643790.0,0.07031643069879336
2017-08-18,0.98755995,1.0001101,-823945.0,0.07088957688087695
2017-08-21,0.98742185,1.0001524,-13810.0,0.07090249015656278
2017-08-22,0.98920145,0.9995076,177960.0,0.07072930594673109
2017-08-23,0.99723315,0.9992453,803170.0,0.07014124129347285
2017-08-24,0.99676,0.9989189,-47315.0,0.07015161423010555
2017-08-25,0.9987694,0.9995291,200940.0,0.07005324452270965
2017-08-28,1.0001001,1.00038505,133070.0,0.0700199445035552
2017-08-29,1.0010714,1.0012153,97130.0,0.0700100622193382
2017-08-30,1.0021983,0.99948375,112690.0,0.06981039830141401
2017-08-31,1.00288555,1.00025485,68725.0,0.06981638084226062
2017-09-01,0.9818137,0.9979668,-2107185.0,0.07115166146082502
2017-09-04,0.9853496,0.0,353590.0,0.0
2017-09-05,0.9853496,0.0,0.0,0.0
2017-09-06,0.9853496,0.0,0.0,0.0
2017-09-07,0.9853496,0.0,0.0,0.0
2017-09-08,0.9853496,0.0,0.0,0.0
2017-09-11,0.9853496,0.0,0.0,0.0
2017-09-12,0.9853496,0.0,0.0,0.0
2017-09-13,0.9853496,0.0,0.0,0.0
2017-09-14,0.9853496,0.0,0.0,0.0
2017-09-15,0.9853496,0.0,0.0,0.0
2017-09-18,0.9853496,0.0,0.0,0.0
2017-09-19,0.9853496,0.0,0.0,0.0
2017-09-20,0.9853496,0.0,0.0,0.0
2017-09-21,0.9853496,0.0,0.0,0.0
2017-09-22,0.9853496,0.0,0.0,0.0
2017-09-25,0.9853496,0.0,0.0,0.0
2017-09-26,0.9853496,0.0,0.0,0.0
2017-09-27,0.9853496,0.0,0.0,0.0
2017-09-28,0.9853496,0.0,0.0,0.0
2017-09-29,0.9853496,0.0,0.0,0.0
2017-10-09,0.9853496,0.0,0.0,0.0
2017-10-10,0.9853496,0.0,0.0,0.0
2017-10-11,0.9853496,0.0,0.0,0.0
2017-10-12,0.9853496,0.0,0.0,0.0
2017-10-13,0.9853496,0.0,0.0,0.0
2017-10-16,0.9853496,0.0,0.0,0.0
2017-10-17,0.9853496,0.0,0.0,0.0
2017-10-18,0.9853496,0.0,0.0,0.0
2017-10-19,0.9853496,0.0,0.0,0.0
2017-10-20,0.9853496,0.0,0.0,0.0
2017-10-23,0.9853496,0.0,0.0,0.0
2017-10-24,0.9853496,0.0,0.0,0.0
2017-10-25,0.9853496,0.0,0.0,0.0
2017-10-26,0.9853496,0.0,0.0,0.0
2017-10-27,0.9853496,0.0,0.0,0.0
2017-10-30,0.9853496,0.0,0.0,0.0
2017-10-31,0.9853496,0.0,0.0,0.0
2017-11-01,0.9853496,0.0,0.0,0.0
2017-11-02,0.9853496,0.0,0.0,0.0
2017-11-03,0.9853496,0.0,0.0,0.0
2017-11-06,0.9853496,0.0,0.0,0.0
2017-11-07,0.9853496,0.0,0.0,0.0
2017-11-08,0.9853496,0.0,0.0,0.0
2017-11-09,0.9853496,0.0,0.0,0.0
2017-11-10,0.9853496,0.0,0.0,0.0
2017-11-13,0.9853496,0.0,0.0,0.0
2017-11-14,0.9853496,0.0,0.0,0.0
2017-11-15,0.9853496,0.0,0.0,0.0
2017-11-16,0.9853496,0.0,0.0,0.0
2017-11-17,0.9853496,0.0,0.0,0.0
2017-11-20,0.9853496,0.0,0.0,0.0
2017-11-21,0.9853496,0.0,0.0,0.0
2017-11-22,0.9853496,0.0,0.0,0.0
2017-11-23,0.9853496,0.0,0.0,0.0
2017-11-24,0.9853496,0.0,0.0,0.0
2017-11-27,0.9853496,0.0,0.0,0.0
2017-11-28,0.9853496,0.0,0.0,0.0
2017-11-29,0.9853496,0.0,0.0,0.0
2017-11-30,0.9853496,0.0,0.0,0.0
2017-12-01,0.9853496,0.0,0.0,0.0
2017-12-04,0.9853496,0.0,0.0,0.0
2017-12-05,0.9853496,0.0,0.0,0.0
2017-12-06,0.9853496,0.0,0.0,0.0
2017-12-07,0.9853496,0.0,0.0,0.0
2017-12-08,0.9853496,0.0,0.0,0.0
2017-12-11,0.9853496,0.0,0.0,0.0
2017-12-12,0.9853496,0.0,0.0,0.0
2017-12-13,0.9853496,0.0,0.0,0.0
2017-12-14,0.9853496,0.0,0.0,0.0
2017-12-15,0.9853496,0.0,0.0,0.0
2017-12-18,0.9853496,0.0,0.0,0.0
2017-12-19,0.9853496,0.0,0.0,0.0
2017-12-20,0.9853496,0.0,0.0,0.0
2017-12-21,0.9853496,0.0,0.0,0.0
2017-12-22,0.9853496,0.0,0.0,0.0
2017-12-25,0.9853496,0.0,0.0,0.0
2017-12-26,0.9853496,0.0,0.0,0.0
2017-12-27,0.9853496,0.0,0.0,0.0
2017-12-28,0.9853496,0.0,0.0,0.0
2017-12-29,0.9853496,0.0,0.0,0.0
2018-01-02,0.9853496,0.0,0.0,0.0
2018-01-03,0.9853496,0.0,0.0,0.0
2018-01-04,0.9853496,0.0,0.0,0.0
2018-01-05,0.9853496,0.0,0.0,0.0
2018-01-08,0.9853496,0.0,0.0,0.0
2018-01-09,0.9853496,0.0,0.0,0.0
2018-01-10,0.9853496,0.0,0.0,0.0
2018-01-11,0.9853496,0.0,0.0,0.0
2018-01-12,0.9853496,0.0,0.0,0.0
2018-01-15,0.9853496,0.0,0.0,0.0
2018-01-16,0.9853496,0.0,0.0,0.0
2018-01-17,0.9853496,0.0,0.0,0.0
2018-01-18,0.9853496,0.0,0.0,0.0
2018-01-19,0.9853496,0.0,0.0,0.0
2018-01-22,0.9853496,0.0,0.0,0.0
2018-01-23,0.9853496,0.0,0.0,0.0
2018-01-24,0.9853496,0.0,0.0,0.0
2018-01-25,0.9853496,0.0,0.0,0.0
2018-01-26,0.9853496,0.0,0.0,0.0
2018-01-29,0.9853496,0.0,0.0,0.0
2018-01-30,0.9853496,0.0,0.0,0.0
2018-01-31,0.9853496,0.0,0.0,0.0
2018-02-01,0.9853496,0.0,0.0,0.0
2018-02-02,0.9853496,0.0,0.0,0.0
2018-02-05,0.9853496,0.0,0.0,0.0
2018-02-06,0.9853496,0.0,0.0,0.0
2018-02-07,0.9853496,0.0,0.0,0.0
2018-02-08,0.9853496,0.0,0.0,0.0
2018-02-09,0.9853496,0.0,0.0,0.0
2018-02-12,0.9853496,0.0,0.0,0.0
2018-02-13,0.9853496,0.0,0.0,0.0
2018-02-14,0.9853496,0.0,0.0,0.0
2018-02-22,0.9853496,0.0,0.0,0.0
2018-02-23,0.9853496,0.0,0.0,0.0
2018-02-26,0.9853496,0.0,0.0,0.0
2018-02-27,0.9853496,0.0,0.0,0.0
2018-02-28,0.9853496,0.0,0.0,0.0
2018-03-01,0.9853496,0.0,0.0,0.0
2018-03-02,0.9853496,0.0,0.0,0.0
2018-03-05,0.9853496,0.0,0.0,0.0
2018-03-06,0.9853496,0.0,0.0,0.0
2018-03-07,0.9853496,0.0,0.0,0.0
2018-03-08,0.9853496,0.0,0.0,0.0
2018-03-09,0.9853496,0.0,0.0,0.0
2018-03-12,0.9853496,0.0,0.0,0.0
2018-03-13,0.9853496,0.0,0.0,0.0
2018-03-14,0.9853496,0.0,0.0,0.0
2018-03-15,0.9853496,0.0,0.0,0.0
2018-03-16,0.9853496,0.0,0.0,0.0
2018-03-19,0.9853496,0.0,0.0,0.0
2018-03-20,0.9853496,0.0,0.0,0.0
2018-03-21,0.9853496,0.0,0.0,0.0
2018-03-22,0.9853496,0.0,0.0,0.0
2018-03-23,0.9853496,0.0,0.0,0.0
2018-03-26,0.9853496,0.0,0.0,0.0
2018-03-27,0.9853496,0.0,0.0,0.0
2018-03-28,0.9853496,0.0,0.0,0.0
2018-03-29,0.9853496,0.0,0.0,0.0
2018-03-30,0.9853496,0.0,0.0,0.0
2018-04-02,0.9853496,0.0,0.0,0.0
2018-04-03,0.9853496,0.0,0.0,0.0
2018-04-04,0.9853496,0.0,0.0,0.0
2018-04-09,0.9853496,0.0,0.0,0.0
2018-04-10,0.9853496,0.0,0.0,0.0
2018-04-11,0.9853496,0.0,0.0,0.0
2018-04-12,0.9853496,0.0,0.0,0.0
2018-04-13,0.9853496,0.0,0.0,0.0
2018-04-16,0.9853496,0.0,0.0,0.0
2018-04-17,0.9853496,0.0,0.0,0.0
2018-04-18,0.9853496,0.0,0.0,0.0
2018-04-19,0.9853496,0.0,0.0,0.0
2018-04-20,0.9853496,0.0,0.0,0.0
2018-04-23,0.9853496,0.0,0.0,0.0
2018-04-24,0.9853496,0.0,0.0,0.0
2018-04-25,0.9853496,0.0,0.0,0.0
2018-04-26,0.9853496,0.0,0.0,0.0
2018-04-27,0.9853496,0.0,0.0,0.0
2018-05-02,0.9853496,0.0,0.0,0.0
2018-05-03,0.9853496,0.0,0.0,0.0
2018-05-04,0.9853496,0.0,0.0,0.0
2018-05-07,0.9853496,0.0,0.0,0.0
2018-05-08,0.9853496,0.0,0.0,0.0
2018-05-09,0.9853496,0.0,0.0,0.0
2018-05-10,0.9853496,0.0,0.0,0.0
2018-05-11,0.9853496,0.0,0.0,0.0
2018-05-14,0.9853496,0.0,0.0,0.0
2018-05-15,0.9853496,0.0,0.0,0.0
2018-05-16,0.9853496,0.0,0.0,0.0
2018-05-17,0.9853496,0.0,0.0,0.0
2018-05-18,0.9853496,0.0,0.0,0.0
2018-05-21,0.9853496,0.0,0.0,0.0
2018-05-22,0.9853496,0.0,0.0,0.0
2018-05-23,0.9853496,0.0,0.0,0.0
2018-05-24,0.9853496,0.0,0.0,0.0
2018-05-25,0.9853496,0.0,0.0,0.0
2018-05-28,0.9853496,0.0,0.0,0.0
2018-05-29,0.9853496,0.0,0.0,0.0
2018-05-30,0.9853496,0.0,0.0,0.0
2018-05-31,0.9853496,0.0,0.0,0.0
2018-06-01,0.9853496,0.0,0.0,0.0
2018-06-04,0.9853496,0.0,0.0,0.0
2018-06-05,0.9853496,0.0,0.0,0.0
2018-06-06,0.9853496,0.0,0.0,0.0
2018-06-07,0.9853496,0.0,0.0,0.0
2018-06-08,0.9853496,0.0,0.0,0.0
2018-06-11,0.9853496,0.0,0.0,0.0
2018-06-12,0.9853496,0.0,0.0,0.0
2018-06-13,0.9853496,0.0,0.0,0.0
2018-06-14,0.9853496,0.0,0.0,0.0
2018-06-15,0.9853496,0.0,0.0,0.0
2018-06-19,0.9853496,0.0,0.0,0.0
2018-06-20,0.9853496,0.0,0.0,0.0
2018-06-21,0.9853496,0.0,0.0,0.0
2018-06-22,0.9853496,0.0,0.0,0.0
2018-06-25,0.9853496,0.0,0.0,0.0
2018-06-26,0.9853496,0.0,0.0,0.0
2018-06-27,0.9853496,0.0,0.0,0.0
2018-06-28,0.9853496,0.0,0.0,0.0
2018-06-29,0.9853496,0.0,0.0,0.0
2018-07-02,0.9853496,0.0,0.0,0.0
2018-07-03,0.9853496,0.0,0.0,0.0
2018-07-04,0.9853496,0.0,0.0,0.0
2018-07-05,0.9853496,0.0,0.0,0.0
2018-07-06,0.9853496,0.0,0.0,0.0
2018-07-09,0.9853496,0.0,0.0,0.0
2018-07-10,0.9853496,0.0,0.0,0.0
2018-07-11,0.9853496,0.0,0.0,0.0
2018-07-12,0.9853496,0.0,0.0,0.0
2018-07-13,0.9853496,0.0,0.0,0.0
2018-07-16,0.9853496,0.0,0.0,0.0
2018-07-17,0.9853496,0.0,0.0,0.0
2018-07-18,0.9853496,0.0,0.0,0.0
2018-07-19,0.9853496,0.0,0.0,0.0
2018-07-20,0.9853496,0.0,0.0,0.0
2018-07-23,0.9853496,0.0,0.0,0.0
2018-07-24,0.9853496,0.0,0.0,0.0
2018-07-25,0.9853496,0.0,0.0,0.0
2018-07-26,0.9853496,0.0,0.0,0.0
2018-07-27,0.9853496,0.0,0.0,0.0
2018-07-30,0.9853496,0.0,0.0,0.0
2018-07-31,0.9853496,0.0,0.0,0.0
2018-08-01,0.9853496,0.0,0.0,0.0
2018-08-02,0.9853496,0.0,0.0,0.0
2018-08-03,0.9853496,0.0,0.0,0.0
2018-08-06,0.9853496,0.0,0.0,0.0
2018-08-07,0.9853496,0.0,0.0,0.0
2018-08-08,0.9853496,0.0,0.0,0.0
2018-08-09,0.9853496,0.0,0.0,0.0
2018-08-10,0.9853496,0.0,0.0,0.0
2018-08-13,0.9853496,0.0,0.0,0.0
2018-08-14,0.9853496,0.0,0.0,0.0
2018-08-15,0.9853496,0.0,0.0,0.0
2018-08-16,0.9833871,0.99990375,-196250.0,0.07117569724068987
2018-08-17,0.98575495,1.0009012,236785.0,0.0710755588901684
2018-08-20,0.9688213,0.99886245,-1693365.0,0.0721705556019464
2018-08-21,0.9574757,1.00143635,-1134560.0,0.07321391498499649
2018-08-22,0.9543415,1.00028545,-313420.0,0.07336994304449718
2018-08-23,0.95093035,1.00043115,-341115.0,0.07364385887988538
2018-08-24,0.95165065,1.00031045,72030.0,0.0735792399238103
2018-08-27,0.9433328,0.9995409,-831785.0,0.07417092143939022
2018-08-28,0.94104415,0.9980842,-228865.0,0.07424295023777579
2018-08-29,0.94399555,0.99875365,295140.0,0.07406047147150217
2018-08-30,0.93612585,0.99995895,-786970.0,0.07477320116734305
2018-08-31,0.92958755,1.00039435,-653830.0,0.07533190875888991
2018-09-03,0.9413571000000001,0.9999518,1176955.0,0.07435714459475583
2018-09-04,0.9417249,0.0,36780.0,0.0
2018-09-05,0.9417249,0.0,0.0,0.0
2018-09-06,0.9417249,0.0,0.0,0.0
2018-09-07,0.9417249,0.0,0.0,0.0
2018-09-10,0.9417249,0.0,0.0,0.0
2018-09-11,0.9417249,0.0,0.0,0.0
2018-09-12,0.9417249,0.0,0.0,0.0
2018-09-13,0.9417249,0.0,0.0,0.0
2018-09-14,0.9417249,0.0,0.0,0.0
2018-09-17,0.9417249,0.0,0.0,0.0
2018-09-18,0.9417249,0.0,0.0,0.0
2018-09-19,0.9417249,0.0,0.0,0.0
2018-09-20,0.9417249,0.0,0.0,0.0
2018-09-21,0.9417249,0.0,0.0,0.0
2018-09-25,0.9417249,0.0,0.0,0.0
2018-09-26,0.9417249,0.0,0.0,0.0
2018-09-27,0.9417249,0.0,0.0,0.0
2018-09-28,0.9417249,0.0,0.0,0.0
2018-10-08,0.9417249,0.0,0.0,0.0
2018-10-09,0.9417249,0.0,0.0,0.0
2018-10-10,0.9417249,0.0,0.0,0.0
2018-10-11,0.9417249,0.0,0.0,0.0
2018-10-12,0.9417249,0.0,0.0,0.0
2018-10-15,0.9417249,0.0,0.0,0.0
2018-10-16,0.9417249,0.0,0.0,0.0
2018-10-17,0.9417249,0.0,0.0,0.0
2018-10-18,0.9417249,0.0,0.0,0.0
2018-10-19,0.9417249,0.0,0.0,0.0
2018-10-22,0.9417249,0.0,0.0,0.0
2018-10-23,0.9417249,0.0,0.0,0.0
2018-10-24,0.9417249,0.0,0.0,0.0
2018-10-25,0.9417249,0.0,0.0,0.0
2018-10-26,0.9417249,0.0,0.0,0.0
2018-10-29,0.9417249,0.0,0.0,0.0
2018-10-30,0.9417249,0.0,0.0,0.0
2018-10-31,0.9417249,0.0,0.0,0.0
2018-11-01,0.9417249,0.0,0.0,0.0
2018-11-02,0.9417249,0.0,0.0,0.0
2018-11-05,0.9417249,0.0,0.0,0.0
2018-11-06,0.9417249,0.0,0.0,0.0
2018-11-07,0.9417249,0.0,0.0,0.0
2018-11-08,0.9417249,0.0,0.0,0.0
2018-11-09,0.9417249,0.0,0.0,0.0
2018-11-12,0.9417249,0.0,0.0,0.0
2018-11-13,0.9417249,0.0,0.0,0.0
2018-11-14,0.9417249,0.0,0.0,0.0
2018-11-15,0.9417249,0.0,0.0,0.0
2018-11-16,0.9417249,0.0,0.0,0.0
2018-11-19,0.9417249,0.0,0.0,0.0
2018-11-20,0.9417249,0.0,0.0,0.0
2018-11-21,0.9417249,0.0,0.0,0.0
2018-11-22,0.9417249,0.0,0.0,0.0
2018-11-23,0.9417249,0.0,0.0,0.0
2018-11-26,0.9417249,0.0,0.0,0.0
2018-11-27,0.9417249,0.0,0.0,0.0
2018-11-28,0.9417249,0.0,0.0,0.0
2018-11-29,0.9417249,0.0,0.0,0.0
2018-11-30,0.9417249,0.0,0.0,0.0
