,HC.SHF_MC_LastMonthEnd,I.DCE_MC_LastMonthEnd,J.DCE_MC_LastMonthEnd,JM.DCE_MC_LastMonthEnd,L.DCE_MC_LastMonthEnd,MA.CZC_MC_LastMonthEnd,PP.DCE_MC_LastMonthEnd,RB.SHF_MC_LastMonthEnd,TA.CZC_MC_LastMonthEnd,V.DCE_MC_LastMonthEnd
2013-01-04,0.0,0.0,0.0,0.0,0.0,0.0,0.0,0.0,0.0,0.0
2013-01-07,0.0,0.0,0.0,0.0,0.0,0.0,0.0,0.0,0.0,0.0
2013-01-08,0.0,0.0,0.0,0.0,465.0,0.0,0.0,-623.0,577.0,-748.0
2013-01-09,0.0,0.0,0.0,0.0,467.0,0.0,0.0,-625.0,583.0,-746.0
2013-01-10,0.0,0.0,0.0,0.0,466.0,0.0,0.0,-622.0,584.0,-746.0
2013-01-11,0.0,0.0,0.0,0.0,473.0,0.0,0.0,-637.0,592.0,-752.0
2013-01-14,0.0,0.0,0.0,0.0,469.0,0.0,0.0,-624.0,586.0,-750.0
2013-01-15,0.0,0.0,0.0,0.0,470.0,0.0,0.0,-629.0,597.0,-754.0
2013-01-16,0.0,0.0,140.0,0.0,0.0,0.0,0.0,-635.0,596.0,-755.0
2013-01-17,0.0,0.0,138.0,0.0,0.0,0.0,0.0,-634.0,594.0,-755.0
2013-01-18,0.0,0.0,134.0,0.0,0.0,0.0,0.0,-625.0,584.0,-749.0
2013-01-21,0.0,0.0,0.0,0.0,467.0,0.0,0.0,-631.0,588.0,-750.0
2013-01-22,0.0,0.0,0.0,0.0,465.0,0.0,0.0,-627.0,592.0,-749.0
2013-01-23,0.0,0.0,0.0,0.0,464.0,0.0,0.0,-617.0,591.0,-749.0
2013-01-24,0.0,0.0,0.0,0.0,467.0,0.0,0.0,-620.0,589.0,-750.0
2013-01-25,0.0,0.0,0.0,0.0,466.0,0.0,0.0,-613.0,585.0,-747.0
2013-01-28,0.0,0.0,0.0,0.0,459.0,0.0,0.0,-615.0,580.0,-745.0
2013-01-29,0.0,0.0,133.0,0.0,0.0,0.0,0.0,-614.0,578.0,-745.0
2013-01-30,0.0,0.0,133.0,0.0,0.0,0.0,0.0,-608.0,576.0,-741.0
2013-01-31,0.0,0.0,131.0,0.0,0.0,0.0,0.0,-606.0,578.0,-742.0
2013-02-01,0.0,0.0,0.0,0.0,449.0,0.0,0.0,-600.0,574.0,-743.0
2013-02-04,0.0,0.0,0.0,0.0,440.0,0.0,0.0,-592.0,565.0,-740.0
2013-02-05,0.0,0.0,131.0,0.0,0.0,0.0,0.0,-604.0,569.0,-743.0
2013-02-06,0.0,0.0,131.0,0.0,0.0,0.0,0.0,-608.0,568.0,-748.0
2013-02-07,0.0,0.0,132.0,0.0,0.0,0.0,0.0,-606.0,563.0,-751.0
2013-02-08,0.0,0.0,132.0,0.0,0.0,0.0,0.0,-606.0,561.0,-753.0
2013-02-18,0.0,0.0,135.0,0.0,0.0,0.0,0.0,-616.0,565.0,-752.0
2013-02-19,0.0,0.0,135.0,0.0,0.0,0.0,0.0,-611.0,567.0,-752.0
2013-02-20,0.0,0.0,135.0,0.0,0.0,0.0,0.0,-610.0,570.0,-750.0
2013-02-21,0.0,0.0,141.0,0.0,0.0,0.0,0.0,-623.0,578.0,-758.0
2013-02-22,0.0,0.0,141.0,0.0,0.0,0.0,0.0,-629.0,576.0,-757.0
2013-02-25,0.0,0.0,142.0,0.0,448.0,0.0,0.0,-635.0,0.0,-760.0
2013-02-26,0.0,0.0,142.0,0.0,-454.0,0.0,0.0,641.0,0.0,-763.0
2013-02-27,0.0,0.0,141.0,0.0,-458.0,0.0,0.0,0.0,591.0,-765.0
2013-02-28,0.0,0.0,140.0,0.0,-452.0,0.0,0.0,0.0,587.0,-761.0
2013-03-01,0.0,0.0,141.0,0.0,0.0,0.0,0.0,-632.0,600.0,-764.0
2013-03-04,0.0,0.0,144.0,0.0,-455.0,0.0,0.0,0.0,612.0,-767.0
2013-03-05,0.0,0.0,144.0,0.0,-454.0,0.0,0.0,0.0,611.0,-764.0
2013-03-06,0.0,0.0,146.0,0.0,-457.0,0.0,0.0,0.0,607.0,-765.0
2013-03-07,0.0,0.0,148.0,0.0,0.0,0.0,0.0,-640.0,608.0,-767.0
2013-03-08,0.0,0.0,149.0,0.0,465.0,0.0,0.0,-639.0,0.0,-767.0
2013-03-11,0.0,0.0,150.0,0.0,467.0,0.0,0.0,-642.0,0.0,-769.0
2013-03-12,0.0,0.0,150.0,0.0,472.0,0.0,0.0,-643.0,0.0,-776.0
2013-03-13,0.0,0.0,152.0,0.0,473.0,0.0,0.0,-657.0,0.0,-778.0
2013-03-14,0.0,0.0,157.0,0.0,474.0,0.0,0.0,-667.0,0.0,-778.0
2013-03-15,0.0,0.0,156.0,0.0,465.0,0.0,0.0,-657.0,-607.0,0.0
2013-03-18,0.0,0.0,157.0,0.0,0.0,0.0,0.0,-660.0,-615.0,776.0
2013-03-19,0.0,0.0,156.0,0.0,-458.0,0.0,0.0,-659.0,615.0,0.0
2013-03-20,0.0,0.0,155.0,0.0,-457.0,0.0,0.0,-653.0,620.0,0.0
2013-03-21,0.0,0.0,155.0,0.0,-457.0,0.0,0.0,-651.0,618.0,0.0
2013-03-22,0.0,0.0,156.0,0.0,-458.0,0.0,0.0,-657.0,627.0,0.0
2013-03-25,0.0,0.0,104.0,221.0,-307.0,0.0,0.0,-434.0,419.0,-517.0
2013-03-26,0.0,0.0,104.0,218.0,-307.0,0.0,0.0,-436.0,423.0,-517.0
2013-03-27,0.0,0.0,105.0,220.0,-307.0,0.0,0.0,-435.0,427.0,-517.0
2013-03-28,0.0,0.0,106.0,221.0,-309.0,0.0,0.0,-441.0,426.0,-519.0
2013-03-29,0.0,0.0,108.0,224.0,-308.0,0.0,0.0,-443.0,429.0,-518.0
2013-04-01,0.0,0.0,109.0,231.0,-313.0,0.0,0.0,-455.0,434.0,-520.0
2013-04-02,0.0,0.0,106.0,226.0,-313.0,0.0,0.0,-449.0,425.0,-520.0
2013-04-03,0.0,0.0,107.0,228.0,313.0,0.0,0.0,-446.0,-423.0,-519.0
2013-04-08,0.0,0.0,107.0,228.0,315.0,0.0,0.0,-444.0,-422.0,-516.0
2013-04-09,0.0,0.0,108.0,227.0,315.0,0.0,0.0,-446.0,-418.0,-516.0
2013-04-10,0.0,0.0,108.0,229.0,314.0,0.0,0.0,-448.0,-412.0,-514.0
2013-04-11,0.0,0.0,110.0,230.0,-316.0,0.0,0.0,450.0,-414.0,-516.0
2013-04-12,0.0,0.0,110.0,230.0,320.0,0.0,0.0,-449.0,-412.0,-516.0
2013-04-15,0.0,0.0,113.0,237.0,329.0,0.0,0.0,-457.0,-424.0,-520.0
2013-04-16,0.0,0.0,114.0,236.0,332.0,0.0,0.0,-465.0,-427.0,-519.0
2013-04-17,0.0,0.0,115.0,238.0,333.0,0.0,0.0,-468.0,-429.0,-520.0
2013-04-18,0.0,0.0,116.0,240.0,-336.0,0.0,0.0,477.0,-433.0,-520.0
2013-04-19,0.0,0.0,116.0,239.0,-333.0,0.0,0.0,474.0,-429.0,-518.0
2013-04-22,0.0,0.0,116.0,242.0,-332.0,0.0,0.0,476.0,-431.0,-518.0
2013-04-23,0.0,0.0,117.0,245.0,-332.0,0.0,0.0,480.0,-432.0,-520.0
2013-04-24,0.0,0.0,117.0,243.0,-331.0,0.0,0.0,479.0,-429.0,-519.0
2013-04-25,0.0,0.0,117.0,243.0,-327.0,0.0,0.0,481.0,-427.0,-529.0
2013-04-26,0.0,0.0,118.0,244.0,-326.0,0.0,0.0,476.0,-429.0,-527.0
2013-05-02,0.0,0.0,113.0,248.0,-340.0,0.0,0.0,471.0,-433.0,-513.0
2013-05-03,0.0,0.0,111.0,246.0,335.0,0.0,0.0,-465.0,-429.0,-510.0
2013-05-06,0.0,0.0,110.0,244.0,330.0,0.0,0.0,-460.0,-424.0,-505.0
2013-05-07,0.0,0.0,111.0,245.0,333.0,0.0,0.0,-460.0,-431.0,-504.0
2013-05-08,0.0,0.0,109.0,242.0,328.0,0.0,0.0,-454.0,-424.0,-503.0
2013-05-09,0.0,0.0,110.0,243.0,328.0,0.0,0.0,-460.0,-425.0,-505.0
2013-05-10,0.0,0.0,108.0,242.0,325.0,0.0,0.0,-458.0,-424.0,-502.0
2013-05-13,0.0,0.0,-106.0,236.0,327.0,0.0,0.0,-456.0,425.0,-502.0
2013-05-14,0.0,0.0,-106.0,235.0,329.0,0.0,0.0,-459.0,425.0,-503.0
2013-05-15,0.0,0.0,-110.0,243.0,333.0,0.0,0.0,-469.0,430.0,-510.0
2013-05-16,0.0,0.0,110.0,242.0,332.0,0.0,0.0,-470.0,-431.0,-510.0
2013-05-17,0.0,0.0,107.0,239.0,327.0,0.0,0.0,-460.0,-426.0,-507.0
2013-05-20,0.0,0.0,-107.0,239.0,328.0,0.0,0.0,-462.0,-428.0,505.0
2013-05-21,0.0,0.0,-107.0,239.0,322.0,0.0,0.0,-464.0,421.0,-505.0
2013-05-22,0.0,0.0,-106.0,237.0,320.0,0.0,0.0,-464.0,-423.0,503.0
2013-05-23,0.0,0.0,-108.0,243.0,328.0,0.0,0.0,-469.0,428.0,-508.0
2013-05-24,0.0,0.0,-107.0,243.0,323.0,0.0,0.0,-467.0,424.0,-506.0
2013-05-27,0.0,0.0,-110.0,246.0,326.0,0.0,0.0,-477.0,-425.0,509.0
2013-05-28,0.0,0.0,110.0,247.0,325.0,0.0,0.0,-477.0,-424.0,-509.0
2013-05-29,0.0,0.0,112.0,250.0,324.0,0.0,0.0,-485.0,-424.0,-509.0
2013-05-30,0.0,0.0,112.0,251.0,325.0,0.0,0.0,-485.0,-425.0,-506.0
2013-05-31,0.0,0.0,114.0,254.0,324.0,0.0,0.0,-488.0,-423.0,-505.0
2013-06-03,0.0,0.0,112.0,253.0,323.0,0.0,0.0,-479.0,-419.0,-504.0
2013-06-04,0.0,0.0,111.0,252.0,321.0,0.0,0.0,-479.0,-420.0,-505.0
2013-06-05,0.0,0.0,112.0,253.0,316.0,0.0,0.0,-479.0,-417.0,-502.0
2013-06-06,0.0,0.0,116.0,263.0,317.0,0.0,0.0,-487.0,-419.0,-503.0
2013-06-07,0.0,0.0,116.0,267.0,310.0,0.0,0.0,-487.0,-418.0,-502.0
2013-06-13,0.0,0.0,116.0,268.0,316.0,0.0,0.0,-487.0,-421.0,-504.0
2013-06-14,0.0,0.0,116.0,270.0,312.0,0.0,0.0,-487.0,-418.0,-499.0
2013-06-17,0.0,0.0,115.0,267.0,309.0,0.0,0.0,-479.0,-417.0,-499.0
2013-06-18,0.0,0.0,115.0,267.0,312.0,0.0,0.0,-478.0,-417.0,-502.0
2013-06-19,0.0,0.0,114.0,269.0,312.0,0.0,0.0,-473.0,-416.0,-499.0
2013-06-20,0.0,0.0,118.0,276.0,316.0,0.0,0.0,-479.0,-420.0,-502.0
2013-06-21,0.0,0.0,119.0,276.0,317.0,0.0,0.0,-474.0,-421.0,-509.0
2013-06-24,0.0,0.0,121.0,278.0,323.0,0.0,0.0,-483.0,-428.0,-514.0
2013-06-25,0.0,0.0,120.0,275.0,319.0,0.0,0.0,-482.0,-426.0,-509.0
2013-06-26,0.0,0.0,122.0,277.0,322.0,0.0,0.0,-487.0,-427.0,-510.0
2013-06-27,0.0,0.0,121.0,276.0,319.0,0.0,0.0,-480.0,-425.0,-509.0
2013-06-28,0.0,0.0,120.0,278.0,320.0,0.0,0.0,-478.0,-426.0,-510.0
2013-07-01,0.0,0.0,120.0,279.0,319.0,0.0,0.0,-478.0,-422.0,-507.0
2013-07-02,0.0,0.0,120.0,279.0,315.0,0.0,0.0,-476.0,-421.0,-507.0
2013-07-03,0.0,0.0,121.0,278.0,-313.0,0.0,0.0,-470.0,-421.0,504.0
2013-07-04,0.0,0.0,120.0,274.0,-311.0,0.0,0.0,-470.0,-423.0,504.0
2013-07-05,0.0,0.0,120.0,273.0,-312.0,0.0,0.0,-470.0,-424.0,503.0
2013-07-08,0.0,0.0,121.0,275.0,312.0,0.0,0.0,-471.0,-424.0,-506.0
2013-07-09,0.0,0.0,121.0,276.0,-311.0,0.0,0.0,-472.0,-423.0,507.0
2013-07-10,0.0,0.0,120.0,273.0,-308.0,0.0,0.0,-468.0,-423.0,503.0
2013-07-11,0.0,0.0,119.0,271.0,-303.0,0.0,0.0,-468.0,-419.0,501.0
2013-07-12,0.0,0.0,120.0,273.0,-304.0,0.0,0.0,-466.0,-419.0,501.0
2013-07-15,0.0,0.0,121.0,277.0,-304.0,0.0,0.0,-465.0,-418.0,499.0
2013-07-16,0.0,0.0,121.0,276.0,-305.0,0.0,0.0,-465.0,-420.0,499.0
2013-07-17,0.0,0.0,119.0,273.0,-305.0,0.0,0.0,-464.0,-420.0,495.0
2013-07-18,0.0,0.0,119.0,273.0,-303.0,0.0,0.0,-464.0,-420.0,493.0
2013-07-19,0.0,0.0,119.0,274.0,-301.0,0.0,0.0,-463.0,-421.0,493.0
2013-07-22,0.0,0.0,119.0,272.0,-299.0,0.0,0.0,-464.0,-419.0,492.0
2013-07-23,0.0,0.0,119.0,274.0,-299.0,0.0,0.0,-464.0,-421.0,493.0
2013-07-24,0.0,0.0,119.0,275.0,-293.0,0.0,0.0,-462.0,-421.0,492.0
2013-07-25,0.0,0.0,119.0,275.0,-294.0,0.0,0.0,-463.0,-421.0,492.0
2013-07-26,0.0,0.0,119.0,275.0,-293.0,0.0,0.0,-465.0,-423.0,492.0
2013-07-29,0.0,0.0,120.0,279.0,-294.0,0.0,0.0,-467.0,-423.0,494.0
2013-07-30,0.0,0.0,121.0,279.0,-293.0,0.0,0.0,-468.0,-423.0,494.0
2013-07-31,0.0,0.0,120.0,279.0,-290.0,0.0,0.0,-468.0,-421.0,495.0
2013-08-01,0.0,0.0,119.0,276.0,-290.0,0.0,0.0,-466.0,-422.0,493.0
2013-08-02,0.0,0.0,119.0,275.0,-288.0,0.0,0.0,-464.0,-422.0,494.0
2013-08-05,0.0,0.0,119.0,274.0,-286.0,0.0,0.0,-462.0,-422.0,493.0
2013-08-06,0.0,0.0,119.0,274.0,-284.0,0.0,0.0,-462.0,-422.0,495.0
2013-08-07,0.0,0.0,119.0,273.0,-285.0,0.0,0.0,-459.0,-424.0,495.0
2013-08-08,0.0,0.0,118.0,271.0,-286.0,0.0,0.0,-454.0,-425.0,492.0
2013-08-09,0.0,0.0,118.0,272.0,-288.0,0.0,0.0,-454.0,-425.0,495.0
2013-08-12,0.0,0.0,116.0,270.0,-288.0,0.0,0.0,-448.0,-425.0,491.0
2013-08-13,0.0,0.0,114.0,269.0,-287.0,0.0,0.0,-447.0,-425.0,492.0
2013-08-14,0.0,0.0,-114.0,272.0,-290.0,0.0,0.0,-448.0,426.0,496.0
2013-08-15,0.0,0.0,114.0,271.0,-289.0,0.0,0.0,-450.0,-426.0,499.0
2013-08-16,0.0,0.0,114.0,272.0,-288.0,0.0,0.0,-454.0,-428.0,499.0
2013-08-19,0.0,0.0,113.0,272.0,-290.0,0.0,0.0,-456.0,-428.0,499.0
2013-08-20,0.0,0.0,-113.0,271.0,-290.0,0.0,0.0,-456.0,431.0,501.0
2013-08-21,0.0,0.0,-113.0,271.0,-291.0,0.0,0.0,-459.0,433.0,502.0
2013-08-22,0.0,0.0,-113.0,272.0,-292.0,0.0,0.0,-463.0,432.0,501.0
2013-08-23,0.0,0.0,112.0,276.0,-291.0,0.0,0.0,-460.0,-432.0,501.0
2013-08-26,0.0,0.0,-111.0,276.0,-286.0,0.0,0.0,-460.0,430.0,507.0
2013-08-27,0.0,0.0,-111.0,277.0,-282.0,0.0,0.0,-460.0,430.0,502.0
2013-08-28,0.0,0.0,-116.0,288.0,-275.0,0.0,0.0,-465.0,432.0,502.0
2013-08-29,0.0,0.0,115.0,292.0,-269.0,0.0,0.0,-467.0,-430.0,502.0
2013-08-30,0.0,0.0,118.0,296.0,-272.0,0.0,0.0,-468.0,-431.0,509.0
2013-09-02,0.0,0.0,102.0,238.0,-308.0,0.0,0.0,-468.0,-417.0,501.0
2013-09-03,0.0,0.0,-103.0,-240.0,307.0,0.0,0.0,469.0,-418.0,501.0
2013-09-04,0.0,0.0,-104.0,-241.0,308.0,0.0,0.0,470.0,-419.0,501.0
2013-09-05,0.0,0.0,-103.0,-239.0,304.0,0.0,0.0,469.0,-419.0,499.0
2013-09-06,0.0,0.0,-104.0,-240.0,304.0,0.0,0.0,471.0,-420.0,500.0
2013-09-09,0.0,0.0,-103.0,-238.0,301.0,0.0,0.0,469.0,-414.0,501.0
2013-09-10,0.0,0.0,-104.0,-240.0,304.0,0.0,0.0,470.0,-418.0,502.0
2013-09-11,0.0,0.0,-104.0,-240.0,305.0,0.0,0.0,471.0,-423.0,500.0
2013-09-12,0.0,0.0,-105.0,-243.0,305.0,0.0,0.0,-471.0,422.0,502.0
2013-09-13,0.0,0.0,-106.0,245.0,305.0,0.0,0.0,-473.0,-424.0,502.0
2013-09-16,0.0,0.0,-106.0,245.0,310.0,0.0,0.0,-474.0,-426.0,504.0
2013-09-17,0.0,0.0,-106.0,243.0,311.0,0.0,0.0,-475.0,-428.0,504.0
2013-09-18,0.0,0.0,-105.0,239.0,310.0,0.0,0.0,-475.0,-428.0,507.0
2013-09-23,0.0,0.0,-105.0,237.0,309.0,0.0,0.0,-475.0,-426.0,506.0
2013-09-24,0.0,0.0,-105.0,239.0,310.0,0.0,0.0,-476.0,-427.0,509.0
2013-09-25,0.0,0.0,-105.0,238.0,310.0,0.0,0.0,-477.0,-427.0,509.0
2013-09-26,0.0,0.0,-105.0,239.0,307.0,0.0,0.0,-479.0,-425.0,511.0
2013-09-27,0.0,0.0,-106.0,242.0,304.0,0.0,0.0,-483.0,-429.0,511.0
2013-09-30,0.0,0.0,-108.0,244.0,304.0,0.0,0.0,-484.0,-429.0,511.0
2013-10-08,0.0,0.0,-107.0,244.0,299.0,0.0,0.0,-463.0,-429.0,510.0
2013-10-09,0.0,0.0,-160.0,370.0,0.0,0.0,0.0,-697.0,644.0,0.0
2013-10-10,0.0,0.0,-107.0,246.0,297.0,0.0,0.0,-463.0,-429.0,509.0
2013-10-11,0.0,0.0,-107.0,247.0,294.0,0.0,0.0,-463.0,-428.0,510.0
2013-10-14,0.0,0.0,-105.0,242.0,290.0,0.0,0.0,-460.0,-427.0,508.0
2013-10-15,0.0,0.0,-106.0,244.0,294.0,0.0,0.0,-462.0,-428.0,512.0
2013-10-16,0.0,0.0,-106.0,246.0,294.0,0.0,0.0,-467.0,-429.0,510.0
2013-10-17,0.0,0.0,-107.0,246.0,294.0,0.0,0.0,-468.0,-438.0,512.0
2013-10-18,0.0,0.0,-107.0,246.0,293.0,0.0,0.0,-467.0,-436.0,512.0
2013-10-21,0.0,-172.0,-105.0,243.0,294.0,0.0,0.0,-467.0,0.0,513.0
2013-10-22,0.0,-176.0,-106.0,246.0,297.0,0.0,0.0,-469.0,0.0,519.0
2013-10-23,0.0,-177.0,-106.0,248.0,296.0,0.0,0.0,-471.0,0.0,518.0
2013-10-24,0.0,-180.0,-108.0,253.0,295.0,0.0,0.0,-474.0,0.0,519.0
2013-10-25,0.0,-182.0,0.0,255.0,298.0,0.0,0.0,-478.0,-442.0,520.0
2013-10-28,0.0,-181.0,109.0,254.0,295.0,0.0,0.0,-478.0,-442.0,0.0
2013-10-29,0.0,-181.0,110.0,257.0,291.0,0.0,0.0,-477.0,-441.0,0.0
2013-10-30,0.0,-180.0,108.0,257.0,290.0,0.0,0.0,-473.0,-441.0,0.0
2013-10-31,0.0,-181.0,0.0,260.0,293.0,0.0,0.0,-475.0,-443.0,524.0
2013-11-01,0.0,-177.0,109.0,259.0,290.0,0.0,0.0,-471.0,-443.0,0.0
2013-11-04,0.0,-175.0,109.0,261.0,293.0,0.0,0.0,-471.0,-444.0,0.0
2013-11-05,0.0,-176.0,109.0,260.0,292.0,0.0,0.0,-472.0,-444.0,0.0
2013-11-06,0.0,-177.0,110.0,259.0,295.0,0.0,0.0,-473.0,-442.0,0.0
2013-11-07,0.0,-176.0,110.0,256.0,296.0,0.0,0.0,-466.0,-441.0,0.0
2013-11-08,0.0,-177.0,110.0,259.0,297.0,0.0,0.0,-467.0,-438.0,0.0
2013-11-11,0.0,-177.0,110.0,258.0,296.0,0.0,0.0,0.0,-438.0,-524.0
2013-11-12,0.0,-177.0,109.0,256.0,293.0,0.0,0.0,0.0,-440.0,-525.0
2013-11-13,0.0,-177.0,0.0,257.0,292.0,0.0,0.0,470.0,-441.0,-525.0
2013-11-14,0.0,-178.0,108.0,256.0,0.0,0.0,0.0,473.0,-440.0,-529.0
2013-11-15,0.0,-179.0,109.0,257.0,0.0,0.0,0.0,475.0,-441.0,-527.0
2013-11-18,0.0,-179.0,108.0,256.0,0.0,0.0,0.0,475.0,-442.0,-528.0
2013-11-19,0.0,-177.0,0.0,256.0,293.0,0.0,0.0,472.0,-443.0,-527.0
2013-11-20,0.0,-177.0,0.0,254.0,289.0,0.0,0.0,470.0,-443.0,-525.0
2013-11-21,0.0,-179.0,0.0,256.0,288.0,0.0,0.0,472.0,-444.0,-525.0
2013-11-22,0.0,-179.0,0.0,256.0,288.0,0.0,0.0,472.0,-445.0,-523.0
2013-11-25,0.0,-179.0,0.0,258.0,286.0,0.0,0.0,472.0,-449.0,-523.0
2013-11-26,0.0,-177.0,108.0,258.0,0.0,0.0,0.0,470.0,-448.0,-524.0
2013-11-27,0.0,-178.0,108.0,259.0,0.0,0.0,0.0,471.0,-449.0,-526.0
2013-11-28,0.0,-177.0,108.0,258.0,0.0,0.0,0.0,469.0,-449.0,-527.0
2013-11-29,0.0,-177.0,108.0,258.0,0.0,0.0,0.0,469.0,-446.0,-528.0
2013-12-02,0.0,-178.0,108.0,257.0,0.0,0.0,0.0,467.0,-445.0,-527.0
2013-12-03,0.0,-177.0,108.0,257.0,-278.0,0.0,0.0,465.0,-439.0,0.0
2013-12-04,0.0,-175.0,108.0,255.0,-278.0,0.0,0.0,465.0,-439.0,0.0
2013-12-05,0.0,-176.0,109.0,256.0,0.0,0.0,0.0,468.0,-441.0,-528.0
2013-12-06,0.0,-177.0,109.0,257.0,0.0,0.0,0.0,468.0,-440.0,-528.0
2013-12-09,0.0,-176.0,109.0,257.0,0.0,0.0,0.0,466.0,-440.0,-528.0
2013-12-10,0.0,-177.0,110.0,258.0,0.0,0.0,0.0,466.0,-439.0,-530.0
2013-12-11,0.0,-178.0,110.0,261.0,0.0,0.0,0.0,464.0,-439.0,-534.0
2013-12-12,0.0,-179.0,111.0,265.0,0.0,0.0,0.0,464.0,-439.0,-532.0
2013-12-13,0.0,-182.0,114.0,267.0,-283.0,0.0,0.0,468.0,-439.0,0.0
2013-12-16,0.0,-182.0,112.0,267.0,-284.0,0.0,0.0,470.0,-441.0,0.0
2013-12-17,0.0,-183.0,112.0,267.0,-285.0,0.0,0.0,471.0,-442.0,0.0
2013-12-18,0.0,-184.0,112.0,267.0,-288.0,0.0,0.0,471.0,-442.0,0.0
2013-12-19,0.0,-184.0,112.0,269.0,0.0,0.0,0.0,472.0,-442.0,-533.0
2013-12-20,0.0,-184.0,113.0,272.0,0.0,0.0,0.0,471.0,-441.0,-531.0
2013-12-23,0.0,-187.0,113.0,273.0,0.0,0.0,0.0,478.0,-442.0,-532.0
2013-12-24,0.0,-185.0,113.0,272.0,0.0,0.0,0.0,478.0,-441.0,-533.0
2013-12-25,0.0,-185.0,113.0,274.0,0.0,0.0,0.0,483.0,-440.0,-532.0
2013-12-26,0.0,-186.0,114.0,277.0,0.0,0.0,0.0,485.0,-439.0,-532.0
2013-12-27,0.0,-184.0,115.0,281.0,-283.0,0.0,0.0,485.0,-437.0,0.0
2013-12-30,0.0,-183.0,117.0,281.0,-282.0,0.0,0.0,493.0,-436.0,0.0
2013-12-31,0.0,-183.0,121.0,290.0,-278.0,0.0,0.0,498.0,-440.0,0.0
2014-01-02,0.0,-184.0,115.0,278.0,-300.0,0.0,0.0,464.0,-457.0,0.0
2014-01-03,0.0,-185.0,117.0,282.0,301.0,0.0,0.0,-471.0,0.0,-522.0
2014-01-06,0.0,-187.0,118.0,282.0,302.0,0.0,0.0,-474.0,0.0,-522.0
2014-01-07,0.0,-186.0,118.0,279.0,305.0,0.0,0.0,-481.0,0.0,-527.0
2014-01-08,0.0,-187.0,118.0,280.0,304.0,0.0,0.0,-480.0,0.0,-526.0
2014-01-09,0.0,-188.0,121.0,284.0,299.0,0.0,0.0,-482.0,0.0,-522.0
2014-01-10,0.0,0.0,121.0,282.0,304.0,0.0,0.0,-477.0,-471.0,-522.0
2014-01-13,0.0,0.0,121.0,283.0,307.0,0.0,0.0,-481.0,-473.0,-523.0
2014-01-14,0.0,0.0,120.0,281.0,303.0,0.0,0.0,-477.0,-476.0,-520.0
2014-01-15,0.0,0.0,120.0,283.0,302.0,0.0,0.0,-476.0,-477.0,-521.0
2014-01-16,0.0,0.0,120.0,287.0,302.0,0.0,0.0,-479.0,-474.0,-525.0
2014-01-17,0.0,0.0,121.0,288.0,301.0,0.0,0.0,-480.0,-475.0,-526.0
2014-01-20,0.0,0.0,124.0,300.0,300.0,0.0,0.0,-483.0,-476.0,-523.0
2014-01-21,0.0,0.0,124.0,300.0,304.0,0.0,0.0,-489.0,-483.0,-524.0
2014-01-22,0.0,0.0,124.0,298.0,305.0,0.0,0.0,-487.0,-485.0,-527.0
2014-01-23,0.0,0.0,123.0,295.0,303.0,0.0,0.0,-481.0,-482.0,-525.0
2014-01-24,0.0,-190.0,122.0,292.0,304.0,0.0,0.0,-478.0,0.0,-525.0
2014-01-27,0.0,-193.0,123.0,295.0,304.0,0.0,0.0,-480.0,0.0,-526.0
2014-01-28,0.0,0.0,125.0,303.0,303.0,0.0,0.0,-486.0,-483.0,-527.0
2014-01-29,0.0,0.0,124.0,299.0,302.0,0.0,0.0,-484.0,-482.0,-525.0
2014-01-30,0.0,0.0,123.0,299.0,304.0,0.0,0.0,-482.0,-486.0,-536.0
2014-02-07,0.0,-195.0,126.0,0.0,305.0,0.0,0.0,-489.0,-488.0,535.0
2014-02-10,0.0,293.0,0.0,0.0,461.0,0.0,0.0,-731.0,0.0,-799.0
2014-02-11,0.0,0.0,126.0,303.0,310.0,0.0,0.0,-492.0,-485.0,-535.0
2014-02-12,0.0,0.0,126.0,300.0,310.0,0.0,0.0,-491.0,-485.0,-533.0
2014-02-13,0.0,0.0,126.0,302.0,311.0,0.0,0.0,-491.0,-488.0,-535.0
2014-02-14,0.0,-194.0,127.0,300.0,313.0,0.0,0.0,-488.0,-491.0,0.0
2014-02-17,0.0,-191.0,123.0,293.0,313.0,0.0,0.0,-482.0,-489.0,0.0
2014-02-18,0.0,-194.0,125.0,296.0,317.0,0.0,0.0,-486.0,-495.0,0.0
2014-02-19,0.0,-193.0,124.0,295.0,314.0,0.0,0.0,-485.0,-495.0,0.0
2014-02-20,0.0,-196.0,125.0,298.0,311.0,0.0,0.0,-491.0,-498.0,0.0
2014-02-21,0.0,-196.0,126.0,298.0,310.0,0.0,0.0,-492.0,-498.0,0.0
2014-02-24,0.0,-203.0,131.0,307.0,309.0,0.0,0.0,-501.0,-511.0,0.0
2014-02-25,0.0,0.0,130.0,305.0,308.0,0.0,0.0,-504.0,-515.0,-539.0
2014-02-26,0.0,0.0,130.0,302.0,309.0,0.0,0.0,-502.0,-515.0,-541.0
2014-02-27,0.0,0.0,130.0,303.0,308.0,0.0,0.0,-499.0,-518.0,-539.0
2014-02-28,0.0,-204.0,131.0,304.0,310.0,0.0,0.0,-502.0,-519.0,0.0
2014-03-03,0.0,-206.0,132.0,306.0,312.0,0.0,0.0,-501.0,-516.0,0.0
2014-03-04,0.0,-205.0,135.0,311.0,0.0,0.0,311.0,-504.0,-515.0,0.0
2014-03-05,0.0,-204.0,135.0,311.0,314.0,0.0,0.0,-502.0,-509.0,0.0
2014-03-06,0.0,-207.0,136.0,318.0,317.0,0.0,0.0,-507.0,-506.0,0.0
2014-03-07,0.0,-214.0,141.0,331.0,316.0,0.0,0.0,-516.0,-508.0,0.0
2014-03-10,0.0,-220.0,144.0,338.0,322.0,0.0,0.0,-534.0,-515.0,0.0
2014-03-11,0.0,-221.0,147.0,342.0,319.0,0.0,0.0,-535.0,-511.0,0.0
2014-03-12,0.0,-221.0,145.0,338.0,316.0,0.0,0.0,0.0,-513.0,-562.0
2014-03-13,0.0,-218.0,144.0,338.0,316.0,0.0,0.0,0.0,-517.0,-563.0
2014-03-14,0.0,-219.0,145.0,341.0,313.0,0.0,0.0,0.0,-536.0,-566.0
2014-03-17,0.0,-222.0,145.0,340.0,313.0,0.0,0.0,-534.0,0.0,-567.0
2014-03-18,0.0,-221.0,144.0,339.0,308.0,0.0,0.0,0.0,-530.0,-567.0
2014-03-19,0.0,-221.0,144.0,340.0,313.0,0.0,0.0,0.0,-528.0,-576.0
2014-03-20,0.0,-220.0,145.0,346.0,311.0,0.0,0.0,-523.0,-526.0,0.0
2014-03-21,0.0,-220.0,146.0,349.0,310.0,0.0,0.0,0.0,-522.0,-570.0
2014-03-24,0.0,-216.0,146.0,354.0,306.0,0.0,0.0,0.0,-517.0,-560.0
2014-03-25,493.0,-212.0,141.0,340.0,0.0,0.0,0.0,0.0,-512.0,-556.0
2014-03-26,0.0,-211.0,144.0,343.0,303.0,0.0,0.0,0.0,-510.0,-550.0
2014-03-27,0.0,-212.0,145.0,345.0,304.0,0.0,0.0,0.0,-509.0,-551.0
2014-03-28,0.0,-207.0,144.0,341.0,302.0,0.0,0.0,0.0,-502.0,-554.0
2014-03-31,0.0,-204.0,145.0,344.0,301.0,0.0,0.0,-511.0,-504.0,0.0
2014-04-01,-488.0,-201.0,145.0,343.0,295.0,0.0,0.0,-512.0,0.0,0.0
2014-04-02,-492.0,-204.0,146.0,345.0,0.0,0.0,0.0,-513.0,511.0,0.0
2014-04-03,-489.0,-200.0,145.0,339.0,0.0,0.0,298.0,-511.0,0.0,0.0
2014-04-04,-484.0,-198.0,143.0,335.0,0.0,0.0,0.0,0.0,517.0,-554.0
2014-04-08,-479.0,-194.0,141.0,329.0,292.0,0.0,0.0,0.0,0.0,-553.0
2014-04-09,-483.0,-196.0,143.0,333.0,292.0,0.0,0.0,0.0,0.0,-549.0
2014-04-10,-484.0,-195.0,145.0,336.0,0.0,0.0,0.0,0.0,527.0,-551.0
2014-04-11,-485.0,-195.0,144.0,335.0,0.0,0.0,0.0,0.0,527.0,-547.0
2014-04-14,0.0,-197.0,145.0,339.0,-288.0,0.0,0.0,506.0,0.0,-545.0
2014-04-15,0.0,-195.0,142.0,337.0,-287.0,0.0,0.0,504.0,0.0,-543.0
2014-04-16,0.0,-195.0,143.0,339.0,-285.0,0.0,0.0,509.0,0.0,-542.0
2014-04-17,0.0,-197.0,145.0,342.0,-284.0,0.0,0.0,509.0,-527.0,0.0
2014-04-18,0.0,-202.0,149.0,356.0,-283.0,0.0,-292.0,517.0,0.0,0.0
2014-04-21,0.0,-200.0,150.0,359.0,-280.0,0.0,-290.0,518.0,0.0,0.0
2014-04-22,497.0,-200.0,150.0,358.0,-278.0,0.0,-289.0,0.0,0.0,0.0
2014-04-23,493.0,-199.0,150.0,353.0,-280.0,0.0,-289.0,0.0,0.0,0.0
2014-04-24,492.0,-195.0,151.0,355.0,-280.0,0.0,0.0,-509.0,0.0,0.0
2014-04-25,493.0,-197.0,153.0,358.0,-282.0,0.0,0.0,-509.0,0.0,0.0
2014-04-28,500.0,-201.0,156.0,360.0,-283.0,0.0,0.0,-510.0,0.0,0.0
2014-04-29,496.0,-201.0,155.0,360.0,-284.0,0.0,-289.0,0.0,0.0,0.0
2014-04-30,498.0,-201.0,163.0,370.0,0.0,0.0,-290.0,-501.0,0.0,0.0
2014-05-05,497.0,-216.0,141.0,331.0,0.0,0.0,-307.0,-515.0,0.0,0.0
2014-05-06,0.0,-217.0,142.0,331.0,0.0,0.0,307.0,-517.0,0.0,-547.0
2014-05-07,0.0,-223.0,142.0,333.0,295.0,0.0,0.0,-522.0,0.0,-547.0
2014-05-08,0.0,-227.0,141.0,332.0,0.0,0.0,307.0,0.0,-556.0,-550.0
2014-05-09,0.0,-227.0,141.0,0.0,297.0,0.0,309.0,0.0,-550.0,-550.0
2014-05-12,0.0,-225.0,138.0,322.0,0.0,0.0,310.0,0.0,-546.0,-548.0
2014-05-13,0.0,-225.0,0.0,326.0,298.0,0.0,309.0,0.0,-543.0,-547.0
2014-05-14,0.0,-226.0,0.0,328.0,298.0,0.0,310.0,0.0,-538.0,-544.0
2014-05-15,0.0,-226.0,0.0,334.0,300.0,0.0,312.0,0.0,-540.0,-546.0
2014-05-16,0.0,-232.0,145.0,343.0,0.0,0.0,312.0,0.0,-539.0,-548.0
2014-05-19,0.0,-236.0,145.0,341.0,0.0,0.0,312.0,0.0,-527.0,-550.0
2014-05-20,0.0,-238.0,146.0,341.0,0.0,0.0,312.0,0.0,-530.0,-552.0
2014-05-21,0.0,-235.0,147.0,345.0,0.0,0.0,310.0,0.0,-521.0,-549.0
2014-05-22,0.0,-233.0,145.0,340.0,0.0,0.0,305.0,0.0,-520.0,-546.0
2014-05-23,508.0,-236.0,145.0,341.0,0.0,0.0,0.0,0.0,-513.0,-545.0
2014-05-26,501.0,-231.0,140.0,329.0,0.0,0.0,0.0,0.0,-509.0,-549.0
2014-05-27,0.0,-230.0,140.0,330.0,299.0,0.0,0.0,-530.0,-516.0,0.0
2014-05-28,0.0,-236.0,143.0,337.0,298.0,0.0,0.0,-535.0,0.0,-541.0
2014-05-29,0.0,-237.0,144.0,340.0,295.0,0.0,0.0,-536.0,0.0,-543.0
2014-05-30,511.0,-245.0,144.0,339.0,0.0,0.0,0.0,0.0,-509.0,-544.0
2014-06-03,510.0,-244.0,145.0,342.0,0.0,0.0,0.0,0.0,-509.0,-548.0
2014-06-04,511.0,-241.0,144.0,337.0,0.0,0.0,0.0,0.0,-500.0,-548.0
2014-06-05,510.0,-242.0,142.0,331.0,0.0,0.0,0.0,0.0,-493.0,-547.0
2014-06-06,508.0,-242.0,142.0,332.0,0.0,0.0,0.0,0.0,-491.0,-552.0
2014-06-09,511.0,-242.0,142.0,335.0,0.0,0.0,0.0,-544.0,0.0,-556.0
2014-06-10,510.0,-243.0,143.0,335.0,0.0,0.0,0.0,-543.0,0.0,-553.0
2014-06-11,511.0,-244.0,145.0,337.0,0.0,0.0,0.0,-547.0,0.0,-556.0
2014-06-12,513.0,-250.0,147.0,343.0,0.0,0.0,0.0,-551.0,0.0,-555.0
2014-06-13,513.0,-250.0,146.0,341.0,-279.0,0.0,0.0,0.0,0.0,-547.0
2014-06-16,517.0,-252.0,147.0,348.0,-278.0,0.0,0.0,0.0,0.0,-546.0
2014-06-17,515.0,-250.0,145.0,343.0,-282.0,0.0,0.0,0.0,0.0,-550.0
2014-06-18,511.0,-251.0,146.0,345.0,-283.0,0.0,0.0,0.0,0.0,-551.0
2014-06-19,511.0,-251.0,147.0,348.0,-283.0,0.0,0.0,0.0,0.0,-550.0
2014-06-20,508.0,-246.0,145.0,344.0,-280.0,0.0,0.0,0.0,0.0,-547.0
2014-06-23,505.0,-241.0,146.0,343.0,-285.0,0.0,0.0,0.0,0.0,-546.0
2014-06-24,0.0,-244.0,146.0,345.0,0.0,0.0,305.0,-544.0,0.0,-548.0
2014-06-25,507.0,-241.0,146.0,342.0,-284.0,0.0,0.0,0.0,0.0,-545.0
2014-06-26,502.0,-232.0,144.0,339.0,-285.0,0.0,0.0,0.0,0.0,-545.0
2014-06-27,504.0,-236.0,146.0,342.0,0.0,0.0,0.0,-540.0,0.0,-546.0
2014-06-30,507.0,-240.0,148.0,345.0,-280.0,0.0,0.0,0.0,0.0,-547.0
2014-07-01,506.0,-238.0,148.0,346.0,-279.0,0.0,0.0,0.0,0.0,-548.0
2014-07-02,504.0,-233.0,147.0,343.0,-280.0,0.0,0.0,0.0,0.0,-549.0
2014-07-03,0.0,-234.0,148.0,347.0,0.0,0.0,0.0,-541.0,459.0,-551.0
2014-07-04,504.0,-234.0,150.0,353.0,-277.0,0.0,0.0,0.0,0.0,-551.0
2014-07-07,506.0,-236.0,149.0,355.0,-274.0,0.0,0.0,0.0,0.0,-549.0
2014-07-08,0.0,-231.0,149.0,350.0,-274.0,0.0,0.0,0.0,468.0,-548.0
2014-07-09,0.0,-237.0,150.0,355.0,-279.0,0.0,0.0,0.0,472.0,-551.0
2014-07-10,501.0,-236.0,151.0,357.0,0.0,0.0,0.0,-539.0,0.0,-551.0
2014-07-11,0.0,-234.0,153.0,361.0,0.0,0.0,0.0,-537.0,469.0,-549.0
2014-07-14,495.0,-233.0,153.0,362.0,-281.0,0.0,0.0,0.0,0.0,-547.0
2014-07-15,496.0,-233.0,152.0,360.0,-282.0,0.0,0.0,0.0,0.0,-551.0
2014-07-16,498.0,-232.0,153.0,363.0,-280.0,0.0,0.0,0.0,0.0,-552.0
2014-07-17,501.0,-235.0,154.0,364.0,-284.0,0.0,0.0,0.0,0.0,-556.0
2014-07-18,509.0,-244.0,154.0,368.0,-289.0,0.0,0.0,0.0,0.0,-555.0
2014-07-21,508.0,-243.0,153.0,365.0,0.0,0.0,0.0,0.0,-457.0,-553.0
2014-07-22,507.0,-243.0,153.0,367.0,-289.0,0.0,0.0,0.0,0.0,-551.0
2014-07-23,508.0,-244.0,157.0,371.0,0.0,0.0,0.0,0.0,-445.0,-555.0
2014-07-24,507.0,-247.0,158.0,372.0,-287.0,0.0,0.0,0.0,0.0,-554.0
2014-07-25,506.0,-245.0,160.0,373.0,-286.0,0.0,0.0,0.0,0.0,-552.0
2014-07-28,505.0,-241.0,160.0,371.0,-283.0,0.0,0.0,0.0,0.0,-551.0
2014-07-29,502.0,-240.0,159.0,0.0,-282.0,0.0,0.0,0.0,450.0,-550.0
2014-07-30,505.0,-242.0,160.0,371.0,-282.0,0.0,0.0,0.0,0.0,-549.0
2014-07-31,507.0,-241.0,161.0,376.0,-284.0,0.0,0.0,0.0,0.0,-550.0
2014-08-01,508.0,-243.0,163.0,375.0,0.0,0.0,0.0,-539.0,0.0,-550.0
2014-08-04,507.0,-240.0,160.0,372.0,-286.0,0.0,0.0,0.0,0.0,-549.0
2014-08-05,504.0,-241.0,161.0,372.0,0.0,0.0,0.0,-534.0,0.0,-547.0
2014-08-06,500.0,-242.0,161.0,372.0,0.0,0.0,0.0,-534.0,0.0,-547.0
2014-08-07,499.0,-243.0,161.0,375.0,0.0,0.0,0.0,-536.0,0.0,-548.0
2014-08-08,502.0,-243.0,161.0,375.0,0.0,0.0,0.0,-537.0,0.0,-549.0
2014-08-11,503.0,-244.0,161.0,376.0,0.0,0.0,0.0,-540.0,0.0,-548.0
2014-08-12,501.0,-244.0,163.0,381.0,0.0,0.0,0.0,0.0,-443.0,-553.0
2014-08-13,504.0,-248.0,165.0,386.0,0.0,0.0,0.0,-542.0,0.0,-551.0
2014-08-14,508.0,-252.0,170.0,390.0,0.0,0.0,0.0,-546.0,0.0,-552.0
2014-08-15,505.0,-247.0,165.0,374.0,-295.0,0.0,0.0,0.0,0.0,-552.0
2014-08-18,508.0,-251.0,167.0,378.0,-295.0,0.0,0.0,0.0,0.0,-550.0
2014-08-19,507.0,-250.0,166.0,379.0,-294.0,0.0,0.0,0.0,0.0,-550.0
2014-08-20,510.0,-249.0,167.0,378.0,0.0,0.0,0.0,-551.0,0.0,-551.0
2014-08-21,509.0,-251.0,167.0,377.0,0.0,0.0,0.0,-557.0,0.0,-550.0
2014-08-22,519.0,-252.0,166.0,376.0,-295.0,0.0,0.0,0.0,0.0,-549.0
2014-08-25,522.0,-253.0,163.0,374.0,-296.0,0.0,0.0,0.0,0.0,-550.0
2014-08-26,525.0,-254.0,160.0,375.0,0.0,0.0,0.0,-556.0,0.0,-549.0
2014-08-27,526.0,-262.0,161.0,376.0,0.0,0.0,0.0,-561.0,0.0,-549.0
2014-08-28,532.0,-267.0,162.0,378.0,0.0,0.0,0.0,-569.0,0.0,-549.0
2014-08-29,527.0,-280.0,160.0,372.0,-303.0,0.0,0.0,0.0,0.0,-558.0
2014-09-01,529.0,0.0,152.0,351.0,-310.0,0.0,-317.0,0.0,-497.0,0.0
2014-09-02,0.0,-265.0,149.0,346.0,0.0,0.0,314.0,-583.0,0.0,-552.0
2014-09-03,0.0,-275.0,152.0,350.0,0.0,0.0,314.0,-597.0,0.0,-551.0
2014-09-04,0.0,-281.0,152.0,352.0,-305.0,0.0,312.0,0.0,0.0,-551.0
2014-09-05,0.0,-285.0,154.0,354.0,-308.0,0.0,315.0,0.0,0.0,-553.0
2014-09-09,0.0,-285.0,157.0,359.0,0.0,0.0,318.0,-616.0,0.0,-555.0
2014-09-10,0.0,-282.0,155.0,358.0,-315.0,0.0,320.0,0.0,0.0,-560.0
2014-09-11,0.0,-285.0,156.0,360.0,-314.0,0.0,320.0,0.0,0.0,-562.0
2014-09-12,0.0,-282.0,155.0,357.0,-317.0,0.0,322.0,0.0,0.0,-561.0
2014-09-15,0.0,-279.0,153.0,350.0,-315.0,0.0,321.0,0.0,0.0,-560.0
2014-09-16,0.0,-279.0,154.0,353.0,-316.0,0.0,320.0,0.0,0.0,-567.0
2014-09-17,0.0,-279.0,153.0,349.0,-318.0,-564.0,323.0,0.0,0.0,0.0
2014-09-18,0.0,-282.0,153.0,352.0,-322.0,-564.0,325.0,0.0,0.0,0.0
2014-09-19,0.0,-289.0,155.0,355.0,0.0,-561.0,326.0,0.0,0.0,-572.0
2014-09-22,0.0,-300.0,159.0,360.0,-329.0,-562.0,0.0,665.0,0.0,0.0
2014-09-23,0.0,-298.0,156.0,354.0,-335.0,-573.0,0.0,671.0,0.0,0.0
2014-09-24,0.0,-297.0,156.0,353.0,-331.0,-569.0,0.0,666.0,0.0,0.0
2014-09-25,0.0,-302.0,158.0,359.0,-329.0,-568.0,0.0,668.0,0.0,0.0
2014-09-26,0.0,-297.0,157.0,357.0,-328.0,-567.0,0.0,654.0,0.0,0.0
2014-09-29,0.0,-308.0,159.0,358.0,-322.0,-569.0,0.0,661.0,0.0,0.0
2014-09-30,-556.0,0.0,159.0,358.0,-321.0,-567.0,0.0,680.0,0.0,0.0
2014-10-08,-601.0,0.0,158.0,358.0,-333.0,-574.0,0.0,663.0,0.0,0.0
2014-10-09,0.0,-296.0,153.0,342.0,0.0,-575.0,0.0,0.0,574.0,-582.0
2014-10-10,0.0,-293.0,0.0,345.0,0.0,-592.0,345.0,647.0,0.0,-591.0
2014-10-13,-571.0,-285.0,0.0,341.0,0.0,-594.0,341.0,626.0,0.0,0.0
2014-10-14,-576.0,-283.0,0.0,344.0,0.0,-589.0,338.0,0.0,588.0,0.0
2014-10-15,0.0,-287.0,154.0,349.0,0.0,-588.0,337.0,0.0,-588.0,0.0
2014-10-16,0.0,-295.0,155.0,352.0,0.0,-594.0,0.0,628.0,-602.0,0.0
2014-10-17,0.0,-293.0,155.0,357.0,0.0,-598.0,0.0,630.0,-602.0,0.0
2014-10-20,0.0,-287.0,0.0,356.0,0.0,-609.0,354.0,624.0,-599.0,0.0
2014-10-21,0.0,-290.0,0.0,358.0,0.0,-604.0,354.0,631.0,-593.0,0.0
2014-10-22,0.0,-290.0,0.0,359.0,0.0,-603.0,353.0,637.0,-594.0,0.0
2014-10-23,0.0,-292.0,0.0,359.0,0.0,-596.0,347.0,644.0,-592.0,0.0
2014-10-24,583.0,-289.0,0.0,355.0,0.0,-594.0,0.0,635.0,-585.0,0.0
2014-10-27,582.0,-293.0,0.0,359.0,0.0,-599.0,0.0,631.0,-587.0,0.0
2014-10-28,0.0,-294.0,153.0,359.0,0.0,-599.0,0.0,628.0,-595.0,0.0
2014-10-29,0.0,-294.0,153.0,359.0,0.0,-596.0,0.0,622.0,-590.0,0.0
2014-10-30,0.0,-294.0,153.0,361.0,0.0,-596.0,0.0,623.0,-593.0,0.0
2014-10-31,0.0,-296.0,154.0,362.0,0.0,-598.0,0.0,628.0,-597.0,0.0
2014-11-03,0.0,-306.0,154.0,365.0,0.0,-608.0,0.0,638.0,-613.0,0.0
2014-11-04,0.0,-304.0,156.0,371.0,0.0,-610.0,0.0,634.0,-621.0,0.0
2014-11-05,0.0,-306.0,157.0,372.0,0.0,-622.0,0.0,639.0,-624.0,0.0
2014-11-06,0.0,-313.0,157.0,370.0,0.0,-629.0,0.0,637.0,-617.0,0.0
2014-11-07,0.0,-310.0,156.0,365.0,0.0,-635.0,0.0,634.0,-609.0,0.0
2014-11-10,0.0,-309.0,155.0,360.0,0.0,-629.0,0.0,626.0,-590.0,0.0
2014-11-11,0.0,-310.0,156.0,359.0,0.0,-627.0,0.0,631.0,-595.0,0.0
2014-11-12,0.0,-311.0,155.0,358.0,0.0,-618.0,0.0,631.0,-588.0,0.0
2014-11-13,0.0,-310.0,156.0,357.0,0.0,-618.0,0.0,637.0,-577.0,0.0
2014-11-14,0.0,-309.0,157.0,358.0,0.0,-621.0,0.0,636.0,-584.0,0.0
2014-11-17,0.0,-310.0,157.0,358.0,0.0,-626.0,0.0,638.0,-591.0,0.0
2014-11-18,0.0,-321.0,158.0,363.0,0.0,-625.0,0.0,653.0,-588.0,0.0
2014-11-19,0.0,-325.0,158.0,364.0,0.0,-624.0,0.0,651.0,-572.0,0.0
2014-11-20,0.0,-324.0,158.0,364.0,0.0,-614.0,0.0,654.0,-567.0,0.0
2014-11-21,0.0,-322.0,158.0,362.0,0.0,-618.0,0.0,641.0,-567.0,0.0
2014-11-24,0.0,-324.0,157.0,363.0,0.0,-626.0,0.0,649.0,-572.0,0.0
2014-11-25,0.0,-326.0,156.0,359.0,0.0,-624.0,0.0,644.0,-571.0,0.0
2014-11-26,0.0,-332.0,156.0,360.0,0.0,-634.0,0.0,645.0,-575.0,0.0
2014-11-27,0.0,-321.0,156.0,355.0,0.0,-642.0,0.0,629.0,-580.0,0.0
2014-11-28,0.0,-320.0,156.0,357.0,0.0,-654.0,0.0,632.0,-605.0,0.0
2014-12-01,0.0,-322.0,157.0,355.0,0.0,-670.0,0.0,640.0,-613.0,0.0
2014-12-02,0.0,-324.0,157.0,358.0,0.0,0.0,356.0,0.0,-607.0,-571.0
2014-12-03,0.0,-321.0,157.0,355.0,0.0,0.0,0.0,636.0,-592.0,-576.0
2014-12-04,0.0,-315.0,156.0,354.0,0.0,0.0,0.0,632.0,-597.0,-573.0
2014-12-05,0.0,-317.0,156.0,354.0,366.0,0.0,0.0,0.0,-604.0,-574.0
2014-12-08,0.0,-321.0,156.0,354.0,0.0,0.0,371.0,0.0,-625.0,-575.0
2014-12-09,0.0,-319.0,156.0,352.0,0.0,712.0,0.0,0.0,-657.0,-574.0
2014-12-10,0.0,-321.0,155.0,352.0,0.0,0.0,388.0,0.0,-647.0,-577.0
2014-12-11,0.0,-321.0,154.0,350.0,0.0,0.0,393.0,0.0,-665.0,-575.0
2014-12-12,0.0,-316.0,155.0,345.0,0.0,0.0,394.0,0.0,-664.0,-575.0
2014-12-15,0.0,-318.0,155.0,355.0,0.0,-718.0,385.0,0.0,-669.0,0.0
2014-12-16,559.0,-321.0,155.0,352.0,-378.0,0.0,0.0,0.0,-694.0,0.0
2014-12-17,559.0,-318.0,158.0,353.0,-371.0,0.0,-379.0,0.0,0.0,0.0
2014-12-18,558.0,-319.0,155.0,351.0,-359.0,0.0,-366.0,0.0,0.0,0.0
2014-12-19,557.0,-319.0,155.0,350.0,-347.0,0.0,0.0,0.0,-706.0,0.0
2014-12-22,562.0,-321.0,156.0,357.0,-342.0,-781.0,0.0,0.0,0.0,0.0
2014-12-23,570.0,-327.0,0.0,357.0,-348.0,-801.0,0.0,653.0,0.0,0.0
2014-12-24,564.0,-327.0,156.0,349.0,0.0,-775.0,0.0,0.0,-718.0,0.0
2014-12-25,564.0,-334.0,156.0,349.0,0.0,-778.0,0.0,0.0,-721.0,0.0
2014-12-26,565.0,-334.0,156.0,352.0,0.0,-775.0,0.0,0.0,-720.0,0.0
2014-12-29,559.0,-325.0,156.0,347.0,0.0,-786.0,0.0,0.0,-717.0,0.0
2014-12-30,556.0,-315.0,150.0,345.0,0.0,-787.0,0.0,0.0,-712.0,0.0
2014-12-31,561.0,-317.0,147.0,344.0,-338.0,-782.0,0.0,0.0,0.0,0.0
2015-01-05,574.0,-333.0,162.0,380.0,-400.0,-800.0,0.0,0.0,0.0,0.0
2015-01-06,0.0,-321.0,158.0,373.0,0.0,-796.0,443.0,0.0,-709.0,0.0
2015-01-07,0.0,-325.0,158.0,375.0,0.0,-795.0,449.0,0.0,-721.0,0.0
2015-01-08,0.0,-326.0,0.0,374.0,402.0,-793.0,451.0,0.0,-717.0,0.0
2015-01-09,0.0,-327.0,158.0,377.0,0.0,-799.0,466.0,0.0,-720.0,0.0
2015-01-12,0.0,-334.0,160.0,383.0,0.0,-825.0,463.0,0.0,-722.0,0.0
2015-01-13,609.0,-333.0,0.0,382.0,0.0,-841.0,464.0,0.0,-739.0,0.0
2015-01-14,0.0,-335.0,161.0,383.0,0.0,-837.0,463.0,0.0,-741.0,0.0
2015-01-15,619.0,-329.0,159.0,382.0,0.0,-821.0,0.0,0.0,-725.0,0.0
2015-01-16,621.0,-329.0,159.0,0.0,0.0,-813.0,459.0,0.0,-726.0,0.0
2015-01-19,0.0,-328.0,160.0,0.0,393.0,-797.0,448.0,0.0,-715.0,0.0
2015-01-20,0.0,-332.0,161.0,383.0,0.0,-799.0,458.0,0.0,-719.0,0.0
2015-01-21,0.0,-343.0,161.0,384.0,0.0,-783.0,453.0,0.0,-709.0,0.0
2015-01-22,0.0,-342.0,161.0,385.0,0.0,-782.0,454.0,0.0,-699.0,0.0
2015-01-23,0.0,-350.0,161.0,384.0,0.0,-781.0,454.0,0.0,-700.0,0.0
2015-01-26,0.0,0.0,164.0,387.0,0.0,-795.0,463.0,-680.0,-721.0,0.0
2015-01-27,0.0,0.0,163.0,383.0,0.0,-790.0,461.0,-679.0,-718.0,0.0
2015-01-28,0.0,0.0,162.0,381.0,0.0,-774.0,456.0,-674.0,-714.0,0.0
2015-01-29,0.0,0.0,163.0,383.0,0.0,-780.0,457.0,-665.0,-720.0,0.0
2015-01-30,0.0,0.0,163.0,382.0,0.0,-789.0,462.0,-667.0,-727.0,0.0
2015-02-02,0.0,0.0,162.0,379.0,398.0,-775.0,0.0,-669.0,-728.0,0.0
2015-02-03,0.0,0.0,162.0,377.0,386.0,-756.0,0.0,-674.0,-706.0,0.0
2015-02-04,648.0,0.0,162.0,379.0,0.0,-754.0,0.0,-676.0,-701.0,0.0
2015-02-05,0.0,0.0,162.0,379.0,390.0,-754.0,0.0,-674.0,-707.0,0.0
2015-02-06,0.0,0.0,160.0,376.0,0.0,-740.0,425.0,-668.0,-696.0,0.0
2015-02-09,0.0,0.0,161.0,381.0,0.0,-748.0,429.0,-673.0,-701.0,0.0
2015-02-10,0.0,0.0,161.0,379.0,0.0,-754.0,428.0,-670.0,-707.0,0.0
2015-02-11,0.0,0.0,161.0,379.0,0.0,-753.0,426.0,-669.0,-708.0,0.0
2015-02-12,0.0,0.0,161.0,379.0,0.0,-746.0,425.0,-670.0,-709.0,0.0
2015-02-13,0.0,0.0,160.0,376.0,0.0,-723.0,411.0,-663.0,-697.0,0.0
2015-02-16,635.0,-335.0,160.0,374.0,0.0,-715.0,0.0,0.0,-683.0,0.0
2015-02-17,638.0,-338.0,162.0,379.0,0.0,-717.0,0.0,0.0,-679.0,0.0
2015-02-25,643.0,-348.0,164.0,383.0,0.0,-709.0,0.0,-671.0,0.0,0.0
2015-02-26,639.0,0.0,162.0,378.0,0.0,-693.0,0.0,-665.0,-675.0,0.0
2015-02-27,645.0,-344.0,163.0,383.0,0.0,-697.0,0.0,0.0,-680.0,0.0
2015-03-02,643.0,-345.0,163.0,381.0,0.0,-681.0,0.0,-674.0,0.0,0.0
2015-03-03,645.0,0.0,163.0,381.0,0.0,-700.0,0.0,0.0,-657.0,-622.0
2015-03-04,644.0,-349.0,163.0,385.0,0.0,0.0,0.0,0.0,-664.0,-622.0
2015-03-05,0.0,0.0,167.0,390.0,0.0,0.0,404.0,-681.0,-687.0,-624.0
2015-03-06,0.0,0.0,167.0,390.0,0.0,-691.0,407.0,-689.0,0.0,-626.0
2015-03-09,660.0,0.0,166.0,387.0,0.0,-687.0,0.0,-694.0,0.0,-629.0
2015-03-10,667.0,-363.0,166.0,388.0,0.0,-697.0,0.0,0.0,0.0,-631.0
2015-03-11,668.0,-361.0,166.0,386.0,0.0,0.0,0.0,0.0,-709.0,-640.0
2015-03-12,664.0,-359.0,0.0,386.0,0.0,0.0,403.0,-699.0,-700.0,0.0
2015-03-13,666.0,-362.0,0.0,385.0,-354.0,0.0,0.0,0.0,-706.0,635.0
2015-03-16,659.0,-359.0,0.0,385.0,0.0,692.0,0.0,-691.0,-721.0,0.0
2015-03-17,658.0,-363.0,0.0,389.0,0.0,706.0,0.0,-692.0,-713.0,0.0
2015-03-18,0.0,-375.0,170.0,393.0,0.0,722.0,0.0,0.0,-728.0,-625.0
2015-03-19,0.0,-375.0,170.0,395.0,0.0,719.0,0.0,0.0,-717.0,-620.0
2015-03-20,0.0,-381.0,171.0,393.0,0.0,717.0,0.0,0.0,-717.0,-610.0
2015-03-23,0.0,-377.0,173.0,395.0,0.0,710.0,0.0,0.0,-708.0,-595.0
2015-03-24,0.0,-375.0,173.0,393.0,0.0,686.0,0.0,0.0,-694.0,-597.0
2015-03-25,657.0,-382.0,0.0,400.0,0.0,0.0,0.0,681.0,-710.0,-600.0
2015-03-26,662.0,-393.0,176.0,393.0,0.0,0.0,0.0,0.0,-703.0,-590.0
2015-03-27,665.0,-402.0,177.0,399.0,0.0,0.0,0.0,0.0,-724.0,-600.0
2015-03-30,670.0,0.0,178.0,398.0,-333.0,-698.0,0.0,0.0,0.0,-589.0
2015-03-31,673.0,0.0,178.0,395.0,-333.0,-687.0,0.0,0.0,0.0,-583.0
2015-04-01,680.0,0.0,177.0,393.0,0.0,-685.0,0.0,0.0,-739.0,-583.0
2015-04-02,692.0,0.0,182.0,394.0,0.0,0.0,-366.0,0.0,-738.0,-579.0
2015-04-03,695.0,0.0,182.0,394.0,-330.0,-678.0,0.0,0.0,0.0,-582.0
2015-04-07,712.0,0.0,182.0,397.0,0.0,-673.0,0.0,0.0,-708.0,-567.0
2015-04-08,709.0,-428.0,184.0,396.0,0.0,0.0,0.0,0.0,-685.0,-569.0
2015-04-09,717.0,-443.0,189.0,395.0,0.0,0.0,-361.0,0.0,-684.0,0.0
2015-04-10,722.0,-455.0,189.0,401.0,0.0,0.0,0.0,0.0,-697.0,-574.0
2015-04-13,706.0,0.0,184.0,394.0,0.0,0.0,-361.0,0.0,-696.0,-580.0
2015-04-14,0.0,-431.0,184.0,392.0,0.0,0.0,-372.0,736.0,-671.0,0.0
2015-04-15,719.0,-424.0,186.0,391.0,0.0,0.0,0.0,0.0,-661.0,-586.0
2015-04-16,710.0,-416.0,185.0,391.0,0.0,-661.0,0.0,0.0,-650.0,0.0
2015-04-17,710.0,-414.0,187.0,388.0,0.0,-653.0,-358.0,0.0,0.0,0.0
2015-04-20,718.0,-416.0,187.0,393.0,0.0,-644.0,-361.0,0.0,0.0,0.0
2015-04-21,715.0,-408.0,187.0,393.0,0.0,-653.0,0.0,0.0,-630.0,0.0
2015-04-22,704.0,-399.0,187.0,393.0,0.0,0.0,-361.0,0.0,-628.0,0.0
2015-04-23,705.0,-395.0,188.0,393.0,0.0,-658.0,0.0,0.0,-633.0,0.0
2015-04-24,691.0,-381.0,186.0,394.0,-321.0,0.0,-355.0,0.0,0.0,0.0
2015-04-27,0.0,-372.0,185.0,391.0,0.0,0.0,-342.0,-730.0,631.0,0.0
2015-04-28,686.0,-367.0,187.0,395.0,-315.0,0.0,-343.0,0.0,0.0,0.0
2015-04-29,697.0,-372.0,188.0,396.0,0.0,0.0,-348.0,0.0,0.0,-572.0
2015-04-30,694.0,-362.0,195.0,390.0,-306.0,0.0,0.0,0.0,0.0,-567.0
2015-05-04,0.0,-392.0,183.0,414.0,-326.0,0.0,0.0,691.0,0.0,-567.0
2015-05-05,0.0,0.0,179.0,407.0,0.0,0.0,375.0,-686.0,-618.0,-571.0
2015-05-06,0.0,-374.0,178.0,408.0,0.0,0.0,375.0,-686.0,-596.0,0.0
2015-05-07,0.0,-384.0,180.0,410.0,0.0,0.0,383.0,-692.0,-604.0,0.0
2015-05-08,0.0,-381.0,178.0,404.0,0.0,0.0,387.0,-691.0,-613.0,0.0
2015-05-11,0.0,-377.0,179.0,407.0,0.0,0.0,389.0,-688.0,-608.0,0.0
2015-05-12,0.0,-381.0,182.0,412.0,0.0,0.0,395.0,-697.0,-617.0,0.0
2015-05-13,0.0,-389.0,182.0,411.0,0.0,0.0,394.0,-699.0,-619.0,0.0
2015-05-14,0.0,0.0,183.0,413.0,0.0,0.0,394.0,-705.0,-629.0,-574.0
2015-05-15,0.0,0.0,182.0,412.0,0.0,0.0,392.0,-703.0,-628.0,-569.0
2015-05-18,0.0,0.0,182.0,414.0,0.0,0.0,398.0,-710.0,-630.0,-565.0
2015-05-19,0.0,0.0,183.0,415.0,0.0,0.0,403.0,-712.0,-644.0,-572.0
2015-05-20,0.0,0.0,185.0,418.0,0.0,0.0,403.0,-720.0,-663.0,-582.0
2015-05-21,0.0,0.0,183.0,411.0,0.0,-678.0,395.0,-711.0,-658.0,0.0
2015-05-22,0.0,0.0,183.0,408.0,0.0,-675.0,395.0,-709.0,-649.0,0.0
2015-05-25,-679.0,0.0,183.0,408.0,0.0,0.0,397.0,-710.0,-667.0,0.0
2015-05-26,0.0,-385.0,183.0,410.0,0.0,0.0,400.0,-709.0,-663.0,0.0
2015-05-27,0.0,-385.0,183.0,408.0,0.0,0.0,400.0,-708.0,-661.0,0.0
2015-05-28,0.0,-388.0,182.0,407.0,0.0,0.0,402.0,-708.0,-664.0,0.0
2015-05-29,-678.0,0.0,182.0,404.0,0.0,0.0,401.0,-707.0,-662.0,0.0
2015-06-01,-672.0,0.0,181.0,401.0,0.0,0.0,401.0,-703.0,-653.0,0.0
2015-06-02,0.0,-378.0,180.0,400.0,0.0,0.0,398.0,-702.0,-639.0,0.0
2015-06-03,0.0,-384.0,181.0,404.0,0.0,0.0,396.0,-710.0,-637.0,0.0
2015-06-04,0.0,0.0,181.0,401.0,-352.0,0.0,394.0,-707.0,-643.0,0.0
2015-06-05,0.0,0.0,182.0,407.0,-353.0,0.0,393.0,-712.0,-645.0,0.0
2015-06-08,0.0,0.0,183.0,406.0,-357.0,0.0,397.0,-714.0,-650.0,0.0
2015-06-09,0.0,0.0,183.0,407.0,0.0,-678.0,397.0,-713.0,-651.0,0.0
2015-06-10,0.0,0.0,181.0,399.0,0.0,-671.0,388.0,-713.0,-639.0,0.0
2015-06-11,0.0,0.0,182.0,402.0,-344.0,0.0,0.0,-708.0,-643.0,596.0
2015-06-12,0.0,0.0,185.0,403.0,-348.0,0.0,389.0,-725.0,-657.0,0.0
2015-06-15,0.0,0.0,186.0,403.0,0.0,-676.0,386.0,-731.0,-659.0,0.0
2015-06-16,0.0,0.0,185.0,403.0,-344.0,0.0,0.0,-743.0,-654.0,604.0
2015-06-17,0.0,392.0,189.0,412.0,0.0,-662.0,0.0,-750.0,-656.0,0.0
2015-06-18,0.0,389.0,190.0,413.0,0.0,-669.0,0.0,-742.0,-663.0,0.0
2015-06-19,0.0,386.0,189.0,409.0,0.0,-663.0,0.0,-742.0,-660.0,0.0
2015-06-23,0.0,387.0,189.0,410.0,0.0,-671.0,0.0,-744.0,-656.0,0.0
2015-06-24,0.0,375.0,189.0,408.0,0.0,-664.0,0.0,-744.0,-650.0,0.0
2015-06-25,0.0,382.0,191.0,412.0,0.0,-666.0,0.0,-751.0,-657.0,0.0
2015-06-26,0.0,381.0,190.0,412.0,0.0,-663.0,0.0,-753.0,-660.0,0.0
2015-06-29,0.0,389.0,192.0,412.0,-341.0,0.0,0.0,-764.0,-654.0,0.0
2015-06-30,0.0,401.0,192.0,410.0,-338.0,0.0,0.0,-781.0,-680.0,0.0
2015-07-01,0.0,403.0,191.0,407.0,-336.0,-672.0,0.0,-785.0,0.0,0.0
2015-07-02,0.0,400.0,190.0,405.0,-336.0,0.0,0.0,-785.0,0.0,-591.0
2015-07-03,0.0,408.0,189.0,412.0,-337.0,0.0,0.0,-786.0,-671.0,0.0
2015-07-06,0.0,422.0,196.0,425.0,-346.0,0.0,0.0,-822.0,-692.0,0.0
2015-07-07,0.0,443.0,197.0,434.0,-357.0,-708.0,0.0,-852.0,0.0,0.0
2015-07-08,0.0,478.0,204.0,447.0,-375.0,0.0,0.0,-881.0,-756.0,0.0
2015-07-09,0.0,454.0,201.0,432.0,-350.0,0.0,0.0,-832.0,-719.0,0.0
2015-07-10,0.0,457.0,206.0,441.0,-349.0,0.0,0.0,-830.0,-718.0,0.0
2015-07-13,0.0,0.0,205.0,443.0,-352.0,-708.0,0.0,-830.0,0.0,632.0
2015-07-14,0.0,451.0,206.0,453.0,-353.0,-720.0,0.0,-830.0,0.0,0.0
2015-07-15,0.0,453.0,207.0,445.0,-351.0,0.0,0.0,-838.0,-735.0,0.0
2015-07-16,0.0,455.0,206.0,447.0,-358.0,0.0,0.0,-831.0,-734.0,0.0
2015-07-17,0.0,452.0,206.0,447.0,-359.0,0.0,0.0,-831.0,-738.0,0.0
2015-07-20,0.0,437.0,203.0,442.0,-357.0,0.0,0.0,-804.0,-724.0,0.0
2015-07-21,0.0,430.0,206.0,448.0,-360.0,0.0,0.0,-814.0,-726.0,0.0
2015-07-22,0.0,0.0,207.0,454.0,-355.0,0.0,0.0,-833.0,-721.0,628.0
2015-07-23,0.0,437.0,207.0,452.0,-356.0,0.0,0.0,-829.0,-722.0,0.0
2015-07-24,0.0,439.0,208.0,454.0,-366.0,0.0,0.0,-835.0,-726.0,0.0
2015-07-27,0.0,428.0,207.0,454.0,-377.0,0.0,0.0,-822.0,-731.0,0.0
2015-07-28,0.0,-422.0,205.0,456.0,0.0,0.0,422.0,-821.0,-734.0,0.0
2015-07-29,0.0,-410.0,203.0,447.0,-372.0,0.0,0.0,-800.0,0.0,632.0
2015-07-30,0.0,-417.0,205.0,456.0,-374.0,0.0,0.0,-804.0,0.0,634.0
2015-07-31,0.0,410.0,202.0,452.0,-374.0,0.0,0.0,-787.0,-729.0,0.0
2015-08-03,0.0,-405.0,204.0,455.0,0.0,0.0,431.0,-788.0,-740.0,0.0
2015-08-04,0.0,-400.0,202.0,451.0,0.0,815.0,0.0,-784.0,-738.0,0.0
2015-08-05,0.0,390.0,203.0,452.0,-375.0,0.0,-418.0,0.0,-725.0,0.0
2015-08-06,0.0,-393.0,202.0,451.0,-378.0,0.0,0.0,785.0,-736.0,0.0
2015-08-07,0.0,-395.0,203.0,451.0,0.0,827.0,-410.0,0.0,0.0,-625.0
2015-08-10,0.0,0.0,203.0,449.0,0.0,0.0,-408.0,796.0,-730.0,-629.0
2015-08-11,0.0,0.0,203.0,445.0,-362.0,0.0,-398.0,804.0,-737.0,0.0
2015-08-12,0.0,0.0,201.0,448.0,-358.0,0.0,-398.0,794.0,0.0,-620.0
2015-08-13,804.0,-378.0,201.0,446.0,-359.0,0.0,0.0,0.0,0.0,-614.0
2015-08-14,0.0,-375.0,200.0,446.0,-360.0,0.0,0.0,785.0,0.0,-617.0
2015-08-17,0.0,-378.0,199.0,449.0,-366.0,0.0,0.0,794.0,0.0,-616.0
2015-08-18,0.0,-369.0,197.0,451.0,0.0,0.0,-406.0,794.0,0.0,-617.0
2015-08-19,0.0,-379.0,196.0,451.0,0.0,0.0,-402.0,798.0,0.0,-617.0
2015-08-20,0.0,-378.0,200.0,453.0,-375.0,0.0,-404.0,812.0,0.0,0.0
2015-08-21,0.0,-377.0,200.0,453.0,0.0,0.0,-405.0,822.0,0.0,-618.0
2015-08-24,0.0,-393.0,201.0,463.0,-389.0,0.0,-419.0,851.0,0.0,0.0
2015-08-25,0.0,-387.0,201.0,477.0,0.0,0.0,-419.0,853.0,0.0,-621.0
2015-08-26,0.0,-393.0,200.0,489.0,-381.0,0.0,-421.0,846.0,0.0,0.0
2015-08-27,0.0,-389.0,199.0,495.0,-376.0,0.0,0.0,843.0,0.0,-624.0
2015-08-28,0.0,-378.0,198.0,497.0,-365.0,0.0,0.0,840.0,-773.0,0.0
2015-08-31,0.0,-369.0,196.0,505.0,-365.0,0.0,0.0,849.0,-786.0,0.0
2015-09-01,0.0,-429.0,212.0,484.0,-386.0,866.0,-434.0,0.0,0.0,0.0
2015-09-02,0.0,426.0,213.0,484.0,0.0,-866.0,-437.0,0.0,-728.0,0.0
2015-09-07,0.0,435.0,213.0,482.0,-392.0,-874.0,0.0,0.0,-729.0,0.0
2015-09-08,0.0,429.0,212.0,476.0,0.0,-865.0,-440.0,0.0,-734.0,0.0
2015-09-09,0.0,419.0,211.0,472.0,0.0,-863.0,0.0,0.0,-731.0,-661.0
2015-09-10,0.0,407.0,211.0,472.0,0.0,-857.0,-437.0,0.0,-717.0,0.0
2015-09-11,0.0,409.0,212.0,476.0,-386.0,-855.0,0.0,0.0,-711.0,0.0
2015-09-14,0.0,415.0,215.0,484.0,-391.0,-874.0,0.0,0.0,-716.0,0.0
2015-09-15,0.0,425.0,215.0,484.0,-392.0,-875.0,0.0,0.0,-729.0,0.0
2015-09-16,0.0,420.0,214.0,473.0,-391.0,-865.0,0.0,0.0,-715.0,0.0
2015-09-17,0.0,424.0,215.0,476.0,-394.0,-858.0,0.0,0.0,-716.0,0.0
2015-09-18,0.0,430.0,215.0,474.0,-398.0,-861.0,0.0,0.0,-723.0,0.0
2015-09-21,0.0,427.0,214.0,465.0,0.0,-855.0,0.0,-852.0,-719.0,0.0
2015-09-22,0.0,435.0,215.0,470.0,-396.0,-849.0,0.0,0.0,-725.0,0.0
2015-09-23,0.0,440.0,216.0,476.0,-391.0,-835.0,0.0,0.0,-720.0,0.0
2015-09-24,0.0,441.0,216.0,477.0,-394.0,-842.0,0.0,0.0,-725.0,0.0
2015-09-25,0.0,436.0,216.0,475.0,-399.0,-852.0,0.0,0.0,-728.0,0.0
2015-09-28,0.0,453.0,218.0,484.0,-404.0,-855.0,0.0,0.0,-744.0,0.0
2015-09-29,0.0,454.0,218.0,486.0,-405.0,-869.0,0.0,0.0,-740.0,0.0
2015-09-30,0.0,455.0,219.0,486.0,-402.0,-870.0,0.0,0.0,-736.0,0.0
2015-10-08,0.0,446.0,220.0,487.0,-396.0,-844.0,0.0,0.0,-709.0,0.0
2015-10-09,0.0,426.0,218.0,478.0,-385.0,-819.0,0.0,0.0,-695.0,0.0
2015-10-12,0.0,438.0,224.0,490.0,-386.0,-817.0,0.0,0.0,-693.0,0.0
2015-10-13,0.0,443.0,224.0,490.0,-388.0,-823.0,0.0,0.0,-704.0,0.0
2015-10-14,0.0,444.0,226.0,492.0,-394.0,-830.0,0.0,0.0,-707.0,0.0
2015-10-15,0.0,445.0,226.0,493.0,-394.0,-835.0,0.0,0.0,-707.0,0.0
2015-10-16,0.0,454.0,226.0,492.0,-397.0,-848.0,0.0,0.0,-710.0,0.0
2015-10-19,0.0,450.0,227.0,491.0,-399.0,-855.0,0.0,0.0,-713.0,0.0
2015-10-20,0.0,449.0,226.0,488.0,-397.0,-861.0,0.0,0.0,-716.0,0.0
2015-10-21,0.0,457.0,226.0,489.0,0.0,-869.0,-469.0,0.0,-722.0,0.0
2015-10-22,0.0,454.0,225.0,486.0,0.0,-867.0,-466.0,0.0,-713.0,0.0
2015-10-23,0.0,450.0,225.0,486.0,-398.0,-879.0,0.0,0.0,-707.0,0.0
2015-10-26,0.0,456.0,226.0,492.0,0.0,-885.0,-477.0,0.0,-712.0,0.0
2015-10-27,911.0,0.0,229.0,493.0,0.0,-888.0,-478.0,0.0,-727.0,0.0
2015-10-28,916.0,0.0,230.0,500.0,-403.0,-890.0,-479.0,0.0,0.0,0.0
2015-10-29,0.0,466.0,231.0,501.0,-402.0,-888.0,-480.0,0.0,0.0,0.0
2015-10-30,916.0,0.0,230.0,500.0,0.0,-897.0,-487.0,0.0,-716.0,0.0
2015-11-02,0.0,0.0,232.0,500.0,-402.0,-885.0,0.0,933.0,-702.0,0.0
2015-11-03,0.0,0.0,232.0,498.0,0.0,-892.0,-492.0,937.0,-711.0,0.0
2015-11-04,934.0,0.0,234.0,494.0,-402.0,-873.0,0.0,0.0,-705.0,0.0
2015-11-05,0.0,0.0,235.0,493.0,-416.0,-882.0,0.0,937.0,-716.0,0.0
2015-11-06,942.0,0.0,234.0,494.0,0.0,-871.0,-501.0,0.0,-702.0,0.0
2015-11-09,931.0,0.0,234.0,497.0,0.0,-875.0,-504.0,0.0,-702.0,0.0
2015-11-10,0.0,0.0,233.0,494.0,0.0,-877.0,-511.0,937.0,-706.0,0.0
2015-11-11,941.0,-483.0,236.0,495.0,0.0,0.0,-513.0,0.0,-716.0,0.0
2015-11-12,938.0,0.0,237.0,495.0,-415.0,0.0,-515.0,0.0,-712.0,0.0
2015-11-13,942.0,0.0,236.0,488.0,0.0,0.0,-529.0,0.0,-714.0,-722.0
2015-11-16,939.0,-478.0,237.0,490.0,0.0,-882.0,0.0,0.0,-728.0,0.0
2015-11-17,936.0,-491.0,236.0,486.0,0.0,0.0,-540.0,0.0,0.0,-717.0
2015-11-18,946.0,0.0,236.0,493.0,0.0,0.0,-539.0,0.0,-730.0,-722.0
2015-11-19,963.0,0.0,247.0,512.0,0.0,0.0,-541.0,0.0,-734.0,-729.0
2015-11-20,964.0,0.0,246.0,510.0,0.0,0.0,-562.0,0.0,-720.0,-735.0
2015-11-23,978.0,-498.0,245.0,503.0,0.0,0.0,0.0,0.0,-728.0,-737.0
2015-11-24,964.0,-492.0,240.0,485.0,0.0,0.0,0.0,0.0,-717.0,-715.0
2015-11-25,956.0,-494.0,237.0,484.0,-417.0,0.0,0.0,0.0,0.0,-717.0
2015-11-26,955.0,-502.0,237.0,479.0,0.0,0.0,0.0,0.0,-713.0,-715.0
2015-11-27,969.0,-500.0,243.0,479.0,-409.0,0.0,0.0,0.0,0.0,-722.0
2015-11-30,986.0,-507.0,241.0,479.0,-402.0,0.0,0.0,0.0,0.0,-731.0
2015-12-01,972.0,-518.0,241.0,476.0,-400.0,0.0,0.0,0.0,-724.0,0.0
2015-12-02,961.0,-533.0,241.0,475.0,-403.0,0.0,-514.0,0.0,0.0,0.0
2015-12-03,0.0,0.0,243.0,472.0,-400.0,0.0,-513.0,1040.0,0.0,-726.0
2015-12-04,953.0,-546.0,242.0,466.0,0.0,0.0,-518.0,0.0,0.0,-731.0
2015-12-07,0.0,0.0,241.0,465.0,0.0,0.0,-518.0,1038.0,-742.0,-726.0
2015-12-08,0.0,-554.0,240.0,465.0,0.0,-917.0,0.0,1035.0,0.0,-729.0
2015-12-09,950.0,-564.0,239.0,471.0,0.0,-918.0,0.0,0.0,0.0,-725.0
2015-12-10,948.0,0.0,238.0,467.0,-405.0,-917.0,0.0,0.0,0.0,-725.0
2015-12-11,944.0,0.0,239.0,465.0,-404.0,-907.0,0.0,0.0,0.0,-721.0
2015-12-14,918.0,-548.0,239.0,461.0,0.0,-912.0,0.0,0.0,0.0,-721.0
2015-12-15,0.0,-542.0,240.0,460.0,0.0,-914.0,0.0,1019.0,0.0,-720.0
2015-12-16,905.0,-543.0,240.0,460.0,0.0,-914.0,0.0,0.0,-784.0,0.0
2015-12-17,893.0,-539.0,240.0,460.0,0.0,-921.0,-546.0,0.0,0.0,0.0
2015-12-18,876.0,-524.0,239.0,455.0,0.0,-923.0,0.0,0.0,0.0,-710.0
2015-12-21,850.0,-507.0,239.0,452.0,0.0,0.0,0.0,0.0,-772.0,-702.0
2015-12-22,863.0,-494.0,240.0,452.0,0.0,-938.0,0.0,-925.0,0.0,0.0
2015-12-23,866.0,-496.0,241.0,452.0,0.0,0.0,0.0,0.0,-776.0,-702.0
2015-12-24,859.0,-480.0,242.0,452.0,0.0,-937.0,0.0,0.0,0.0,-679.0
2015-12-25,850.0,-480.0,243.0,453.0,0.0,0.0,-513.0,0.0,0.0,-684.0
2015-12-28,843.0,-478.0,242.0,452.0,0.0,0.0,0.0,-917.0,0.0,-689.0
2015-12-29,823.0,-480.0,245.0,451.0,-384.0,0.0,0.0,-902.0,0.0,0.0
2015-12-30,815.0,-468.0,247.0,451.0,0.0,0.0,0.0,-904.0,0.0,-684.0
2015-12-31,809.0,-464.0,242.0,449.0,0.0,0.0,0.0,0.0,-771.0,-682.0
2016-01-04,0.0,-518.0,262.0,501.0,-415.0,969.0,0.0,0.0,0.0,-692.0
2016-01-05,0.0,-514.0,260.0,495.0,0.0,0.0,573.0,0.0,-743.0,-693.0
2016-01-06,0.0,-523.0,266.0,504.0,0.0,0.0,582.0,0.0,-746.0,-697.0
2016-01-07,0.0,0.0,268.0,505.0,0.0,-959.0,592.0,0.0,-753.0,-710.0
2016-01-08,0.0,0.0,267.0,504.0,0.0,-943.0,586.0,0.0,-753.0,-715.0
2016-01-11,888.0,0.0,267.0,505.0,0.0,-968.0,0.0,0.0,-761.0,-725.0
2016-01-12,898.0,0.0,272.0,519.0,0.0,-974.0,0.0,0.0,-785.0,-726.0
2016-01-13,898.0,0.0,270.0,525.0,0.0,-980.0,0.0,0.0,-784.0,-721.0
2016-01-14,886.0,0.0,268.0,523.0,0.0,-969.0,0.0,0.0,-782.0,-717.0
2016-01-15,0.0,0.0,266.0,526.0,426.0,-974.0,0.0,0.0,-784.0,-722.0
2016-01-18,0.0,-522.0,261.0,513.0,415.0,0.0,0.0,0.0,-784.0,-716.0
2016-01-19,855.0,-518.0,260.0,512.0,0.0,-938.0,0.0,0.0,-770.0,0.0
2016-01-20,864.0,-531.0,263.0,517.0,0.0,-948.0,0.0,0.0,-782.0,0.0
2016-01-21,867.0,-531.0,262.0,523.0,0.0,0.0,0.0,0.0,-778.0,-709.0
2016-01-22,862.0,0.0,258.0,509.0,0.0,-950.0,0.0,0.0,-767.0,-698.0
2016-01-25,860.0,0.0,258.0,510.0,0.0,-954.0,0.0,0.0,-767.0,-690.0
2016-01-26,857.0,-524.0,257.0,504.0,0.0,0.0,0.0,0.0,-772.0,-697.0
2016-01-27,857.0,-514.0,255.0,496.0,0.0,0.0,0.0,0.0,-767.0,-692.0
2016-01-28,878.0,-523.0,259.0,503.0,0.0,-952.0,0.0,0.0,-772.0,0.0
2016-01-29,873.0,-519.0,261.0,501.0,0.0,0.0,0.0,0.0,-763.0,-685.0
2016-02-01,866.0,-514.0,259.0,498.0,0.0,0.0,0.0,0.0,-768.0,-686.0
2016-02-02,869.0,-512.0,260.0,497.0,0.0,0.0,0.0,0.0,-768.0,-684.0
2016-02-03,867.0,-507.0,259.0,497.0,0.0,0.0,0.0,0.0,-771.0,-683.0
2016-02-04,849.0,-489.0,257.0,492.0,0.0,0.0,0.0,0.0,-758.0,-675.0
2016-02-05,857.0,-497.0,260.0,498.0,0.0,0.0,0.0,0.0,-756.0,-678.0
2016-02-15,852.0,-491.0,260.0,497.0,0.0,0.0,0.0,0.0,-751.0,-672.0
2016-02-16,846.0,0.0,254.0,490.0,0.0,-912.0,0.0,0.0,-752.0,-669.0
2016-02-17,850.0,-492.0,255.0,493.0,0.0,-914.0,0.0,0.0,-757.0,0.0
2016-02-18,844.0,-484.0,253.0,489.0,0.0,-911.0,0.0,0.0,-753.0,0.0
2016-02-19,837.0,-472.0,250.0,486.0,0.0,-898.0,0.0,0.0,-749.0,0.0
2016-02-22,800.0,0.0,242.0,468.0,-380.0,0.0,0.0,0.0,-749.0,-655.0
2016-02-23,810.0,-453.0,241.0,463.0,0.0,0.0,0.0,-865.0,-751.0,0.0
2016-02-24,808.0,-447.0,236.0,454.0,0.0,0.0,0.0,0.0,-753.0,-652.0
2016-02-25,812.0,-451.0,238.0,457.0,0.0,0.0,-509.0,0.0,-753.0,0.0
2016-02-26,809.0,0.0,238.0,458.0,-378.0,0.0,-506.0,0.0,-764.0,0.0
2016-02-29,798.0,0.0,234.0,454.0,0.0,0.0,-509.0,-846.0,-760.0,0.0
2016-03-01,790.0,-442.0,235.0,453.0,0.0,0.0,0.0,-836.0,-730.0,0.0
2016-03-02,790.0,-432.0,235.0,457.0,0.0,0.0,0.0,-836.0,-732.0,0.0
2016-03-03,784.0,-435.0,237.0,461.0,0.0,0.0,-489.0,0.0,-729.0,0.0
2016-03-04,767.0,-420.0,236.0,470.0,0.0,0.0,-475.0,0.0,-722.0,0.0
2016-03-07,739.0,-410.0,229.0,451.0,0.0,0.0,-474.0,0.0,-701.0,0.0
2016-03-08,697.0,-394.0,222.0,446.0,0.0,0.0,0.0,-760.0,-709.0,0.0
2016-03-09,751.0,-393.0,231.0,463.0,0.0,0.0,-465.0,0.0,-714.0,0.0
2016-03-10,735.0,380.0,0.0,0.0,-375.0,-868.0,-471.0,782.0,0.0,0.0
2016-03-11,0.0,390.0,226.0,454.0,0.0,-869.0,0.0,0.0,-720.0,-634.0
2016-03-14,758.0,394.0,224.0,0.0,0.0,-869.0,0.0,0.0,-726.0,-630.0
2016-03-15,772.0,0.0,224.0,0.0,0.0,-877.0,0.0,824.0,-730.0,-633.0
2016-03-16,764.0,0.0,221.0,0.0,0.0,-865.0,-471.0,807.0,-727.0,0.0
2016-03-17,736.0,0.0,219.0,446.0,-355.0,0.0,-457.0,0.0,-718.0,0.0
2016-03-18,718.0,-371.0,216.0,438.0,-350.0,0.0,-451.0,0.0,0.0,0.0
2016-03-21,707.0,-365.0,218.0,445.0,0.0,-822.0,-451.0,0.0,0.0,0.0
2016-03-22,707.0,-368.0,217.0,443.0,-361.0,-831.0,0.0,0.0,0.0,0.0
2016-03-23,694.0,-376.0,215.0,446.0,0.0,-841.0,0.0,0.0,-715.0,0.0
2016-03-24,716.0,-394.0,220.0,456.0,0.0,-865.0,0.0,0.0,-737.0,0.0
2016-03-25,692.0,-392.0,217.0,451.0,-353.0,0.0,-450.0,0.0,0.0,0.0
2016-03-28,0.0,0.0,217.0,455.0,-356.0,0.0,-453.0,0.0,-716.0,635.0
2016-03-29,701.0,-404.0,214.0,455.0,0.0,0.0,0.0,-728.0,-713.0,0.0
2016-03-30,711.0,-401.0,218.0,456.0,0.0,0.0,-449.0,0.0,-718.0,0.0
2016-03-31,698.0,-403.0,217.0,451.0,0.0,0.0,-455.0,0.0,-707.0,0.0
2016-04-01,671.0,-399.0,212.0,448.0,0.0,0.0,0.0,0.0,-701.0,-622.0
2016-04-05,659.0,-398.0,214.0,452.0,0.0,0.0,-444.0,0.0,-719.0,0.0
2016-04-06,-665.0,-402.0,216.0,455.0,365.0,0.0,-446.0,0.0,0.0,0.0
2016-04-07,0.0,-401.0,210.0,453.0,371.0,0.0,-456.0,0.0,-723.0,0.0
2016-04-08,0.0,-399.0,210.0,453.0,371.0,0.0,0.0,0.0,-729.0,-632.0
2016-04-11,-622.0,-389.0,205.0,448.0,374.0,0.0,0.0,0.0,-721.0,0.0
2016-04-12,0.0,-369.0,0.0,443.0,373.0,913.0,0.0,-667.0,-721.0,0.0
2016-04-13,626.0,-361.0,-197.0,444.0,378.0,0.0,0.0,-676.0,0.0,0.0
2016-04-14,627.0,-357.0,-199.0,446.0,374.0,0.0,0.0,0.0,-697.0,0.0
2016-04-15,634.0,-369.0,0.0,454.0,0.0,-885.0,0.0,688.0,-711.0,0.0
2016-04-18,606.0,-355.0,0.0,442.0,0.0,0.0,0.0,670.0,-714.0,-632.0
2016-04-19,585.0,-350.0,-187.0,431.0,0.0,0.0,0.0,640.0,0.0,-633.0
2016-04-20,543.0,-333.0,-178.0,422.0,387.0,0.0,0.0,0.0,-702.0,0.0
2016-04-21,0.0,-321.0,-169.0,417.0,0.0,880.0,490.0,0.0,-677.0,0.0
2016-04-22,538.0,-321.0,-165.0,426.0,0.0,888.0,0.0,0.0,-695.0,0.0
2016-04-25,538.0,-321.0,-159.0,414.0,0.0,0.0,0.0,597.0,0.0,-615.0
2016-04-26,568.0,0.0,-163.0,0.0,0.0,877.0,-477.0,615.0,-673.0,0.0
2016-04-27,577.0,0.0,-168.0,455.0,0.0,0.0,-477.0,633.0,0.0,-617.0
2016-04-28,565.0,0.0,0.0,458.0,0.0,0.0,-493.0,629.0,-682.0,-604.0
2016-04-29,0.0,-308.0,162.0,443.0,-391.0,0.0,0.0,598.0,0.0,-607.0
2016-05-03,-648.0,-377.0,155.0,382.0,401.0,0.0,0.0,0.0,0.0,-646.0
2016-05-04,660.0,383.0,-156.0,0.0,0.0,-836.0,0.0,700.0,-675.0,0.0
2016-05-05,678.0,404.0,0.0,0.0,0.0,-843.0,-489.0,722.0,-684.0,0.0
2016-05-06,669.0,399.0,0.0,0.0,0.0,-862.0,-494.0,713.0,-692.0,0.0
2016-05-09,722.0,430.0,0.0,0.0,0.0,-871.0,-503.0,766.0,-698.0,0.0
2016-05-10,724.0,0.0,178.0,0.0,0.0,-860.0,-498.0,776.0,-702.0,0.0
2016-05-11,723.0,433.0,182.0,0.0,0.0,-853.0,-493.0,0.0,-701.0,0.0
2016-05-12,745.0,447.0,182.0,0.0,0.0,-856.0,-489.0,0.0,-710.0,0.0
2016-05-13,759.0,0.0,192.0,0.0,0.0,-879.0,-489.0,821.0,-720.0,0.0
2016-05-16,742.0,0.0,191.0,0.0,0.0,-874.0,-498.0,812.0,-718.0,0.0
2016-05-17,721.0,432.0,180.0,0.0,0.0,-866.0,-498.0,0.0,-704.0,0.0
2016-05-18,743.0,0.0,187.0,0.0,0.0,-881.0,-505.0,811.0,-711.0,0.0
2016-05-19,747.0,0.0,185.0,0.0,0.0,-899.0,0.0,816.0,-722.0,-648.0
2016-05-20,739.0,444.0,181.0,0.0,0.0,-895.0,0.0,0.0,-719.0,-640.0
2016-05-23,785.0,0.0,193.0,0.0,0.0,-912.0,0.0,856.0,-734.0,-647.0
2016-05-24,774.0,476.0,201.0,0.0,0.0,-918.0,0.0,0.0,-738.0,-654.0
2016-05-25,792.0,487.0,204.0,0.0,0.0,-902.0,0.0,0.0,-737.0,-652.0
2016-05-26,774.0,0.0,198.0,406.0,0.0,-880.0,0.0,0.0,-733.0,-654.0
2016-05-27,738.0,0.0,196.0,406.0,0.0,-896.0,-519.0,0.0,-738.0,0.0
2016-05-30,747.0,0.0,197.0,403.0,0.0,-879.0,0.0,-838.0,-734.0,0.0
2016-05-31,757.0,0.0,196.0,407.0,0.0,-874.0,-498.0,0.0,-725.0,0.0
2016-06-01,769.0,0.0,197.0,405.0,0.0,-888.0,-501.0,0.0,-736.0,0.0
2016-06-02,774.0,0.0,195.0,404.0,0.0,-869.0,0.0,0.0,-733.0,-645.0
2016-06-03,766.0,0.0,194.0,398.0,0.0,-870.0,0.0,0.0,-713.0,-647.0
2016-06-06,739.0,0.0,188.0,394.0,0.0,-866.0,0.0,-809.0,-711.0,0.0
2016-06-07,730.0,-451.0,188.0,400.0,0.0,0.0,0.0,-802.0,-713.0,0.0
2016-06-08,725.0,-455.0,189.0,408.0,0.0,-878.0,0.0,0.0,-710.0,0.0
2016-06-13,713.0,0.0,190.0,419.0,0.0,-895.0,0.0,-768.0,-715.0,0.0
2016-06-14,739.0,-469.0,200.0,431.0,0.0,0.0,0.0,-804.0,-706.0,0.0
2016-06-15,740.0,0.0,199.0,424.0,0.0,-895.0,0.0,-806.0,-714.0,0.0
2016-06-16,740.0,0.0,200.0,422.0,-394.0,-894.0,0.0,0.0,-713.0,0.0
2016-06-17,737.0,0.0,195.0,412.0,-385.0,-883.0,0.0,0.0,-708.0,0.0
2016-06-20,745.0,0.0,197.0,416.0,-380.0,-871.0,0.0,0.0,-696.0,0.0
2016-06-21,737.0,0.0,198.0,410.0,-381.0,-877.0,0.0,0.0,-711.0,0.0
2016-06-22,720.0,0.0,191.0,396.0,0.0,-874.0,-453.0,0.0,0.0,-622.0
2016-06-23,722.0,-430.0,190.0,392.0,0.0,0.0,0.0,0.0,-701.0,-608.0
2016-06-24,726.0,-433.0,189.0,394.0,0.0,0.0,0.0,0.0,-711.0,-606.0
2016-06-27,681.0,0.0,178.0,378.0,0.0,0.0,-428.0,0.0,-696.0,-588.0
2016-06-28,682.0,-398.0,178.0,382.0,0.0,0.0,0.0,-736.0,0.0,-583.0
2016-06-29,692.0,-398.0,179.0,388.0,0.0,-842.0,0.0,0.0,0.0,-587.0
2016-06-30,666.0,-389.0,175.0,386.0,0.0,-834.0,0.0,0.0,0.0,-583.0
2016-07-01,664.0,0.0,176.0,387.0,0.0,-842.0,0.0,-710.0,0.0,-579.0
2016-07-04,650.0,0.0,171.0,381.0,0.0,-819.0,0.0,-688.0,0.0,-569.0
2016-07-05,659.0,0.0,175.0,387.0,0.0,-846.0,0.0,-694.0,0.0,-575.0
2016-07-06,662.0,-389.0,177.0,385.0,0.0,0.0,0.0,-701.0,0.0,-580.0
2016-07-07,652.0,-391.0,176.0,385.0,0.0,0.0,0.0,-698.0,0.0,-583.0
2016-07-08,643.0,0.0,174.0,379.0,0.0,-882.0,0.0,-682.0,0.0,-591.0
2016-07-11,0.0,-389.0,174.0,0.0,367.0,0.0,412.0,-686.0,0.0,-586.0
2016-07-12,618.0,0.0,164.0,360.0,0.0,0.0,0.0,-652.0,-710.0,-574.0
2016-07-13,626.0,-364.0,165.0,0.0,0.0,0.0,409.0,-662.0,0.0,-582.0
2016-07-14,627.0,-359.0,164.0,0.0,0.0,-846.0,406.0,-660.0,0.0,0.0
2016-07-15,626.0,-361.0,163.0,373.0,0.0,-866.0,0.0,-660.0,0.0,0.0
2016-07-18,668.0,-387.0,173.0,389.0,0.0,0.0,0.0,-706.0,0.0,-582.0
2016-07-19,686.0,0.0,174.0,384.0,0.0,0.0,0.0,-726.0,-720.0,-585.0
2016-07-20,677.0,0.0,173.0,386.0,0.0,-889.0,0.0,0.0,-720.0,-588.0
2016-07-21,648.0,0.0,164.0,374.0,0.0,0.0,0.0,-696.0,-705.0,-577.0
2016-07-22,668.0,-389.0,165.0,380.0,0.0,0.0,0.0,-722.0,0.0,-584.0
2016-07-25,652.0,-377.0,0.0,370.0,-376.0,903.0,0.0,0.0,0.0,-588.0
2016-07-26,640.0,-374.0,0.0,0.0,382.0,0.0,416.0,-701.0,0.0,-594.0
2016-07-27,635.0,-358.0,154.0,369.0,0.0,0.0,0.0,-689.0,0.0,-596.0
2016-07-28,623.0,-353.0,0.0,360.0,0.0,896.0,0.0,-672.0,0.0,-585.0
2016-07-29,641.0,-362.0,155.0,0.0,-364.0,0.0,0.0,-691.0,741.0,0.0
2016-08-01,617.0,-343.0,150.0,0.0,-357.0,0.0,0.0,-668.0,731.0,0.0
2016-08-02,620.0,-343.0,148.0,0.0,-367.0,0.0,0.0,-663.0,732.0,0.0
2016-08-03,624.0,-345.0,0.0,0.0,367.0,0.0,0.0,-667.0,721.0,-572.0
2016-08-04,635.0,-352.0,149.0,0.0,368.0,0.0,0.0,-679.0,0.0,-571.0
2016-08-05,615.0,-338.0,0.0,354.0,0.0,0.0,0.0,-657.0,726.0,-574.0
2016-08-08,598.0,-331.0,-137.0,338.0,0.0,0.0,0.0,-639.0,727.0,0.0
2016-08-09,606.0,-332.0,0.0,-344.0,364.0,0.0,0.0,-644.0,717.0,0.0
2016-08-10,605.0,-337.0,-131.0,0.0,369.0,0.0,0.0,-644.0,718.0,0.0
2016-08-11,604.0,-342.0,-132.0,0.0,368.0,0.0,406.0,-643.0,0.0,0.0
2016-08-12,607.0,-342.0,-133.0,0.0,368.0,0.0,405.0,-647.0,0.0,0.0
2016-08-15,610.0,-349.0,-138.0,0.0,368.0,0.0,401.0,-648.0,0.0,0.0
2016-08-16,592.0,-343.0,-132.0,361.0,0.0,0.0,0.0,-629.0,717.0,0.0
2016-08-17,597.0,-351.0,-134.0,363.0,0.0,0.0,0.0,-644.0,709.0,0.0
2016-08-18,597.0,-344.0,-133.0,372.0,0.0,0.0,0.0,-647.0,0.0,570.0
2016-08-19,598.0,-342.0,-133.0,369.0,0.0,0.0,0.0,-653.0,0.0,569.0
2016-08-22,600.0,-345.0,-131.0,372.0,0.0,0.0,0.0,-660.0,0.0,565.0
2016-08-23,587.0,-342.0,-130.0,371.0,0.0,0.0,0.0,-654.0,727.0,0.0
2016-08-24,590.0,-339.0,-128.0,372.0,-363.0,0.0,0.0,0.0,0.0,572.0
2016-08-25,590.0,-344.0,-126.0,370.0,-363.0,0.0,0.0,0.0,0.0,575.0
2016-08-26,599.0,-348.0,-128.0,370.0,-362.0,0.0,0.0,0.0,0.0,568.0
2016-08-29,589.0,-350.0,-125.0,367.0,-367.0,0.0,0.0,0.0,0.0,576.0
2016-08-30,600.0,-350.0,-123.0,363.0,0.0,0.0,-400.0,0.0,0.0,582.0
2016-08-31,610.0,-346.0,0.0,366.0,-371.0,0.0,-399.0,0.0,0.0,575.0
2016-09-01,608.0,-399.0,0.0,317.0,-382.0,0.0,-461.0,683.0,0.0,0.0
2016-09-02,0.0,0.0,136.0,308.0,0.0,-849.0,465.0,-684.0,-692.0,0.0
2016-09-05,0.0,0.0,131.0,297.0,0.0,-828.0,467.0,-683.0,-689.0,0.0
2016-09-06,0.0,0.0,131.0,294.0,0.0,-820.0,456.0,-684.0,-688.0,0.0
2016-09-07,0.0,0.0,140.0,307.0,-376.0,-824.0,455.0,0.0,-693.0,0.0
2016-09-08,0.0,0.0,138.0,305.0,-370.0,-819.0,457.0,0.0,-684.0,0.0
2016-09-09,0.0,0.0,141.0,308.0,-371.0,-824.0,462.0,0.0,-686.0,0.0
2016-09-12,0.0,0.0,146.0,321.0,-381.0,-821.0,469.0,0.0,-698.0,0.0
2016-09-13,0.0,0.0,147.0,325.0,-381.0,-821.0,470.0,0.0,-701.0,0.0
2016-09-14,0.0,0.0,147.0,321.0,-381.0,-817.0,468.0,0.0,-701.0,0.0
2016-09-19,0.0,0.0,145.0,312.0,-382.0,-799.0,469.0,0.0,-696.0,0.0
2016-09-20,0.0,0.0,141.0,300.0,-382.0,-800.0,467.0,0.0,-700.0,0.0
2016-09-21,0.0,0.0,137.0,298.0,-383.0,-811.0,465.0,0.0,-702.0,0.0
2016-09-22,0.0,0.0,137.0,301.0,-386.0,-815.0,0.0,0.0,-700.0,554.0
2016-09-23,0.0,0.0,134.0,295.0,0.0,-820.0,471.0,-729.0,-698.0,0.0
2016-09-26,0.0,0.0,131.0,288.0,0.0,-823.0,472.0,-730.0,-705.0,0.0
2016-09-27,0.0,0.0,133.0,289.0,-386.0,-821.0,0.0,0.0,-704.0,559.0
2016-09-28,0.0,0.0,132.0,286.0,-385.0,-809.0,0.0,0.0,-707.0,560.0
2016-09-29,0.0,0.0,129.0,278.0,-381.0,-794.0,0.0,0.0,-706.0,559.0
2016-09-30,0.0,0.0,127.0,275.0,-379.0,-797.0,0.0,0.0,-708.0,554.0
2016-10-10,0.0,0.0,125.0,272.0,-364.0,-760.0,0.0,0.0,-702.0,539.0
2016-10-11,0.0,0.0,123.0,267.0,-359.0,-745.0,0.0,0.0,-690.0,530.0
2016-10-12,0.0,0.0,119.0,261.0,-357.0,-739.0,0.0,0.0,-695.0,526.0
2016-10-13,0.0,0.0,117.0,262.0,-360.0,-745.0,0.0,0.0,-706.0,527.0
2016-10-14,0.0,0.0,115.0,250.0,-359.0,-745.0,0.0,0.0,-706.0,525.0
2016-10-17,0.0,0.0,112.0,240.0,-361.0,-738.0,0.0,0.0,-697.0,513.0
2016-10-18,0.0,0.0,111.0,235.0,-351.0,-730.0,0.0,0.0,-694.0,513.0
2016-10-19,605.0,0.0,108.0,226.0,-352.0,-732.0,0.0,0.0,-694.0,0.0
2016-10-20,594.0,0.0,108.0,229.0,-353.0,-739.0,0.0,0.0,-680.0,0.0
2016-10-21,597.0,0.0,106.0,225.0,-351.0,-744.0,0.0,0.0,-686.0,0.0
2016-10-24,594.0,0.0,104.0,223.0,-347.0,-740.0,0.0,0.0,-679.0,0.0
2016-10-25,578.0,0.0,99.0,214.0,-345.0,-726.0,0.0,0.0,-681.0,0.0
2016-10-26,584.0,0.0,98.0,217.0,0.0,-712.0,0.0,-658.0,-684.0,0.0
2016-10-27,585.0,-348.0,100.0,223.0,0.0,-715.0,0.0,0.0,-686.0,0.0
2016-10-28,573.0,0.0,95.0,212.0,-338.0,-699.0,0.0,0.0,-680.0,0.0
2016-10-31,561.0,0.0,92.0,213.0,-332.0,-673.0,0.0,0.0,-677.0,0.0
2016-11-01,549.0,0.0,93.0,212.0,-330.0,-679.0,-384.0,0.0,0.0,0.0
2016-11-02,544.0,-339.0,94.0,213.0,0.0,-697.0,0.0,-639.0,0.0,0.0
2016-11-03,534.0,0.0,92.0,208.0,-332.0,0.0,0.0,-619.0,-691.0,0.0
2016-11-04,533.0,0.0,87.0,198.0,-338.0,0.0,0.0,-614.0,-699.0,0.0
2016-11-07,508.0,-321.0,0.0,183.0,0.0,0.0,0.0,-577.0,-691.0,450.0
2016-11-08,0.0,-321.0,0.0,195.0,0.0,0.0,391.0,-588.0,-690.0,433.0
2016-11-09,492.0,-302.0,0.0,178.0,-326.0,0.0,0.0,553.0,-683.0,0.0
2016-11-10,498.0,-283.0,79.0,186.0,-325.0,0.0,0.0,-558.0,0.0,0.0
2016-11-11,479.0,-271.0,0.0,178.0,-324.0,0.0,0.0,0.0,-644.0,415.0
2016-11-14,498.0,-266.0,0.0,169.0,0.0,0.0,0.0,-566.0,-698.0,421.0
2016-11-15,518.0,-282.0,-84.0,184.0,0.0,0.0,0.0,-583.0,693.0,0.0
2016-11-16,520.0,-289.0,81.0,177.0,0.0,0.0,-390.0,0.0,-687.0,0.0
2016-11-17,518.0,0.0,81.0,178.0,0.0,-676.0,-392.0,0.0,-689.0,0.0
2016-11-18,0.0,0.0,83.0,187.0,-354.0,-678.0,0.0,0.0,-690.0,450.0
2016-11-21,0.0,0.0,82.0,187.0,-347.0,-649.0,0.0,0.0,-679.0,451.0
2016-11-22,0.0,0.0,76.0,174.0,0.0,-644.0,-381.0,0.0,-670.0,442.0
2016-11-23,0.0,0.0,77.0,177.0,-350.0,0.0,-392.0,0.0,-672.0,450.0
2016-11-24,0.0,-268.0,79.0,180.0,0.0,0.0,0.0,-565.0,-665.0,448.0
2016-11-25,0.0,-255.0,78.0,176.0,0.0,0.0,0.0,-528.0,-667.0,456.0
2016-11-28,0.0,-252.0,76.0,175.0,0.0,0.0,0.0,-523.0,-662.0,458.0
2016-11-29,0.0,-266.0,80.0,185.0,0.0,0.0,0.0,-558.0,-662.0,464.0
2016-11-30,0.0,0.0,80.0,184.0,-355.0,-670.0,0.0,0.0,-672.0,475.0
2016-12-01,466.0,0.0,80.0,182.0,-352.0,-663.0,0.0,0.0,-664.0,0.0
2016-12-02,-469.0,0.0,81.0,183.0,-349.0,0.0,0.0,0.0,-659.0,480.0
2016-12-05,0.0,0.0,80.0,179.0,-341.0,-627.0,0.0,0.0,-654.0,482.0
2016-12-06,0.0,0.0,79.0,179.0,-339.0,-609.0,0.0,0.0,-659.0,483.0
2016-12-07,0.0,-242.0,77.0,178.0,0.0,-589.0,-364.0,0.0,0.0,475.0
2016-12-08,0.0,-244.0,78.0,178.0,-332.0,0.0,-366.0,0.0,0.0,467.0
2016-12-09,0.0,-249.0,78.0,178.0,-327.0,584.0,0.0,0.0,-640.0,0.0
2016-12-12,0.0,-243.0,78.0,179.0,0.0,0.0,-353.0,0.0,-619.0,474.0
2016-12-13,0.0,-241.0,77.0,177.0,0.0,582.0,-350.0,0.0,-621.0,0.0
2016-12-14,437.0,-252.0,77.0,176.0,-326.0,0.0,0.0,0.0,-628.0,0.0
2016-12-15,0.0,-249.0,76.0,176.0,0.0,-549.0,-348.0,498.0,0.0,0.0
2016-12-16,0.0,-252.0,76.0,176.0,0.0,0.0,-350.0,513.0,-628.0,0.0
2016-12-19,0.0,-255.0,0.0,176.0,-336.0,0.0,0.0,532.0,-624.0,520.0
2016-12-20,0.0,-253.0,0.0,176.0,-343.0,576.0,0.0,533.0,-642.0,0.0
2016-12-21,0.0,-251.0,0.0,175.0,-343.0,574.0,-363.0,528.0,0.0,0.0
2016-12-22,459.0,-254.0,0.0,176.0,0.0,0.0,-367.0,537.0,-645.0,0.0
2016-12-23,467.0,-250.0,0.0,176.0,0.0,0.0,0.0,540.0,-647.0,-527.0
2016-12-26,474.0,-252.0,0.0,179.0,0.0,565.0,0.0,0.0,-653.0,-529.0
2016-12-27,465.0,-253.0,0.0,181.0,-333.0,0.0,-365.0,555.0,0.0,0.0
2016-12-28,460.0,-256.0,0.0,180.0,-336.0,0.0,0.0,558.0,-630.0,0.0
2016-12-29,0.0,-259.0,0.0,180.0,0.0,563.0,-370.0,561.0,-629.0,0.0
2016-12-30,469.0,-250.0,0.0,171.0,-341.0,0.0,0.0,570.0,-630.0,0.0
2017-01-03,505.0,-312.0,-113.0,247.0,0.0,0.0,0.0,585.0,-612.0,0.0
2017-01-04,495.0,0.0,111.0,244.0,-344.0,0.0,-391.0,0.0,-619.0,0.0
2017-01-05,0.0,0.0,111.0,242.0,-344.0,626.0,-390.0,0.0,-624.0,0.0
2017-01-06,0.0,0.0,109.0,239.0,-350.0,630.0,-395.0,0.0,-623.0,0.0
2017-01-09,483.0,0.0,105.0,232.0,0.0,0.0,-386.0,0.0,-620.0,-522.0
2017-01-10,0.0,0.0,99.0,219.0,0.0,614.0,-388.0,0.0,-625.0,-522.0
2017-01-11,0.0,0.0,100.0,223.0,0.0,620.0,0.0,-524.0,-615.0,-520.0
2017-01-12,0.0,0.0,99.0,223.0,0.0,608.0,0.0,-520.0,-612.0,-518.0
2017-01-13,467.0,0.0,98.0,220.0,0.0,0.0,-375.0,0.0,-611.0,-515.0
2017-01-16,448.0,0.0,91.0,210.0,-325.0,0.0,0.0,0.0,-611.0,-509.0
2017-01-17,459.0,0.0,100.0,227.0,0.0,0.0,-369.0,-508.0,0.0,-518.0
2017-01-18,460.0,0.0,99.0,227.0,0.0,0.0,0.0,-506.0,-615.0,-514.0
2017-01-19,469.0,0.0,99.0,225.0,-329.0,0.0,0.0,0.0,-611.0,-506.0
2017-01-20,483.0,0.0,103.0,236.0,-325.0,0.0,0.0,0.0,-617.0,-510.0
2017-01-23,481.0,0.0,105.0,235.0,-323.0,0.0,-363.0,0.0,0.0,-511.0
2017-01-24,465.0,0.0,101.0,229.0,0.0,0.0,-365.0,0.0,-599.0,-514.0
2017-01-25,463.0,0.0,103.0,231.0,0.0,0.0,-354.0,0.0,-589.0,-508.0
2017-01-26,455.0,0.0,98.0,220.0,0.0,0.0,-358.0,0.0,-589.0,-507.0
2017-02-03,493.0,0.0,106.0,237.0,0.0,0.0,-360.0,-535.0,0.0,-490.0
2017-02-06,492.0,0.0,109.0,241.0,0.0,0.0,-357.0,0.0,-576.0,-489.0
2017-02-07,480.0,0.0,106.0,239.0,-323.0,0.0,0.0,0.0,-580.0,-487.0
2017-02-08,472.0,0.0,106.0,236.0,-326.0,0.0,-362.0,0.0,0.0,-491.0
2017-02-09,478.0,-260.0,109.0,245.0,0.0,0.0,0.0,0.0,-585.0,-489.0
2017-02-10,460.0,0.0,105.0,240.0,-325.0,0.0,-361.0,0.0,0.0,-485.0
2017-02-13,447.0,-234.0,100.0,231.0,0.0,0.0,0.0,0.0,-570.0,-482.0
2017-02-14,447.0,-234.0,99.0,227.0,-315.0,0.0,-348.0,0.0,0.0,0.0
2017-02-15,453.0,-239.0,101.0,229.0,0.0,0.0,-362.0,0.0,0.0,-494.0
2017-02-16,456.0,-243.0,101.0,227.0,0.0,0.0,-371.0,0.0,0.0,-493.0
2017-02-17,446.0,0.0,98.0,225.0,0.0,0.0,-374.0,0.0,-587.0,-499.0
2017-02-20,0.0,-233.0,95.0,217.0,0.0,545.0,-373.0,0.0,-586.0,0.0
2017-02-21,441.0,-228.0,96.0,0.0,0.0,562.0,-380.0,0.0,-589.0,0.0
2017-02-22,453.0,-231.0,100.0,0.0,0.0,563.0,-380.0,0.0,-590.0,0.0
2017-02-23,462.0,-235.0,99.0,228.0,0.0,0.0,-386.0,0.0,-602.0,0.0
2017-02-24,464.0,-239.0,97.0,0.0,0.0,568.0,-385.0,0.0,-596.0,0.0
2017-02-27,447.0,0.0,96.0,0.0,-345.0,560.0,-384.0,0.0,-595.0,0.0
2017-02-28,0.0,-241.0,97.0,222.0,0.0,573.0,-389.0,0.0,-599.0,0.0
2017-03-01,464.0,-239.0,92.0,209.0,0.0,0.0,0.0,0.0,-599.0,-518.0
2017-03-02,466.0,0.0,0.0,0.0,0.0,583.0,-388.0,469.0,-600.0,-516.0
2017-03-03,466.0,0.0,0.0,0.0,0.0,583.0,-387.0,467.0,-603.0,-505.0
2017-03-06,481.0,0.0,0.0,0.0,-343.0,589.0,-382.0,481.0,0.0,-500.0
2017-03-07,479.0,0.0,0.0,0.0,0.0,585.0,-386.0,477.0,-598.0,-499.0
2017-03-08,487.0,0.0,0.0,0.0,0.0,600.0,-401.0,487.0,-618.0,-520.0
2017-03-09,494.0,0.0,0.0,0.0,0.0,611.0,-403.0,492.0,-639.0,-514.0
2017-03-10,487.0,0.0,0.0,0.0,-366.0,610.0,-411.0,490.0,0.0,-520.0
2017-03-13,467.0,0.0,0.0,0.0,-362.0,617.0,-404.0,462.0,0.0,-518.0
2017-03-14,471.0,-243.0,0.0,212.0,0.0,626.0,-410.0,0.0,0.0,-508.0
2017-03-15,463.0,-230.0,0.0,0.0,0.0,613.0,-405.0,458.0,0.0,-508.0
2017-03-16,0.0,-229.0,0.0,214.0,0.0,622.0,-399.0,460.0,0.0,-500.0
2017-03-17,471.0,-233.0,0.0,0.0,0.0,623.0,-399.0,466.0,0.0,-501.0
2017-03-20,0.0,-234.0,0.0,213.0,0.0,633.0,-402.0,465.0,0.0,-507.0
2017-03-21,483.0,-242.0,0.0,0.0,0.0,648.0,-403.0,479.0,0.0,-520.0
2017-03-22,496.0,-250.0,0.0,0.0,0.0,659.0,-411.0,489.0,0.0,-525.0
2017-03-23,498.0,0.0,0.0,0.0,0.0,660.0,-408.0,488.0,-655.0,-526.0
2017-03-24,497.0,0.0,0.0,215.0,-360.0,0.0,-409.0,488.0,-663.0,0.0
2017-03-27,516.0,-260.0,0.0,225.0,0.0,0.0,-422.0,504.0,-671.0,0.0
2017-03-28,518.0,0.0,0.0,226.0,-364.0,0.0,-420.0,505.0,-672.0,0.0
2017-03-29,504.0,0.0,0.0,218.0,-358.0,0.0,-405.0,494.0,-666.0,0.0
2017-03-30,505.0,-262.0,0.0,217.0,-363.0,0.0,-410.0,493.0,0.0,0.0
2017-03-31,506.0,-265.0,0.0,219.0,0.0,0.0,-414.0,489.0,-682.0,0.0
2017-04-05,0.0,-261.0,84.0,202.0,-352.0,0.0,-401.0,482.0,0.0,0.0
2017-04-06,506.0,-262.0,84.0,0.0,-350.0,0.0,-400.0,488.0,0.0,0.0
2017-04-07,514.0,-278.0,0.0,0.0,-351.0,621.0,-404.0,502.0,0.0,0.0
2017-04-10,517.0,0.0,84.0,0.0,-360.0,0.0,-414.0,501.0,-667.0,0.0
2017-04-11,0.0,0.0,84.0,206.0,-356.0,0.0,-412.0,510.0,-672.0,0.0
2017-04-12,0.0,0.0,86.0,216.0,-358.0,0.0,-414.0,528.0,0.0,-551.0
2017-04-13,547.0,0.0,0.0,211.0,-362.0,0.0,-417.0,522.0,0.0,-569.0
2017-04-14,0.0,0.0,85.0,212.0,-366.0,0.0,-422.0,518.0,-679.0,0.0
2017-04-17,-537.0,-326.0,84.0,212.0,0.0,672.0,0.0,0.0,-670.0,0.0
2017-04-18,-556.0,0.0,85.0,216.0,0.0,659.0,-431.0,0.0,-670.0,0.0
2017-04-19,0.0,339.0,85.0,226.0,-371.0,0.0,-430.0,0.0,-680.0,0.0
2017-04-20,-551.0,0.0,85.0,220.0,-372.0,0.0,-430.0,535.0,0.0,0.0
2017-04-21,-549.0,-315.0,84.0,221.0,0.0,0.0,-432.0,530.0,0.0,0.0
2017-04-24,-550.0,-324.0,84.0,224.0,0.0,0.0,0.0,529.0,0.0,-602.0
2017-04-25,0.0,-328.0,84.0,224.0,0.0,0.0,-437.0,521.0,-696.0,0.0
2017-04-26,-533.0,-338.0,90.0,223.0,0.0,0.0,-436.0,0.0,0.0,601.0
2017-04-27,-534.0,331.0,88.0,217.0,-381.0,0.0,-431.0,0.0,0.0,0.0
2017-04-28,0.0,-318.0,84.0,216.0,0.0,670.0,-426.0,0.0,0.0,-580.0
2017-05-02,0.0,-312.0,102.0,243.0,0.0,695.0,0.0,-532.0,0.0,-571.0
2017-05-03,0.0,-319.0,106.0,251.0,0.0,0.0,0.0,532.0,-669.0,-577.0
2017-05-04,0.0,0.0,112.0,265.0,0.0,0.0,-439.0,569.0,-682.0,-595.0
2017-05-05,0.0,0.0,113.0,272.0,-383.0,0.0,-443.0,569.0,-696.0,0.0
2017-05-08,0.0,0.0,111.0,267.0,-382.0,0.0,-440.0,555.0,-692.0,0.0
2017-05-09,0.0,0.0,109.0,265.0,-381.0,0.0,0.0,553.0,-692.0,-574.0
2017-05-10,0.0,0.0,106.0,261.0,0.0,0.0,-448.0,542.0,-696.0,-585.0
2017-05-11,0.0,-358.0,108.0,271.0,0.0,0.0,0.0,545.0,-691.0,-572.0
2017-05-12,0.0,0.0,111.0,274.0,-378.0,0.0,0.0,567.0,-692.0,-582.0
2017-05-15,0.0,0.0,111.0,272.0,-368.0,0.0,0.0,557.0,-682.0,-560.0
2017-05-16,0.0,0.0,110.0,270.0,-364.0,0.0,0.0,556.0,-677.0,-557.0
2017-05-17,0.0,0.0,108.0,265.0,-366.0,0.0,0.0,536.0,-678.0,-559.0
2017-05-18,0.0,-356.0,109.0,270.0,0.0,0.0,0.0,530.0,-679.0,-545.0
2017-05-19,0.0,-341.0,106.0,265.0,0.0,0.0,0.0,514.0,-672.0,-537.0
2017-05-22,0.0,0.0,107.0,265.0,0.0,0.0,-412.0,499.0,-667.0,-536.0
2017-05-23,0.0,-348.0,105.0,258.0,0.0,0.0,0.0,506.0,-669.0,-542.0
2017-05-24,0.0,0.0,109.0,268.0,0.0,0.0,-416.0,513.0,-672.0,-552.0
2017-05-25,0.0,0.0,108.0,264.0,-363.0,0.0,-412.0,518.0,-675.0,0.0
2017-05-26,0.0,0.0,108.0,269.0,0.0,-702.0,-415.0,514.0,-692.0,0.0
2017-05-31,0.0,0.0,117.0,293.0,0.0,0.0,-425.0,539.0,-694.0,-562.0
2017-06-01,0.0,0.0,117.0,292.0,0.0,0.0,-422.0,539.0,-703.0,-542.0
2017-06-02,0.0,0.0,120.0,296.0,-373.0,0.0,-434.0,551.0,0.0,-567.0
2017-06-05,0.0,0.0,118.0,290.0,0.0,0.0,-435.0,567.0,-699.0,-570.0
2017-06-06,0.0,-386.0,118.0,287.0,0.0,0.0,0.0,563.0,-693.0,-570.0
2017-06-07,0.0,0.0,118.0,286.0,0.0,-721.0,-433.0,563.0,-688.0,0.0
2017-06-08,0.0,0.0,117.0,287.0,0.0,0.0,-431.0,562.0,-690.0,-567.0
2017-06-09,0.0,0.0,118.0,292.0,0.0,0.0,-432.0,552.0,-690.0,-567.0
2017-06-12,0.0,0.0,115.0,287.0,0.0,0.0,-421.0,550.0,-690.0,-549.0
2017-06-13,0.0,0.0,116.0,291.0,0.0,0.0,-434.0,568.0,-686.0,-556.0
2017-06-14,0.0,0.0,110.0,282.0,0.0,0.0,-432.0,540.0,-683.0,-558.0
2017-06-15,0.0,0.0,110.0,287.0,0.0,0.0,-437.0,536.0,-688.0,-566.0
2017-06-16,0.0,0.0,108.0,288.0,0.0,0.0,-434.0,539.0,-690.0,-567.0
2017-06-19,0.0,0.0,105.0,278.0,0.0,0.0,-432.0,531.0,-686.0,-572.0
2017-06-20,0.0,-387.0,105.0,274.0,0.0,0.0,-435.0,536.0,-690.0,0.0
2017-06-21,0.0,-384.0,104.0,270.0,0.0,0.0,-437.0,543.0,-694.0,0.0
2017-06-22,0.0,0.0,103.0,269.0,0.0,0.0,-442.0,550.0,-701.0,-565.0
2017-06-23,0.0,0.0,102.0,267.0,0.0,0.0,-437.0,537.0,-697.0,-550.0
2017-06-26,0.0,0.0,102.0,272.0,0.0,0.0,-431.0,529.0,-695.0,-542.0
2017-06-27,0.0,0.0,99.0,265.0,0.0,0.0,-429.0,517.0,-694.0,-538.0
2017-06-28,0.0,-364.0,99.0,258.0,0.0,0.0,-432.0,508.0,0.0,-540.0
2017-06-29,0.0,-349.0,95.0,245.0,0.0,0.0,0.0,506.0,-684.0,-527.0
2017-06-30,493.0,-352.0,95.0,0.0,0.0,0.0,-422.0,498.0,0.0,-523.0
2017-07-03,482.0,-342.0,0.0,242.0,0.0,0.0,-418.0,488.0,0.0,-522.0
2017-07-04,491.0,-358.0,95.0,0.0,0.0,0.0,-427.0,496.0,0.0,-529.0
2017-07-05,486.0,0.0,0.0,247.0,0.0,0.0,-425.0,487.0,-673.0,-515.0
2017-07-06,488.0,0.0,0.0,247.0,0.0,0.0,-416.0,488.0,-674.0,-508.0
2017-07-07,484.0,0.0,0.0,246.0,0.0,-672.0,-412.0,486.0,0.0,-504.0
2017-07-10,483.0,-347.0,0.0,246.0,0.0,0.0,-417.0,484.0,0.0,-505.0
2017-07-11,467.0,-341.0,0.0,241.0,0.0,0.0,0.0,468.0,-641.0,-499.0
2017-07-12,464.0,-341.0,0.0,244.0,0.0,0.0,0.0,466.0,-631.0,-506.0
2017-07-13,453.0,-339.0,0.0,235.0,0.0,0.0,-416.0,456.0,-628.0,0.0
2017-07-14,463.0,0.0,0.0,238.0,-364.0,0.0,-413.0,469.0,-618.0,0.0
2017-07-17,451.0,0.0,0.0,227.0,-364.0,0.0,-411.0,460.0,-618.0,0.0
2017-07-18,456.0,-322.0,0.0,223.0,-362.0,0.0,-407.0,465.0,0.0,0.0
2017-07-19,447.0,-313.0,0.0,0.0,-360.0,0.0,-404.0,453.0,618.0,0.0
2017-07-20,461.0,-322.0,-87.0,0.0,0.0,0.0,0.0,477.0,631.0,-491.0
2017-07-21,459.0,0.0,0.0,0.0,-345.0,0.0,-392.0,473.0,635.0,-486.0
2017-07-24,465.0,0.0,0.0,-223.0,0.0,0.0,-394.0,474.0,639.0,-488.0
2017-07-25,459.0,0.0,0.0,220.0,-346.0,0.0,-392.0,467.0,0.0,-486.0
2017-07-26,457.0,-322.0,0.0,219.0,-349.0,0.0,-397.0,467.0,0.0,0.0
2017-07-27,455.0,-316.0,0.0,-217.0,-349.0,698.0,0.0,467.0,0.0,0.0
2017-07-28,455.0,0.0,0.0,-218.0,-355.0,704.0,0.0,468.0,0.0,-488.0
2017-07-31,438.0,-292.0,0.0,-207.0,0.0,0.0,0.0,446.0,641.0,-488.0
2017-08-01,443.0,-294.0,-81.0,-210.0,0.0,0.0,0.0,451.0,0.0,484.0
2017-08-02,439.0,-294.0,-80.0,0.0,0.0,0.0,-398.0,447.0,652.0,0.0
2017-08-03,438.0,0.0,-82.0,-216.0,0.0,0.0,0.0,441.0,652.0,-470.0
2017-08-04,428.0,-290.0,-82.0,216.0,0.0,0.0,0.0,429.0,0.0,-452.0
2017-08-07,414.0,-281.0,0.0,223.0,0.0,0.0,-402.0,409.0,0.0,-453.0
2017-08-08,0.0,-285.0,0.0,222.0,0.0,0.0,393.0,-412.0,652.0,-447.0
2017-08-09,407.0,0.0,-80.0,218.0,-347.0,0.0,0.0,408.0,0.0,-442.0
2017-08-10,409.0,0.0,-79.0,219.0,-346.0,0.0,-389.0,413.0,0.0,0.0
2017-08-11,416.0,0.0,-77.0,219.0,0.0,0.0,-393.0,422.0,0.0,-453.0
2017-08-14,0.0,299.0,-78.0,220.0,0.0,0.0,-394.0,424.0,0.0,-452.0
2017-08-15,424.0,294.0,-78.0,218.0,-358.0,0.0,-398.0,0.0,0.0,0.0
2017-08-16,427.0,0.0,-78.0,217.0,-358.0,0.0,-399.0,432.0,0.0,0.0
2017-08-17,415.0,284.0,0.0,211.0,-351.0,-650.0,-388.0,0.0,0.0,0.0
2017-08-18,409.0,0.0,0.0,210.0,-350.0,-653.0,-386.0,418.0,0.0,0.0
2017-08-21,403.0,-268.0,0.0,208.0,0.0,0.0,-381.0,411.0,0.0,-445.0
2017-08-22,406.0,-266.0,0.0,207.0,0.0,0.0,-374.0,0.0,652.0,-442.0
2017-08-23,421.0,0.0,0.0,0.0,-344.0,0.0,-376.0,426.0,653.0,-449.0
2017-08-24,414.0,275.0,-72.0,0.0,-344.0,0.0,-376.0,421.0,0.0,0.0
2017-08-25,405.0,0.0,-70.0,212.0,-344.0,0.0,0.0,415.0,0.0,-440.0
2017-08-28,403.0,-280.0,-70.0,215.0,0.0,0.0,0.0,416.0,0.0,-439.0
2017-08-29,405.0,0.0,-73.0,224.0,-341.0,0.0,0.0,421.0,0.0,-437.0
2017-08-30,0.0,282.0,-73.0,230.0,0.0,-605.0,0.0,421.0,0.0,-442.0
2017-08-31,0.0,0.0,75.0,237.0,0.0,-599.0,-367.0,417.0,0.0,-439.0
2017-09-01,0.0,-286.0,71.0,193.0,-322.0,0.0,-348.0,403.0,0.0,0.0
2017-09-04,0.0,295.0,73.0,-199.0,-321.0,0.0,-347.0,402.0,0.0,0.0
2017-09-05,0.0,289.0,72.0,195.0,-319.0,-567.0,-347.0,0.0,0.0,0.0
2017-09-06,390.0,303.0,71.0,0.0,-324.0,0.0,-354.0,0.0,0.0,-427.0
2017-09-07,390.0,306.0,0.0,199.0,-328.0,-577.0,-358.0,0.0,0.0,0.0
2017-09-08,0.0,312.0,-69.0,197.0,-331.0,0.0,-361.0,413.0,0.0,0.0
2017-09-11,396.0,312.0,-69.0,0.0,-333.0,0.0,-364.0,0.0,0.0,442.0
2017-09-12,395.0,304.0,-68.0,0.0,-327.0,0.0,0.0,0.0,-629.0,435.0
2017-09-13,398.0,312.0,-69.0,0.0,-336.0,0.0,-367.0,407.0,0.0,0.0
2017-09-14,400.0,327.0,-70.0,0.0,-341.0,0.0,-374.0,0.0,0.0,458.0
2017-09-15,0.0,328.0,0.0,0.0,-342.0,594.0,-375.0,0.0,-634.0,467.0
2017-09-18,0.0,326.0,76.0,217.0,-340.0,0.0,-374.0,0.0,-635.0,0.0
2017-09-19,0.0,335.0,77.0,218.0,-345.0,0.0,-381.0,0.0,-631.0,0.0
2017-09-20,0.0,338.0,76.0,212.0,-343.0,0.0,-377.0,0.0,-627.0,0.0
2017-09-21,0.0,353.0,80.0,228.0,-350.0,0.0,-387.0,0.0,-633.0,0.0
2017-09-22,0.0,357.0,82.0,229.0,-349.0,0.0,-385.0,0.0,-628.0,0.0
2017-09-25,0.0,356.0,83.0,236.0,-348.0,0.0,-380.0,0.0,-625.0,0.0
2017-09-26,0.0,359.0,84.0,239.0,-345.0,0.0,-377.0,0.0,-627.0,0.0
2017-09-27,0.0,352.0,84.0,237.0,-345.0,0.0,-374.0,-426.0,0.0,0.0
2017-09-28,0.0,370.0,89.0,247.0,-353.0,0.0,-385.0,-427.0,0.0,0.0
2017-09-29,0.0,367.0,86.0,245.0,-351.0,0.0,-376.0,-419.0,0.0,0.0
2017-10-09,0.0,377.0,88.0,255.0,-350.0,0.0,-379.0,-450.0,0.0,0.0
2017-10-10,0.0,379.0,92.0,258.0,-353.0,-624.0,-382.0,0.0,0.0,0.0
2017-10-11,0.0,0.0,93.0,256.0,-356.0,0.0,-385.0,473.0,-651.0,0.0
2017-10-12,0.0,378.0,92.0,243.0,-350.0,0.0,-384.0,0.0,-650.0,0.0
2017-10-13,0.0,366.0,88.0,232.0,-343.0,0.0,-372.0,0.0,-649.0,0.0
2017-10-16,0.0,360.0,88.0,236.0,-340.0,0.0,-366.0,0.0,-646.0,0.0
2017-10-17,0.0,0.0,92.0,239.0,-339.0,0.0,-366.0,446.0,-646.0,0.0
2017-10-18,0.0,0.0,94.0,239.0,-338.0,0.0,-366.0,452.0,-639.0,0.0
2017-10-19,0.0,0.0,99.0,253.0,-344.0,0.0,-376.0,462.0,-645.0,0.0
2017-10-20,0.0,0.0,95.0,241.0,-335.0,0.0,-365.0,441.0,-643.0,0.0
2017-10-23,0.0,0.0,99.0,248.0,-338.0,-606.0,-368.0,450.0,0.0,0.0
2017-10-24,0.0,0.0,99.0,255.0,-339.0,0.0,-368.0,446.0,-644.0,0.0
2017-10-25,0.0,0.0,97.0,252.0,-337.0,0.0,-370.0,450.0,-643.0,0.0
2017-10-26,0.0,0.0,96.0,252.0,-342.0,0.0,-376.0,457.0,-641.0,0.0
2017-10-27,0.0,0.0,97.0,254.0,-347.0,0.0,-380.0,466.0,-642.0,0.0
2017-10-30,0.0,392.0,99.0,254.0,-347.0,0.0,-380.0,0.0,-639.0,0.0
2017-10-31,0.0,389.0,100.0,261.0,-351.0,0.0,-384.0,0.0,0.0,-526.0
2017-11-01,0.0,0.0,99.0,257.0,-351.0,0.0,-384.0,468.0,-646.0,0.0
2017-11-02,0.0,0.0,95.0,244.0,-346.0,0.0,-378.0,458.0,-644.0,0.0
2017-11-03,0.0,0.0,96.0,246.0,-343.0,0.0,-372.0,461.0,-642.0,0.0
2017-11-06,0.0,0.0,93.0,238.0,-338.0,0.0,-366.0,446.0,-628.0,0.0
2017-11-07,0.0,0.0,91.0,234.0,-337.0,0.0,-364.0,450.0,-627.0,0.0
2017-11-08,424.0,-358.0,0.0,234.0,-338.0,0.0,-363.0,448.0,0.0,0.0
2017-11-09,423.0,0.0,0.0,230.0,-336.0,0.0,-362.0,443.0,-625.0,0.0
2017-11-10,416.0,0.0,0.0,229.0,-340.0,0.0,-367.0,435.0,-624.0,0.0
2017-11-13,0.0,0.0,0.0,229.0,-339.0,572.0,-363.0,428.0,0.0,-523.0
2017-11-14,409.0,0.0,0.0,229.0,-340.0,0.0,-366.0,422.0,-592.0,0.0
2017-11-15,413.0,0.0,0.0,238.0,-345.0,0.0,-374.0,429.0,-602.0,0.0
2017-11-16,415.0,0.0,0.0,238.0,-349.0,0.0,-376.0,430.0,-605.0,0.0
2017-11-17,424.0,0.0,0.0,236.0,-347.0,0.0,-368.0,432.0,-604.0,0.0
2017-11-20,418.0,0.0,0.0,229.0,-343.0,0.0,-364.0,430.0,0.0,-554.0
2017-11-21,415.0,0.0,-87.0,226.0,-341.0,0.0,-363.0,425.0,0.0,0.0
2017-11-22,412.0,0.0,-84.0,214.0,-339.0,0.0,-362.0,421.0,0.0,0.0
2017-11-23,418.0,0.0,-85.0,214.0,0.0,0.0,-365.0,420.0,0.0,-532.0
2017-11-24,418.0,-336.0,-83.0,0.0,0.0,560.0,0.0,417.0,0.0,-530.0
2017-11-27,416.0,-337.0,-83.0,0.0,0.0,579.0,0.0,407.0,0.0,-543.0
2017-11-28,408.0,-337.0,-83.0,0.0,0.0,576.0,0.0,402.0,0.0,-542.0
2017-11-29,406.0,-333.0,-83.0,0.0,0.0,569.0,0.0,399.0,0.0,-542.0
2017-11-30,406.0,0.0,-81.0,0.0,-347.0,574.0,0.0,392.0,0.0,-546.0
2017-12-01,405.0,-321.0,-79.0,0.0,-345.0,560.0,0.0,390.0,0.0,0.0
2017-12-04,395.0,0.0,-79.0,0.0,0.0,540.0,-362.0,379.0,0.0,-525.0
2017-12-05,0.0,-312.0,-80.0,214.0,0.0,525.0,0.0,379.0,0.0,-527.0
2017-12-06,0.0,-323.0,-79.0,213.0,0.0,520.0,0.0,384.0,0.0,-513.0
2017-12-07,0.0,0.0,-85.0,231.0,0.0,537.0,-375.0,400.0,0.0,-525.0
2017-12-08,0.0,0.0,0.0,224.0,-348.0,532.0,-369.0,389.0,0.0,-502.0
2017-12-11,0.0,0.0,-76.0,218.0,0.0,531.0,-367.0,388.0,0.0,-501.0
2017-12-12,0.0,0.0,-76.0,218.0,0.0,525.0,-365.0,387.0,0.0,-502.0
2017-12-13,0.0,0.0,0.0,216.0,-348.0,510.0,-367.0,383.0,0.0,-507.0
2017-12-14,0.0,0.0,0.0,216.0,-349.0,511.0,-369.0,391.0,0.0,-510.0
2017-12-15,0.0,0.0,0.0,212.0,-350.0,515.0,-371.0,396.0,0.0,-509.0
2017-12-18,0.0,0.0,0.0,204.0,-348.0,513.0,-369.0,393.0,0.0,-507.0
2017-12-19,0.0,-326.0,0.0,207.0,0.0,507.0,-365.0,398.0,0.0,-504.0
2017-12-20,0.0,0.0,0.0,208.0,-346.0,502.0,-366.0,400.0,0.0,-504.0
2017-12-21,0.0,0.0,0.0,211.0,-347.0,508.0,-368.0,396.0,0.0,-516.0
2017-12-22,0.0,0.0,0.0,210.0,-349.0,506.0,-367.0,391.0,0.0,-510.0
2017-12-25,0.0,0.0,0.0,218.0,-353.0,520.0,-371.0,400.0,0.0,-517.0
2017-12-26,0.0,0.0,0.0,213.0,-348.0,517.0,-365.0,407.0,0.0,-509.0
2017-12-27,0.0,0.0,0.0,213.0,-350.0,529.0,-368.0,407.0,0.0,-516.0
2017-12-28,0.0,342.0,0.0,211.0,-349.0,535.0,-366.0,0.0,0.0,-516.0
2017-12-29,0.0,347.0,0.0,210.0,-349.0,510.0,-365.0,0.0,0.0,-515.0
2018-01-02,0.0,307.0,83.0,208.0,0.0,-570.0,-351.0,0.0,0.0,-492.0
2018-01-03,0.0,-311.0,83.0,205.0,-334.0,573.0,0.0,0.0,0.0,-492.0
2018-01-04,0.0,0.0,80.0,203.0,-334.0,568.0,-350.0,0.0,0.0,-488.0
2018-01-05,0.0,0.0,81.0,204.0,-334.0,570.0,-351.0,0.0,0.0,-488.0
2018-01-08,0.0,0.0,80.0,200.0,-335.0,557.0,-350.0,0.0,0.0,-488.0
2018-01-09,0.0,-297.0,80.0,201.0,-336.0,559.0,0.0,0.0,0.0,-491.0
2018-01-10,0.0,-299.0,82.0,205.0,-333.0,560.0,0.0,0.0,0.0,-493.0
2018-01-11,0.0,0.0,82.0,202.0,-331.0,560.0,-346.0,0.0,0.0,-495.0
2018-01-12,0.0,0.0,83.0,206.0,-328.0,565.0,-344.0,0.0,0.0,-488.0
2018-01-15,0.0,0.0,84.0,209.0,-330.0,567.0,-345.0,0.0,0.0,-489.0
2018-01-16,0.0,0.0,85.0,217.0,-338.0,590.0,-354.0,0.0,0.0,-503.0
2018-01-17,0.0,0.0,85.0,216.0,-339.0,590.0,0.0,-436.0,0.0,-507.0
2018-01-18,0.0,0.0,85.0,218.0,-339.0,591.0,0.0,-432.0,0.0,-503.0
2018-01-19,0.0,0.0,84.0,216.0,-338.0,595.0,0.0,-425.0,0.0,-500.0
2018-01-22,0.0,0.0,83.0,218.0,-337.0,592.0,0.0,-424.0,0.0,-499.0
2018-01-23,0.0,0.0,84.0,216.0,-335.0,586.0,0.0,-426.0,0.0,-496.0
2018-01-24,0.0,0.0,83.0,215.0,-337.0,592.0,-351.0,0.0,0.0,-489.0
2018-01-25,0.0,0.0,81.0,211.0,-335.0,586.0,-349.0,0.0,0.0,-486.0
2018-01-26,0.0,0.0,82.0,214.0,-333.0,590.0,-347.0,0.0,0.0,-481.0
2018-01-29,0.0,0.0,82.0,216.0,-335.0,585.0,-349.0,0.0,0.0,-485.0
2018-01-30,0.0,0.0,83.0,215.0,-339.0,592.0,0.0,0.0,-585.0,-487.0
2018-01-31,0.0,0.0,83.0,215.0,-340.0,599.0,0.0,-426.0,0.0,-484.0
2018-02-01,0.0,0.0,83.0,215.0,-343.0,601.0,0.0,0.0,-589.0,-497.0
2018-02-02,0.0,0.0,81.0,209.0,-345.0,601.0,0.0,-421.0,0.0,-496.0
2018-02-05,0.0,0.0,78.0,203.0,-343.0,595.0,0.0,-420.0,0.0,-491.0
2018-02-06,416.0,0.0,0.0,204.0,-347.0,592.0,0.0,-423.0,0.0,-494.0
2018-02-07,415.0,0.0,-77.0,203.0,-348.0,595.0,0.0,0.0,0.0,-491.0
2018-02-08,414.0,0.0,-78.0,204.0,-349.0,598.0,0.0,0.0,0.0,-493.0
2018-02-09,421.0,0.0,-79.0,205.0,-351.0,602.0,0.0,0.0,0.0,-496.0
2018-02-12,419.0,0.0,0.0,204.0,-353.0,612.0,-362.0,0.0,0.0,-502.0
2018-02-13,418.0,0.0,0.0,204.0,0.0,613.0,-362.0,-425.0,0.0,-503.0
2018-02-14,418.0,0.0,0.0,202.0,0.0,613.0,-357.0,-424.0,0.0,-510.0
2018-02-22,424.0,0.0,0.0,202.0,-350.0,611.0,-359.0,-431.0,0.0,0.0
2018-02-23,420.0,-304.0,0.0,199.0,-348.0,603.0,-358.0,0.0,0.0,0.0
2018-02-26,408.0,-304.0,-73.0,197.0,-348.0,617.0,0.0,0.0,0.0,0.0
2018-02-27,407.0,-305.0,-73.0,194.0,0.0,623.0,0.0,-413.0,0.0,0.0
2018-02-28,408.0,0.0,-74.0,197.0,-351.0,622.0,-364.0,0.0,0.0,0.0
2018-03-01,407.0,0.0,0.0,198.0,-344.0,626.0,-360.0,0.0,0.0,-491.0
2018-03-02,405.0,0.0,0.0,199.0,-346.0,623.0,-360.0,0.0,0.0,-491.0
2018-03-05,412.0,0.0,0.0,202.0,-349.0,0.0,-363.0,0.0,576.0,-501.0
2018-03-06,412.0,320.0,0.0,202.0,-350.0,0.0,-361.0,0.0,0.0,-505.0
2018-03-07,0.0,322.0,0.0,206.0,-352.0,0.0,-364.0,0.0,585.0,-505.0
2018-03-08,429.0,0.0,0.0,210.0,-358.0,0.0,-372.0,0.0,589.0,-520.0
2018-03-09,438.0,345.0,0.0,214.0,-358.0,0.0,-371.0,0.0,0.0,-518.0
2018-03-12,0.0,348.0,83.0,219.0,-364.0,0.0,-375.0,0.0,0.0,-532.0
2018-03-13,0.0,348.0,84.0,222.0,-363.0,0.0,-375.0,0.0,0.0,-532.0
2018-03-14,432.0,0.0,82.0,215.0,-357.0,0.0,-373.0,0.0,0.0,-527.0
2018-03-15,432.0,0.0,83.0,216.0,-357.0,0.0,-375.0,0.0,0.0,-529.0
2018-03-16,0.0,0.0,84.0,216.0,-360.0,616.0,-381.0,0.0,0.0,-527.0
2018-03-19,0.0,0.0,86.0,216.0,-357.0,598.0,-381.0,0.0,0.0,-529.0
2018-03-20,0.0,363.0,86.0,216.0,-358.0,0.0,-383.0,0.0,0.0,-535.0
2018-03-21,0.0,360.0,85.0,215.0,-359.0,0.0,-383.0,0.0,0.0,-532.0
2018-03-22,445.0,0.0,85.0,218.0,-360.0,0.0,-381.0,0.0,0.0,-525.0
2018-03-23,471.0,0.0,90.0,226.0,-364.0,0.0,-391.0,0.0,0.0,-533.0
2018-03-26,474.0,0.0,91.0,223.0,-368.0,0.0,-392.0,0.0,0.0,-529.0
2018-03-27,465.0,0.0,91.0,222.0,-363.0,0.0,-387.0,0.0,0.0,-527.0
2018-03-28,0.0,0.0,94.0,226.0,-365.0,621.0,-390.0,0.0,0.0,-537.0
2018-03-29,0.0,0.0,94.0,222.0,-362.0,619.0,-384.0,0.0,0.0,-530.0
2018-03-30,0.0,0.0,91.0,217.0,-361.0,613.0,-383.0,0.0,0.0,-518.0
2018-04-02,0.0,0.0,90.0,217.0,-359.0,621.0,-377.0,0.0,0.0,-513.0
2018-04-03,0.0,0.0,89.0,216.0,-360.0,627.0,-378.0,0.0,0.0,-516.0
2018-04-04,449.0,0.0,88.0,214.0,-363.0,0.0,-378.0,0.0,0.0,-515.0
2018-04-09,441.0,0.0,89.0,215.0,-359.0,0.0,-373.0,0.0,0.0,-502.0
2018-04-10,437.0,0.0,89.0,216.0,-354.0,0.0,-370.0,0.0,0.0,-507.0
2018-04-11,0.0,0.0,92.0,220.0,-355.0,611.0,-372.0,0.0,0.0,-512.0
2018-04-12,0.0,0.0,94.0,220.0,-356.0,606.0,-372.0,0.0,-611.0,0.0
2018-04-13,434.0,0.0,93.0,219.0,-356.0,0.0,-374.0,0.0,0.0,-512.0
2018-04-16,0.0,0.0,93.0,220.0,-360.0,592.0,-376.0,0.0,0.0,-514.0
2018-04-17,433.0,0.0,93.0,218.0,0.0,0.0,-377.0,0.0,-606.0,-511.0
2018-04-18,0.0,384.0,0.0,217.0,0.0,569.0,-376.0,0.0,-603.0,-509.0
2018-04-19,423.0,0.0,0.0,218.0,-356.0,576.0,-374.0,0.0,0.0,-503.0
2018-04-20,424.0,-371.0,0.0,228.0,0.0,590.0,0.0,0.0,-598.0,-509.0
2018-04-23,0.0,-357.0,90.0,224.0,0.0,581.0,0.0,0.0,-596.0,-501.0
2018-04-24,0.0,-362.0,90.0,227.0,0.0,572.0,0.0,0.0,-594.0,-495.0
2018-04-25,0.0,-361.0,90.0,230.0,0.0,576.0,0.0,0.0,-595.0,-494.0
2018-04-26,0.0,0.0,91.0,233.0,0.0,571.0,-378.0,0.0,-597.0,-492.0
2018-04-27,0.0,0.0,92.0,251.0,0.0,562.0,-378.0,0.0,-597.0,-483.0
2018-05-02,0.0,0.0,84.0,231.0,0.0,616.0,-363.0,-447.0,0.0,-486.0
2018-05-03,446.0,-352.0,-84.0,232.0,0.0,617.0,-362.0,0.0,0.0,0.0
2018-05-04,446.0,-353.0,0.0,228.0,0.0,604.0,-359.0,0.0,0.0,-484.0
2018-05-07,445.0,0.0,0.0,222.0,-348.0,603.0,-359.0,0.0,0.0,-477.0
2018-05-08,446.0,0.0,-82.0,223.0,0.0,603.0,-360.0,0.0,0.0,-478.0
2018-05-09,453.0,-355.0,-84.0,226.0,0.0,601.0,0.0,0.0,0.0,-481.0
2018-05-10,449.0,-355.0,-83.0,224.0,0.0,600.0,-359.0,0.0,0.0,0.0
2018-05-11,442.0,0.0,-81.0,220.0,0.0,597.0,-360.0,0.0,-575.0,0.0
2018-05-14,442.0,-342.0,-80.0,220.0,0.0,601.0,0.0,0.0,-575.0,0.0
2018-05-15,439.0,-343.0,-79.0,219.0,0.0,594.0,-362.0,0.0,0.0,0.0
2018-05-16,437.0,-345.0,-79.0,218.0,0.0,587.0,-359.0,0.0,0.0,0.0
2018-05-17,433.0,-345.0,-79.0,223.0,0.0,587.0,-361.0,0.0,0.0,0.0
2018-05-18,439.0,-349.0,-80.0,226.0,0.0,589.0,-361.0,0.0,0.0,0.0
2018-05-21,444.0,-358.0,-81.0,225.0,0.0,592.0,-358.0,0.0,0.0,0.0
2018-05-22,443.0,0.0,0.0,228.0,0.0,598.0,-358.0,0.0,-576.0,-493.0
2018-05-23,449.0,0.0,0.0,236.0,0.0,600.0,-361.0,0.0,-577.0,-499.0
2018-05-24,442.0,-363.0,0.0,233.0,0.0,601.0,-362.0,0.0,-577.0,0.0
2018-05-25,443.0,-367.0,0.0,236.0,0.0,611.0,-365.0,0.0,-575.0,0.0
2018-05-28,440.0,-368.0,0.0,232.0,0.0,610.0,-368.0,0.0,-586.0,0.0
2018-05-29,433.0,-359.0,0.0,228.0,0.0,608.0,-363.0,0.0,0.0,-499.0
2018-05-30,431.0,-366.0,0.0,231.0,0.0,613.0,-363.0,0.0,-586.0,0.0
2018-05-31,427.0,-360.0,0.0,224.0,0.0,604.0,-363.0,0.0,0.0,-497.0
2018-06-01,427.0,-362.0,0.0,222.0,0.0,597.0,-359.0,0.0,-580.0,0.0
2018-06-04,431.0,-365.0,0.0,224.0,0.0,602.0,-359.0,0.0,0.0,-486.0
2018-06-05,426.0,-357.0,0.0,223.0,0.0,608.0,-359.0,0.0,0.0,-479.0
2018-06-06,425.0,-354.0,0.0,223.0,0.0,607.0,-363.0,0.0,0.0,-483.0
2018-06-07,423.0,-355.0,0.0,221.0,0.0,593.0,-359.0,0.0,0.0,-476.0
2018-06-08,423.0,-357.0,80.0,221.0,0.0,0.0,-358.0,0.0,0.0,-468.0
2018-06-11,423.0,-355.0,0.0,223.0,0.0,590.0,-354.0,0.0,0.0,-469.0
2018-06-12,419.0,-352.0,78.0,217.0,0.0,0.0,-355.0,0.0,0.0,-469.0
2018-06-13,421.0,-353.0,0.0,221.0,0.0,591.0,-357.0,0.0,0.0,-477.0
2018-06-14,419.0,-352.0,0.0,222.0,-362.0,592.0,-359.0,0.0,0.0,0.0
2018-06-15,420.0,-352.0,0.0,220.0,0.0,589.0,-359.0,0.0,-584.0,0.0
2018-06-19,433.0,-370.0,0.0,232.0,-369.0,601.0,-365.0,0.0,0.0,0.0
2018-06-20,426.0,-368.0,78.0,230.0,-366.0,0.0,-365.0,0.0,0.0,0.0
2018-06-21,430.0,0.0,78.0,235.0,-369.0,0.0,-368.0,0.0,0.0,-487.0
2018-06-22,431.0,-364.0,79.0,235.0,0.0,0.0,-371.0,0.0,0.0,-488.0
2018-06-25,433.0,-359.0,80.0,233.0,0.0,0.0,-370.0,0.0,0.0,-492.0
2018-06-26,438.0,-360.0,82.0,236.0,0.0,0.0,-368.0,0.0,-591.0,0.0
2018-06-27,435.0,-362.0,82.0,237.0,-365.0,0.0,-367.0,0.0,0.0,0.0
2018-06-28,430.0,-357.0,81.0,235.0,0.0,0.0,-366.0,0.0,-575.0,0.0
2018-06-29,425.0,-352.0,79.0,231.0,0.0,0.0,-359.0,0.0,-570.0,0.0
2018-07-02,432.0,-360.0,82.0,238.0,-362.0,0.0,-361.0,0.0,0.0,0.0
2018-07-03,431.0,-360.0,82.0,238.0,0.0,0.0,-361.0,0.0,0.0,-483.0
2018-07-04,428.0,-361.0,81.0,241.0,0.0,0.0,-360.0,0.0,0.0,-482.0
2018-07-05,433.0,-365.0,83.0,241.0,0.0,0.0,-366.0,0.0,0.0,-489.0
2018-07-06,433.0,-363.0,83.0,241.0,0.0,0.0,-367.0,0.0,0.0,-492.0
2018-07-09,428.0,-361.0,82.0,240.0,0.0,0.0,-365.0,0.0,0.0,-487.0
2018-07-10,423.0,-363.0,82.0,243.0,0.0,0.0,-361.0,0.0,0.0,-487.0
2018-07-11,422.0,-360.0,82.0,242.0,-361.0,0.0,-361.0,0.0,0.0,0.0
2018-07-12,414.0,-358.0,81.0,241.0,0.0,0.0,-358.0,0.0,0.0,-480.0
2018-07-13,0.0,-360.0,82.0,246.0,-357.0,579.0,-357.0,0.0,0.0,0.0
2018-07-16,0.0,-358.0,83.0,244.0,-357.0,582.0,-357.0,0.0,0.0,0.0
2018-07-17,0.0,-358.0,83.0,242.0,-357.0,582.0,-357.0,0.0,0.0,0.0
2018-07-18,0.0,-358.0,83.0,244.0,-358.0,581.0,-357.0,0.0,0.0,0.0
2018-07-19,0.0,-357.0,82.0,239.0,0.0,576.0,-358.0,0.0,0.0,-485.0
2018-07-20,410.0,-353.0,81.0,238.0,0.0,0.0,-355.0,0.0,0.0,-479.0
2018-07-23,0.0,-351.0,79.0,238.0,0.0,570.0,-354.0,0.0,0.0,-479.0
2018-07-24,411.0,-351.0,0.0,236.0,0.0,562.0,-351.0,0.0,0.0,-483.0
2018-07-25,406.0,-350.0,0.0,232.0,-353.0,570.0,-351.0,0.0,0.0,0.0
2018-07-26,407.0,-351.0,0.0,232.0,-353.0,572.0,-352.0,0.0,0.0,0.0
2018-07-27,397.0,-339.0,0.0,232.0,-354.0,570.0,-351.0,0.0,0.0,0.0
2018-07-30,399.0,-341.0,0.0,232.0,0.0,561.0,-347.0,0.0,0.0,-474.0
2018-07-31,396.0,-342.0,-74.0,232.0,0.0,564.0,-347.0,0.0,0.0,0.0
2018-08-01,0.0,-351.0,0.0,234.0,0.0,566.0,-347.0,0.0,519.0,-473.0
2018-08-02,400.0,0.0,0.0,233.0,-349.0,552.0,-342.0,0.0,0.0,-473.0
2018-08-03,395.0,0.0,-69.0,231.0,-347.0,0.0,-337.0,398.0,0.0,0.0
2018-08-06,393.0,-332.0,-67.0,226.0,0.0,0.0,-332.0,395.0,0.0,0.0
2018-08-07,392.0,-331.0,-68.0,230.0,0.0,515.0,-330.0,0.0,0.0,0.0
2018-08-08,396.0,-332.0,-69.0,230.0,0.0,0.0,0.0,0.0,480.0,-451.0
2018-08-09,395.0,-327.0,-68.0,231.0,0.0,0.0,0.0,0.0,478.0,-454.0
2018-08-10,0.0,-329.0,-67.0,234.0,0.0,538.0,-332.0,0.0,463.0,0.0
2018-08-13,390.0,-323.0,-66.0,234.0,0.0,536.0,-331.0,0.0,0.0,0.0
2018-08-14,394.0,-327.0,-65.0,235.0,0.0,520.0,0.0,-385.0,0.0,0.0
2018-08-15,393.0,-327.0,-65.0,233.0,0.0,0.0,-329.0,384.0,0.0,0.0
2018-08-16,398.0,-332.0,-64.0,234.0,-344.0,523.0,0.0,0.0,0.0,0.0
2018-08-17,391.0,-326.0,-60.0,229.0,0.0,532.0,0.0,0.0,-408.0,0.0
2018-08-20,379.0,-328.0,-62.0,222.0,0.0,516.0,0.0,-368.0,0.0,0.0
2018-08-21,0.0,-336.0,-65.0,220.0,348.0,522.0,0.0,-372.0,0.0,0.0
2018-08-22,382.0,-339.0,0.0,216.0,-347.0,513.0,-337.0,0.0,0.0,0.0
2018-08-23,383.0,0.0,-65.0,218.0,-348.0,0.0,-341.0,0.0,393.0,0.0
2018-08-24,377.0,-337.0,-64.0,215.0,-350.0,525.0,0.0,0.0,0.0,0.0
2018-08-27,0.0,-344.0,-64.0,216.0,-350.0,525.0,0.0,0.0,375.0,0.0
2018-08-28,379.0,-340.0,0.0,217.0,-351.0,525.0,0.0,0.0,0.0,-475.0
2018-08-29,0.0,-342.0,-63.0,217.0,0.0,527.0,0.0,380.0,-369.0,0.0
2018-08-30,386.0,-342.0,-66.0,215.0,0.0,521.0,-340.0,0.0,0.0,0.0
2018-08-31,0.0,-349.0,65.0,207.0,-352.0,528.0,0.0,0.0,0.0,-478.0
2018-09-03,388.0,-344.0,0.0,227.0,-358.0,519.0,-343.0,0.0,0.0,0.0
2018-09-04,0.0,-341.0,70.0,226.0,-357.0,0.0,-342.0,0.0,429.0,0.0
2018-09-05,0.0,-342.0,70.0,224.0,-358.0,0.0,-340.0,0.0,431.0,0.0
2018-09-06,0.0,-332.0,69.0,216.0,-357.0,0.0,-342.0,0.0,430.0,0.0
2018-09-07,0.0,-335.0,71.0,218.0,-357.0,0.0,-339.0,0.0,434.0,0.0
2018-09-10,0.0,-335.0,69.0,210.0,0.0,-491.0,-335.0,0.0,429.0,0.0
2018-09-11,0.0,-338.0,73.0,216.0,0.0,0.0,-340.0,-375.0,445.0,0.0
2018-09-12,0.0,-339.0,74.0,219.0,-357.0,0.0,-341.0,0.0,443.0,0.0
2018-09-13,0.0,-331.0,74.0,216.0,-356.0,0.0,-341.0,0.0,446.0,0.0
2018-09-14,0.0,-332.0,74.0,214.0,-355.0,0.0,-340.0,0.0,455.0,0.0
2018-09-17,0.0,-333.0,73.0,215.0,-354.0,0.0,0.0,0.0,455.0,-499.0
2018-09-18,0.0,-329.0,73.0,214.0,-352.0,0.0,-332.0,0.0,462.0,0.0
2018-09-19,0.0,-330.0,72.0,213.0,-350.0,0.0,-331.0,0.0,465.0,0.0
2018-09-20,0.0,-332.0,72.0,218.0,-348.0,-499.0,0.0,0.0,464.0,0.0
2018-09-21,0.0,-333.0,70.0,216.0,-351.0,0.0,0.0,0.0,462.0,-492.0
2018-09-25,0.0,-335.0,72.0,217.0,-349.0,0.0,0.0,0.0,468.0,-494.0
2018-09-26,0.0,-333.0,73.0,216.0,-353.0,0.0,0.0,0.0,466.0,-502.0
2018-09-27,0.0,-335.0,74.0,219.0,-352.0,0.0,0.0,-365.0,464.0,0.0
2018-09-28,0.0,-336.0,74.0,218.0,-351.0,0.0,0.0,-365.0,460.0,0.0
2018-10-08,0.0,0.0,71.0,209.0,-343.0,0.0,0.0,-420.0,456.0,-495.0
2018-10-09,422.0,0.0,0.0,208.0,-339.0,-487.0,0.0,413.0,0.0,-490.0
2018-10-10,423.0,0.0,0.0,204.0,-345.0,-483.0,0.0,411.0,0.0,-484.0
2018-10-11,426.0,-326.0,0.0,203.0,0.0,-492.0,0.0,411.0,0.0,-496.0
2018-10-12,424.0,0.0,-66.0,202.0,-348.0,0.0,0.0,406.0,0.0,-496.0
2018-10-15,420.0,0.0,-67.0,206.0,0.0,-481.0,0.0,402.0,0.0,-500.0
2018-10-16,422.0,0.0,-68.0,203.0,-355.0,0.0,0.0,405.0,0.0,-512.0
2018-10-17,419.0,0.0,-66.0,198.0,-355.0,0.0,0.0,397.0,0.0,-513.0
2018-10-18,432.0,0.0,-69.0,201.0,-354.0,0.0,0.0,406.0,0.0,-516.0
2018-10-19,432.0,0.0,0.0,205.0,-354.0,-498.0,0.0,411.0,0.0,-525.0
2018-10-22,427.0,0.0,0.0,204.0,-353.0,-500.0,0.0,401.0,0.0,-518.0
2018-10-23,0.0,0.0,70.0,200.0,-353.0,0.0,0.0,402.0,-479.0,-516.0
2018-10-24,0.0,0.0,68.0,199.0,-352.0,0.0,0.0,398.0,-481.0,-517.0
2018-10-25,0.0,0.0,68.0,196.0,-357.0,-512.0,0.0,398.0,0.0,-520.0
2018-10-26,0.0,-310.0,68.0,197.0,-359.0,0.0,0.0,394.0,0.0,-517.0
2018-10-29,0.0,0.0,70.0,200.0,-364.0,0.0,0.0,402.0,-480.0,-515.0
2018-10-30,0.0,0.0,69.0,199.0,-366.0,0.0,0.0,399.0,-479.0,-522.0
2018-10-31,0.0,0.0,70.0,199.0,-368.0,0.0,0.0,404.0,-478.0,-519.0
2018-11-01,0.0,0.0,71.0,201.0,-372.0,0.0,0.0,411.0,-485.0,-525.0
2018-11-02,0.0,0.0,71.0,204.0,-366.0,0.0,0.0,410.0,-493.0,-527.0
2018-11-05,0.0,323.0,69.0,201.0,-365.0,-558.0,0.0,0.0,0.0,-530.0
2018-11-06,0.0,0.0,69.0,203.0,-367.0,-576.0,0.0,421.0,-496.0,0.0
2018-11-07,0.0,0.0,70.0,204.0,-368.0,0.0,0.0,424.0,-507.0,-533.0
2018-11-08,0.0,0.0,70.0,205.0,-367.0,0.0,-339.0,418.0,0.0,-533.0
2018-11-09,0.0,0.0,71.0,207.0,-372.0,-587.0,0.0,424.0,0.0,-532.0
2018-11-12,0.0,0.0,72.0,204.0,-376.0,0.0,0.0,433.0,-506.0,-529.0
2018-11-13,0.0,0.0,72.0,208.0,-372.0,0.0,0.0,431.0,-509.0,-527.0
2018-11-14,0.0,0.0,71.0,204.0,-369.0,0.0,0.0,423.0,-522.0,-525.0
2018-11-15,0.0,325.0,70.0,201.0,-368.0,0.0,-353.0,0.0,0.0,-518.0
2018-11-16,0.0,0.0,69.0,201.0,-369.0,-601.0,0.0,429.0,0.0,-514.0
2018-11-19,0.0,0.0,71.0,201.0,0.0,-612.0,0.0,434.0,-507.0,-520.0
2018-11-20,0.0,0.0,72.0,203.0,0.0,-623.0,0.0,445.0,-518.0,-523.0
2018-11-21,0.0,0.0,73.0,202.0,-375.0,-651.0,0.0,448.0,0.0,-520.0
2018-11-22,0.0,0.0,74.0,204.0,-381.0,-653.0,0.0,447.0,0.0,-526.0
2018-11-23,0.0,335.0,76.0,207.0,0.0,-674.0,-393.0,0.0,0.0,-527.0
2018-11-26,0.0,349.0,79.0,214.0,0.0,-696.0,0.0,0.0,-561.0,-517.0
2018-11-27,0.0,358.0,80.0,213.0,-390.0,-698.0,0.0,0.0,0.0,-522.0
2018-11-28,0.0,353.0,79.0,209.0,0.0,-680.0,-380.0,0.0,0.0,-517.0
2018-11-29,0.0,350.0,78.0,208.0,0.0,-690.0,-385.0,0.0,0.0,-515.0
2018-11-30,0.0,346.0,78.0,209.0,0.0,0.0,-379.0,0.0,-553.0,-513.0
