,close,close_dt,close_exchange_rate,commodity,contract,count,direction,holding_period,multiplier,open,open_dt,open_exchange_rate,pnl,rtn,tcost,tcost_mode,tcost_unit,volume
0,7368.0,2013-12-19,1.0,TA,TA.CZC,1,-1.0,4.0,5,7470.0,2013-12-16,1.0,6120.0,0.013654618473895583,0,,,12.0
1,6914.0,2014-01-24,1.0,TA,TA.CZC,2,-1.0,16.0,5,7080.0,2014-01-09,1.0,8300.0,0.02344632768361582,0,,,10.0
2,6876.0,2014-02-07,1.0,TA,TA.CZC,3,-1.0,11.0,5,6886.0,2014-01-28,1.0,400.0,0.0014522218995062445,0,,,8.0
3,6480.0,2014-03-26,1.0,TA,TA.CZC,4,-1.0,45.0,5,6840.0,2014-02-10,1.0,28800.0,0.05263157894736842,0,,,16.0
4,6098.0,2014-05-06,1.0,TA,TA.CZC,5,-1.0,26.0,5,6372.0,2014-04-11,1.0,16440.0,0.043000627746390456,0,,,12.0
5,6460.0,2014-05-28,1.0,TA,TA.CZC,6,-1.0,21.0,5,6068.0,2014-05-08,1.0,-23520.0,-0.06460118655240607,0,,,12.0
6,6570.0,2014-05-30,1.0,TA,TA.CZC,7,-1.0,2.0,5,6518.0,2014-05-29,1.0,-2600.0,-0.007977907333537895,0,,,10.0
7,6556.0,2014-06-04,1.0,TA,TA.CZC,8,-1.0,2.0,5,6562.0,2014-06-03,1.0,420.0,0.0009143553794574825,0,,,14.0
8,6770.0,2014-06-06,1.0,TA,TA.CZC,9,-1.0,2.0,5,6664.0,2014-06-05,1.0,-7420.0,-0.015906362545018007,0,,,14.0
9,7240.0,2014-07-04,1.0,TA,TA.CZC,10,1.0,2.0,5,7140.0,2014-07-03,1.0,10000.0,0.014005602240896359,0,,,20.0
10,6908.0,2014-08-15,1.0,TA,TA.CZC,11,1.0,9.0,5,6944.0,2014-08-07,1.0,-4320.0,-0.005184331797235023,0,,,24.0
11,6882.0,2014-08-20,1.0,TA,TA.CZC,12,1.0,3.0,5,6860.0,2014-08-18,1.0,2420.0,0.003206997084548105,0,,,22.0
12,6720.0,2014-08-28,1.0,TA,TA.CZC,13,1.0,4.0,5,6800.0,2014-08-25,1.0,-8000.0,-0.011764705882352941,0,,,20.0
13,5292.0,2014-12-02,1.0,TA,TA.CZC,14,-1.0,51.0,5,5560.0,2014-10-13,1.0,40200.0,0.04820143884892086,0,,,30.0
14,4786.0,2015-02-16,1.0,TA,TA.CZC,15,-1.0,74.0,5,5300.0,2014-12-05,1.0,97660.0,0.0969811320754717,0,,,38.0
15,4920.0,2015-02-27,1.0,TA,TA.CZC,16,-1.0,2.0,5,4848.0,2015-02-26,1.0,-5040.0,-0.01485148514851485,0,,,14.0
16,4960.0,2015-03-03,1.0,TA,TA.CZC,17,-1.0,2.0,5,4910.0,2015-03-02,1.0,-3500.0,-0.010183299389002037,0,,,14.0
17,4730.0,2015-03-24,1.0,TA,TA.CZC,18,-1.0,16.0,5,4824.0,2015-03-09,1.0,5640.0,0.019485903814262025,0,,,12.0
18,5382.0,2015-04-27,1.0,TA,TA.CZC,19,-1.0,34.0,5,4842.0,2015-03-25,1.0,-32400.0,-0.11152416356877323,0,,,12.0
19,5294.0,2015-05-19,1.0,TA,TA.CZC,20,-1.0,22.0,5,5456.0,2015-04-28,1.0,11340.0,0.02969208211143695,0,,,14.0
20,5110.0,2015-06-02,1.0,TA,TA.CZC,21,-1.0,14.0,5,5148.0,2015-05-20,1.0,2660.0,0.007381507381507382,0,,,14.0
21,4918.0,2015-07-01,1.0,TA,TA.CZC,22,-1.0,27.0,5,5178.0,2015-06-05,1.0,18200.0,0.050212437234453455,0,,,14.0
22,4572.0,2015-10-28,1.0,TA,TA.CZC,23,-1.0,119.0,5,4940.0,2015-07-02,1.0,22080.0,0.07449392712550608,0,,,12.0
23,4460.0,2016-02-23,1.0,TA,TA.CZC,24,-1.0,118.0,5,4600.0,2015-10-29,1.0,18200.0,0.030434782608695653,0,,,26.0
24,4576.0,2016-03-04,1.0,TA,TA.CZC,25,-1.0,10.0,5,4448.0,2016-02-24,1.0,-26880.0,-0.02877697841726619,0,,,42.0
25,4584.0,2016-03-17,1.0,TA,TA.CZC,26,-1.0,11.0,5,4622.0,2016-03-07,1.0,7600.0,0.008221549112938122,0,,,40.0
26,4760.0,2016-04-13,1.0,TA,TA.CZC,27,-1.0,24.0,5,4724.0,2016-03-21,1.0,-5760.0,-0.007620660457239628,0,,,32.0
27,4708.0,2016-06-07,1.0,TA,TA.CZC,28,-1.0,35.0,5,4930.0,2016-05-04,1.0,26640.0,0.04503042596348884,0,,,24.0
28,4740.0,2016-06-23,1.0,TA,TA.CZC,29,-1.0,16.0,5,4684.0,2016-06-08,1.0,-10080.0,-0.011955593509820665,0,,,36.0
29,4734.0,2016-07-08,1.0,TA,TA.CZC,30,-1.0,2.0,5,4728.0,2016-07-07,1.0,-1080.0,-0.0012690355329949238,0,,,36.0
30,4664.0,2016-07-12,1.0,TA,TA.CZC,31,-1.0,2.0,5,4642.0,2016-07-11,1.0,-4180.0,-0.004739336492890996,0,,,38.0
31,4626.0,2016-07-21,1.0,TA,TA.CZC,32,-1.0,2.0,5,4632.0,2016-07-20,1.0,1080.0,0.0012953367875647669,0,,,36.0
32,4772.0,2016-08-23,1.0,TA,TA.CZC,33,-1.0,2.0,5,4896.0,2016-08-22,1.0,16120.0,0.025326797385620915,0,,,26.0
33,4896.0,2016-10-31,1.0,TA,TA.CZC,34,-1.0,69.0,5,4800.0,2016-08-24,1.0,-12480.0,-0.02,0,,,26.0
34,4878.0,2016-11-02,1.0,TA,TA.CZC,35,-1.0,2.0,5,4920.0,2016-11-01,1.0,6300.0,0.00853658536585366,0,,,30.0
35,4822.0,2016-11-08,1.0,TA,TA.CZC,36,-1.0,6.0,5,4810.0,2016-11-03,1.0,-2280.0,-0.002494802494802495,0,,,38.0
36,5222.0,2016-11-14,1.0,TA,TA.CZC,37,-1.0,6.0,5,4832.0,2016-11-09,1.0,-74100.0,-0.08071192052980132,0,,,38.0
37,5456.0,2017-01-17,1.0,TA,TA.CZC,38,-1.0,64.0,5,4898.0,2016-11-15,1.0,-100440.0,-0.11392405063291139,0,,,36.0
38,5398.0,2017-01-19,1.0,TA,TA.CZC,39,-1.0,2.0,5,5454.0,2017-01-18,1.0,9520.0,0.010267693436010267,0,,,34.0
39,5410.0,2017-01-23,1.0,TA,TA.CZC,40,-1.0,4.0,5,5458.0,2017-01-20,1.0,8160.0,0.008794430194210334,0,,,34.0
40,5652.0,2017-01-26,1.0,TA,TA.CZC,41,-1.0,3.0,5,5564.0,2017-01-24,1.0,-14960.0,-0.015815959741193385,0,,,34.0
41,5794.0,2017-02-07,1.0,TA,TA.CZC,42,-1.0,2.0,5,5662.0,2017-02-06,1.0,-19800.0,-0.023313316849169905,0,,,30.0
42,5680.0,2017-02-22,1.0,TA,TA.CZC,43,-1.0,3.0,5,5672.0,2017-02-20,1.0,-1280.0,-0.0014104372355430183,0,,,32.0
43,5612.0,2017-02-28,1.0,TA,TA.CZC,44,-1.0,2.0,5,5594.0,2017-02-27,1.0,-2880.0,-0.0032177332856632105,0,,,32.0
44,5580.0,2017-03-02,1.0,TA,TA.CZC,45,-1.0,2.0,5,5572.0,2017-03-01,1.0,-1120.0,-0.0014357501794687725,0,,,28.0
45,5092.0,2017-03-14,1.0,TA,TA.CZC,46,-1.0,2.0,5,5100.0,2017-03-13,1.0,1120.0,0.001568627450980392,0,,,28.0
46,5010.0,2017-04-06,1.0,TA,TA.CZC,47,-1.0,15.0,5,5040.0,2017-03-23,1.0,4800.0,0.005952380952380952,0,,,32.0
47,4984.0,2017-05-22,1.0,TA,TA.CZC,48,-1.0,43.0,5,5112.0,2017-04-10,1.0,20480.0,0.025039123630672927,0,,,32.0
48,4810.0,2017-06-28,1.0,TA,TA.CZC,49,-1.0,36.0,5,4990.0,2017-05-24,1.0,28800.0,0.036072144288577156,0,,,32.0
49,4886.0,2017-07-04,1.0,TA,TA.CZC,50,-1.0,2.0,5,4858.0,2017-07-03,1.0,-3920.0,-0.005763688760806916,0,,,28.0
50,4972.0,2017-07-07,1.0,TA,TA.CZC,51,-1.0,3.0,5,4856.0,2017-07-05,1.0,-16240.0,-0.023887973640856673,0,,,28.0
51,5304.0,2017-07-14,1.0,TA,TA.CZC,52,-1.0,3.0,5,5182.0,2017-07-12,1.0,-18300.0,-0.023543033577769202,0,,,30.0
52,5220.0,2017-07-26,1.0,TA,TA.CZC,53,-1.0,2.0,5,5212.0,2017-07-25,1.0,-960.0,-0.0015349194167306216,0,,,24.0
53,5130.0,2017-08-18,1.0,TA,TA.CZC,54,-1.0,2.0,5,5108.0,2017-08-17,1.0,-3080.0,-0.004306969459671104,0,,,28.0
54,5396.0,2017-09-06,1.0,TA,TA.CZC,55,-1.0,2.0,5,5380.0,2017-09-05,1.0,-2080.0,-0.002973977695167286,0,,,26.0
55,5184.0,2017-10-23,1.0,TA,TA.CZC,56,-1.0,14.0,5,5140.0,2017-10-10,1.0,-6600.0,-0.008560311284046693,0,,,30.0
56,5186.0,2017-10-25,1.0,TA,TA.CZC,57,-1.0,2.0,5,5174.0,2017-10-24,1.0,-1920.0,-0.0023192887514495554,0,,,32.0
57,5622.0,2017-11-15,1.0,TA,TA.CZC,58,-1.0,2.0,5,5538.0,2017-11-14,1.0,-10920.0,-0.015167930660888408,0,,,26.0
58,5546.0,2017-11-20,1.0,TA,TA.CZC,59,-1.0,5.0,5,5550.0,2017-11-16,1.0,560.0,0.0007207207207207207,0,,,28.0
59,5786.0,2018-03-06,1.0,TA,TA.CZC,60,1.0,2.0,5,5822.0,2018-03-05,1.0,-3240.0,-0.006183442116111302,0,,,18.0
60,5688.0,2018-03-08,1.0,TA,TA.CZC,61,1.0,2.0,5,5790.0,2018-03-07,1.0,-10200.0,-0.017616580310880828,0,,,20.0
61,5780.0,2018-05-24,1.0,TA,TA.CZC,62,-1.0,3.0,5,5848.0,2018-05-22,1.0,6800.0,0.011627906976744186,0,,,20.0
62,5698.0,2018-06-01,1.0,TA,TA.CZC,63,-1.0,4.0,5,5690.0,2018-05-29,1.0,-880.0,-0.00140597539543058,0,,,22.0
63,5686.0,2018-06-06,1.0,TA,TA.CZC,64,-1.0,2.0,5,5738.0,2018-06-05,1.0,5720.0,0.009062391077030324,0,,,22.0
64,5800.0,2018-06-29,1.0,TA,TA.CZC,65,-1.0,2.0,5,5790.0,2018-06-28,1.0,-1200.0,-0.0017271157167530224,0,,,24.0
65,6394.0,2018-08-02,1.0,TA,TA.CZC,66,1.0,3.0,5,6380.0,2018-07-31,1.0,1260.0,0.00219435736677116,0,,,18.0
66,7164.0,2018-09-20,1.0,TA,TA.CZC,67,1.0,44.0,5,6580.0,2018-08-08,1.0,52560.0,0.08875379939209727,0,,,18.0
67,6920.0,2018-10-24,1.0,TA,TA.CZC,68,-1.0,3.0,5,6990.0,2018-10-22,1.0,2100.0,0.010014306151645207,0,,,6.0
68,6750.0,2018-11-05,1.0,TA,TA.CZC,69,-1.0,7.0,5,6948.0,2018-10-30,1.0,7920.0,0.02849740932642487,0,,,8.0
69,6712.0,2018-11-07,1.0,TA,TA.CZC,70,-1.0,2.0,5,6800.0,2018-11-06,1.0,3520.0,0.012941176470588235,0,,,8.0
70,6536.0,2018-11-14,1.0,TA,TA.CZC,71,-1.0,7.0,5,6604.0,2018-11-08,1.0,2040.0,0.01029678982434888,0,,,6.0
71,5876.0,2018-11-28,1.0,TA,TA.CZC,72,-1.0,2.0,5,5944.0,2018-11-27,1.0,3400.0,0.011440107671601614,0,,,10.0
72,5830.0,2018-12-03,1.0,TA,TA.CZC,73,-1.0,5.0,5,5990.0,2018-11-29,1.0,6400.0,0.02671118530884808,0,,,8.0
73,6120.0,2018-12-11,1.0,TA,TA.CZC,74,-1.0,5.0,5,6056.0,2018-12-07,1.0,-2560.0,-0.010568031704095112,0,,,8.0
74,6260.0,2019-04-10,1.0,TA,TA.CZC,75,1.0,2.0,5,6206.0,2019-04-09,1.0,2700.0,0.008701256848211408,0,,,10.0
75,835.0,2014-05-08,1.0,JM,JM.DCE,1,1.0,88.0,60,911.0,2014-02-10,1.0,-18240.0,-0.08342480790340286,0,,,4.0
76,785.0,2014-07-28,1.0,JM,JM.DCE,2,1.0,81.0,60,839.0,2014-05-09,1.0,-12960.0,-0.06436233611442194,0,,,4.0
77,726.0,2015-01-15,1.0,JM,JM.DCE,3,1.0,171.0,60,805.0,2014-07-29,1.0,-28440.0,-0.09813664596273292,0,,,6.0
78,488.0,2015-11-24,1.0,JM,JM.DCE,4,1.0,310.0,60,725.0,2015-01-19,1.0,-199080.0,-0.32689655172413795,0,,,14.0
79,644.0,2016-03-08,1.0,JM,JM.DCE,5,1.0,105.0,60,494.0,2015-11-25,1.0,72000.0,0.30364372469635625,0,,,8.0
80,610.5,2016-03-14,1.0,JM,JM.DCE,6,1.0,4.0,60,602.0,2016-03-11,1.0,4080.0,0.014119601328903655,0,,,8.0
81,643.0,2016-04-01,1.0,JM,JM.DCE,7,1.0,16.0,60,613.5,2016-03-17,1.0,21240.0,0.04808475957620212,0,,,12.0
82,684.0,2016-04-18,1.0,JM,JM.DCE,8,-1.0,6.0,60,700.0,2016-04-13,1.0,7680.0,0.022857142857142857,0,,,8.0
83,730.0,2016-04-29,1.0,JM,JM.DCE,9,-1.0,11.0,60,729.0,2016-04-19,1.0,-480.0,-0.0013717421124828531,0,,,8.0
84,719.5,2016-05-04,1.0,JM,JM.DCE,10,-1.0,2.0,60,770.0,2016-05-03,1.0,18180.0,0.06558441558441558,0,,,6.0
85,741.0,2016-07-12,1.0,JM,JM.DCE,11,1.0,49.0,60,666.5,2016-05-25,1.0,26820.0,0.11177794448612154,0,,,6.0
86,755.0,2016-07-28,1.0,JM,JM.DCE,12,1.0,14.0,60,743.0,2016-07-15,1.0,4320.0,0.016150740242261104,0,,,6.0
87,785.5,2016-08-08,1.0,JM,JM.DCE,13,1.0,4.0,60,765.0,2016-08-05,1.0,4920.0,0.02679738562091503,0,,,4.0
88,848.5,2016-08-22,1.0,JM,JM.DCE,14,-1.0,7.0,60,865.0,2016-08-16,1.0,3960.0,0.01907514450867052,0,,,4.0
89,886.0,2016-08-31,1.0,JM,JM.DCE,15,1.0,7.0,60,868.0,2016-08-25,1.0,2160.0,0.020737327188940093,0,,,2.0
90,1225.0,2017-02-17,1.0,JM,JM.DCE,16,1.0,170.0,60,859.5,2016-09-01,1.0,43860.0,0.42524723676556136,0,,,2.0
91,1275.0,2017-02-21,1.0,JM,JM.DCE,17,1.0,2.0,60,1237.5,2017-02-20,1.0,4500.0,0.030303030303030304,0,,,2.0
92,1249.0,2017-03-01,1.0,JM,JM.DCE,18,1.0,6.0,60,1222.0,2017-02-24,1.0,3240.0,0.0220949263502455,0,,,2.0
93,1308.0,2017-03-21,1.0,JM,JM.DCE,19,1.0,2.0,60,1276.5,2017-03-20,1.0,3780.0,0.024676850763807285,0,,,2.0
94,1130.0,2017-06-30,1.0,JM,JM.DCE,20,1.0,82.0,60,1299.5,2017-04-10,1.0,-20340.0,-0.13043478260869565,0,,,2.0
95,1220.5,2017-07-18,1.0,JM,JM.DCE,21,1.0,15.0,60,1135.0,2017-07-04,1.0,10260.0,0.07533039647577093,0,,,2.0
96,1239.0,2017-07-21,1.0,JM,JM.DCE,22,-1.0,2.0,60,1260.0,2017-07-20,1.0,2520.0,0.016666666666666666,0,,,2.0
97,1272.5,2017-07-31,1.0,JM,JM.DCE,23,-1.0,4.0,60,1281.0,2017-07-28,1.0,1020.0,0.00663544106167057,0,,,2.0
98,1330.0,2017-08-03,1.0,JM,JM.DCE,24,-1.0,3.0,60,1338.0,2017-08-01,1.0,960.0,0.005979073243647235,0,,,2.0
99,1284.0,2017-08-09,1.0,JM,JM.DCE,25,1.0,6.0,60,1270.0,2017-08-04,1.0,1680.0,0.011023622047244094,0,,,2.0
100,1410.0,2017-08-30,1.0,JM,JM.DCE,26,-1.0,13.0,60,1454.5,2017-08-18,1.0,5340.0,0.030594706084565142,0,,,2.0
101,1442.0,2017-09-04,1.0,JM,JM.DCE,27,-1.0,4.0,60,1423.0,2017-09-01,1.0,-2280.0,-0.013352073085031623,0,,,2.0
102,1294.0,2017-11-23,1.0,JM,JM.DCE,28,1.0,67.0,60,1315.0,2017-09-18,1.0,-2520.0,-0.01596958174904943,0,,,2.0
103,1279.5,2017-12-12,1.0,JM,JM.DCE,29,1.0,5.0,60,1258.0,2017-12-08,1.0,2580.0,0.017090620031796504,0,,,2.0
104,1368.0,2017-12-19,1.0,JM,JM.DCE,30,1.0,6.0,60,1285.0,2017-12-14,1.0,9960.0,0.06459143968871596,0,,,2.0
105,1312.0,2017-12-26,1.0,JM,JM.DCE,31,1.0,2.0,60,1390.0,2017-12-25,1.0,-9360.0,-0.05611510791366906,0,,,2.0
106,1352.0,2018-01-04,1.0,JM,JM.DCE,32,1.0,9.0,60,1321.0,2017-12-27,1.0,3720.0,0.023467070401211203,0,,,2.0
107,,,1.0,JM,JM.DCE,33,1.0,,60,1367.0,2018-01-05,1.0,,,0,,,2.0
108,2698.0,2015-01-16,1.0,HC,HC.SHF,1,1.0,2.0,10,2670.0,2015-01-15,1.0,8960.0,0.010486891385767791,0,,,32.0
109,2524.0,2015-03-10,1.0,HC,HC.SHF,2,1.0,23.0,10,2608.0,2015-02-16,1.0,-16800.0,-0.032208588957055216,0,,,20.0
110,2518.0,2015-03-17,1.0,HC,HC.SHF,3,1.0,7.0,10,2482.0,2015-03-11,1.0,5040.0,0.014504431909750202,0,,,14.0
111,2059.0,2015-08-03,1.0,HC,HC.SHF,4,-1.0,6.0,10,2080.0,2015-07-29,1.0,3780.0,0.010096153846153847,0,,,18.0
112,2075.0,2015-08-10,1.0,HC,HC.SHF,5,-1.0,6.0,10,2105.0,2015-08-05,1.0,4800.0,0.014251781472684086,0,,,16.0
113,2056.0,2015-08-20,1.0,HC,HC.SHF,6,-1.0,2.0,10,2072.0,2015-08-19,1.0,2880.0,0.007722007722007722,0,,,18.0
114,1934.0,2015-08-25,1.0,HC,HC.SHF,7,-1.0,2.0,10,2032.0,2015-08-24,1.0,17640.0,0.04822834645669291,0,,,18.0
115,1962.0,2015-09-02,1.0,HC,HC.SHF,8,-1.0,8.0,10,1961.0,2015-08-26,1.0,-200.0,-0.0005099439061703213,0,,,20.0
116,1926.0,2015-09-08,1.0,HC,HC.SHF,9,-1.0,2.0,10,1961.0,2015-09-07,1.0,7000.0,0.017848036715961243,0,,,20.0
117,1790.0,2015-11-10,1.0,HC,HC.SHF,10,1.0,2.0,10,1770.0,2015-11-09,1.0,3200.0,0.011299435028248588,0,,,16.0
118,2268.0,2016-03-11,1.0,HC,HC.SHF,11,1.0,4.0,10,2390.0,2016-03-08,1.0,-19520.0,-0.05104602510460251,0,,,16.0
119,2190.0,2016-03-17,1.0,HC,HC.SHF,12,1.0,4.0,10,2190.0,2016-03-14,1.0,0.0,0.0,0,,,16.0
120,2730.0,2016-08-16,1.0,HC,HC.SHF,13,1.0,125.0,10,2558.0,2016-04-14,1.0,30960.0,0.06724003127443315,0,,,18.0
121,2804.0,2016-08-19,1.0,HC,HC.SHF,14,1.0,3.0,10,2825.0,2016-08-17,1.0,-2100.0,-0.007433628318584071,0,,,10.0
122,2840.0,2016-08-25,1.0,HC,HC.SHF,15,1.0,4.0,10,2795.0,2016-08-22,1.0,2700.0,0.016100178890876567,0,,,6.0
123,2583.0,2016-09-09,1.0,HC,HC.SHF,16,1.0,3.0,10,2643.0,2016-09-07,1.0,-4800.0,-0.022701475595913734,0,,,8.0
124,2579.0,2016-09-23,1.0,HC,HC.SHF,17,1.0,2.0,10,2530.0,2016-09-22,1.0,3920.0,0.019367588932806323,0,,,8.0
125,2729.0,2016-10-19,1.0,HC,HC.SHF,18,1.0,2.0,10,2740.0,2016-10-18,1.0,-660.0,-0.0040145985401459855,0,,,6.0
126,2853.0,2016-10-28,1.0,HC,HC.SHF,19,1.0,9.0,10,2744.0,2016-10-20,1.0,8720.0,0.03972303206997085,0,,,8.0
127,3048.0,2016-11-02,1.0,HC,HC.SHF,20,1.0,2.0,10,2970.0,2016-11-01,1.0,4680.0,0.026262626262626262,0,,,6.0
128,3290.0,2016-11-08,1.0,HC,HC.SHF,21,1.0,2.0,10,3148.0,2016-11-07,1.0,8520.0,0.04510800508259212,0,,,6.0
129,3480.0,2016-11-14,1.0,HC,HC.SHF,22,1.0,5.0,10,3380.0,2016-11-10,1.0,6000.0,0.029585798816568046,0,,,6.0
130,3200.0,2016-11-16,1.0,HC,HC.SHF,23,1.0,2.0,10,3350.0,2016-11-15,1.0,-9000.0,-0.04477611940298507,0,,,6.0
131,3480.0,2017-02-10,1.0,HC,HC.SHF,24,1.0,5.0,10,3350.0,2017-02-06,1.0,10400.0,0.03880597014925373,0,,,8.0
132,3756.0,2017-02-20,1.0,HC,HC.SHF,25,1.0,4.0,10,3653.0,2017-02-17,1.0,10300.0,0.028196003284971256,0,,,10.0
133,3777.0,2017-02-22,1.0,HC,HC.SHF,26,1.0,2.0,10,3773.0,2017-02-21,1.0,320.0,0.0010601643254704478,0,,,8.0
134,3595.0,2017-02-27,1.0,HC,HC.SHF,27,1.0,5.0,10,3666.0,2017-02-23,1.0,-8520.0,-0.019367157665030006,0,,,12.0
135,3570.0,2017-03-14,1.0,HC,HC.SHF,28,1.0,14.0,10,3551.0,2017-03-01,1.0,1520.0,0.005350605463249789,0,,,8.0
136,3361.0,2017-03-23,1.0,HC,HC.SHF,29,1.0,3.0,10,3525.0,2017-03-21,1.0,-16400.0,-0.04652482269503546,0,,,10.0
137,3202.0,2017-03-30,1.0,HC,HC.SHF,30,1.0,2.0,10,3090.0,2017-03-29,1.0,8960.0,0.036245954692556634,0,,,8.0
138,3200.0,2017-04-05,1.0,HC,HC.SHF,31,1.0,6.0,10,3186.0,2017-03-31,1.0,1120.0,0.004394224733207784,0,,,8.0
139,3152.0,2017-04-07,1.0,HC,HC.SHF,32,1.0,2.0,10,3174.0,2017-04-06,1.0,-2200.0,-0.006931316950220542,0,,,10.0
140,3893.0,2017-08-07,1.0,HC,HC.SHF,33,1.0,39.0,10,3368.0,2017-06-30,1.0,63000.0,0.15587885985748218,0,,,12.0
141,4074.0,2017-09-18,1.0,HC,HC.SHF,34,1.0,36.0,10,3945.0,2017-08-14,1.0,12900.0,0.03269961977186312,0,,,10.0
142,4014.0,2017-11-13,1.0,HC,HC.SHF,35,1.0,5.0,10,3938.0,2017-11-09,1.0,6080.0,0.019299136617572373,0,,,8.0
143,4047.0,2017-11-16,1.0,HC,HC.SHF,36,1.0,2.0,10,4079.0,2017-11-15,1.0,-1920.0,-0.007845060063741112,0,,,6.0
144,3874.0,2017-12-14,1.0,HC,HC.SHF,37,1.0,24.0,10,3974.0,2017-11-21,1.0,-10000.0,-0.025163563160543533,0,,,10.0
145,3880.0,2017-12-22,1.0,HC,HC.SHF,38,1.0,4.0,10,3938.0,2017-12-19,1.0,-3480.0,-0.014728288471305232,0,,,6.0
146,4114.0,2018-03-05,1.0,HC,HC.SHF,39,1.0,6.0,10,4089.0,2018-02-28,1.0,2000.0,0.006113964294448521,0,,,8.0
147,3820.0,2018-03-14,1.0,HC,HC.SHF,40,1.0,7.0,10,3946.0,2018-03-08,1.0,-7560.0,-0.031931069437404966,0,,,6.0
148,3810.0,2018-03-20,1.0,HC,HC.SHF,41,1.0,2.0,10,3878.0,2018-03-19,1.0,-5440.0,-0.017534811758638472,0,,,8.0
149,3593.0,2018-03-28,1.0,HC,HC.SHF,42,1.0,3.0,10,3536.0,2018-03-26,1.0,4560.0,0.016119909502262445,0,,,8.0
150,4015.0,2018-07-13,1.0,HC,HC.SHF,43,1.0,95.0,10,3516.0,2018-04-10,1.0,39920.0,0.1419226393629124,0,,,8.0
151,4211.0,2018-08-01,1.0,HC,HC.SHF,44,1.0,9.0,10,4080.0,2018-07-24,1.0,15720.0,0.0321078431372549,0,,,12.0
152,4196.0,2018-08-20,1.0,HC,HC.SHF,45,1.0,19.0,10,4170.0,2018-08-02,1.0,2600.0,0.006235011990407674,0,,,10.0
153,4303.0,2018-08-27,1.0,HC,HC.SHF,46,1.0,5.0,10,4280.0,2018-08-23,1.0,2300.0,0.005373831775700935,0,,,10.0
154,3866.0,2018-10-22,1.0,HC,HC.SHF,47,1.0,15.0,10,3880.0,2018-10-08,1.0,-1680.0,-0.0036082474226804126,0,,,12.0
155,3292.0,2018-12-07,1.0,HC,HC.SHF,48,1.0,4.0,10,3230.0,2018-12-04,1.0,7440.0,0.019195046439628483,0,,,12.0
156,3464.0,2018-12-14,1.0,HC,HC.SHF,49,1.0,3.0,10,3330.0,2018-12-12,1.0,18760.0,0.04024024024024024,0,,,14.0
157,3420.0,2019-01-11,1.0,HC,HC.SHF,50,1.0,24.0,10,3430.0,2018-12-19,1.0,-1400.0,-0.0029154518950437317,0,,,14.0
158,3535.0,2019-01-22,1.0,HC,HC.SHF,51,1.0,9.0,10,3438.0,2019-01-14,1.0,13580.0,0.02821407795229785,0,,,14.0
159,3610.0,2019-01-28,1.0,HC,HC.SHF,52,1.0,5.0,10,3560.0,2019-01-24,1.0,7000.0,0.014044943820224719,0,,,14.0
160,3635.0,2019-02-19,1.0,HC,HC.SHF,53,1.0,22.0,10,3588.0,2019-01-29,1.0,7520.0,0.013099219620958752,0,,,16.0
161,3656.0,2019-02-21,1.0,HC,HC.SHF,54,1.0,2.0,10,3638.0,2019-02-20,1.0,2880.0,0.004947773501924134,0,,,16.0
162,3781.0,2019-03-06,1.0,HC,HC.SHF,55,1.0,7.0,10,3750.0,2019-02-28,1.0,4960.0,0.008266666666666667,0,,,16.0
163,3754.0,2019-03-08,1.0,HC,HC.SHF,56,1.0,2.0,10,3715.0,2019-03-07,1.0,3900.0,0.010497981157469718,0,,,10.0
164,3770.0,2019-04-02,1.0,HC,HC.SHF,57,1.0,15.0,10,3698.0,2019-03-19,1.0,10080.0,0.019469983775013522,0,,,14.0
165,3820.0,2019-04-04,1.0,HC,HC.SHF,58,1.0,2.0,10,3770.0,2019-04-03,1.0,5000.0,0.013262599469496022,0,,,10.0
166,,,1.0,HC,HC.SHF,59,1.0,,10,3670.0,2019-04-10,1.0,,,0,,,10.0
167,10700.0,2014-02-14,1.0,L,L.DCE,1,1.0,8.0,5,10965.0,2014-02-07,1.0,-10600.0,-0.02416780665754674,0,,,8.0
168,10700.0,2014-02-14,1.0,L,L.DCE,2,1.0,5.0,5,10955.0,2014-02-10,1.0,-2550.0,-0.02327704244637152,0,,,2.0
169,10820.0,2014-03-03,1.0,L,L.DCE,3,1.0,15.0,5,10605.0,2014-02-17,1.0,10750.0,0.020273455917020275,0,,,10.0
170,10305.0,2014-03-18,1.0,L,L.DCE,4,1.0,5.0,5,10250.0,2014-03-14,1.0,2750.0,0.005365853658536586,0,,,10.0
171,10520.0,2014-03-25,1.0,L,L.DCE,5,1.0,2.0,5,10370.0,2014-03-24,1.0,6000.0,0.01446480231436837,0,,,8.0
172,11260.0,2014-05-09,1.0,L,L.DCE,6,1.0,39.0,5,10700.0,2014-04-01,1.0,22400.0,0.052336448598130844,0,,,8.0
173,11180.0,2014-05-15,1.0,L,L.DCE,7,1.0,3.0,5,11140.0,2014-05-13,1.0,2400.0,0.003590664272890485,0,,,12.0
174,11245.0,2014-05-22,1.0,L,L.DCE,8,1.0,3.0,5,10980.0,2014-05-20,1.0,15900.0,0.02413479052823315,0,,,12.0
175,11305.0,2014-05-30,1.0,L,L.DCE,9,1.0,4.0,5,11300.0,2014-05-27,1.0,300.0,0.0004424778761061947,0,,,12.0
176,11830.0,2014-06-18,1.0,L,L.DCE,10,-1.0,6.0,5,11880.0,2014-06-13,1.0,3000.0,0.004208754208754209,0,,,12.0
177,11900.0,2014-07-10,1.0,L,L.DCE,11,-1.0,2.0,5,12145.0,2014-07-09,1.0,14700.0,0.020172910662824207,0,,,12.0
178,11810.0,2014-07-16,1.0,L,L.DCE,12,-1.0,6.0,5,11870.0,2014-07-11,1.0,3600.0,0.005054759898904802,0,,,12.0
179,11760.0,2014-07-18,1.0,L,L.DCE,13,-1.0,2.0,5,11880.0,2014-07-17,1.0,7200.0,0.010101010101010102,0,,,12.0
180,11370.0,2014-07-29,1.0,L,L.DCE,14,1.0,2.0,5,11260.0,2014-07-28,1.0,7700.0,0.009769094138543518,0,,,14.0
181,11040.0,2014-08-07,1.0,L,L.DCE,15,1.0,2.0,5,11000.0,2014-08-06,1.0,2400.0,0.0036363636363636364,0,,,12.0
182,9580.0,2014-10-13,1.0,L,L.DCE,16,-1.0,27.0,5,10620.0,2014-09-17,1.0,124800.0,0.09792843691148775,0,,,24.0
183,9910.0,2014-10-28,1.0,L,L.DCE,17,-1.0,5.0,5,9870.0,2014-10-24,1.0,-2800.0,-0.004052684903748734,0,,,14.0
184,10160.0,2014-10-30,1.0,L,L.DCE,18,-1.0,2.0,5,10085.0,2014-10-29,1.0,-4500.0,-0.0074367873078829945,0,,,12.0
185,9730.0,2014-11-28,1.0,L,L.DCE,19,-1.0,10.0,5,9820.0,2014-11-19,1.0,5400.0,0.009164969450101833,0,,,12.0
186,8520.0,2014-12-05,1.0,L,L.DCE,20,1.0,4.0,5,8670.0,2014-12-02,1.0,-21000.0,-0.01730103806228374,0,,,28.0
187,8445.0,2015-01-08,1.0,L,L.DCE,21,1.0,2.0,5,8380.0,2015-01-07,1.0,2600.0,0.007756563245823389,0,,,8.0
188,8400.0,2015-01-19,1.0,L,L.DCE,22,1.0,4.0,5,8300.0,2015-01-16,1.0,6000.0,0.012048192771084338,0,,,12.0
189,8730.0,2015-02-04,1.0,L,L.DCE,23,1.0,6.0,5,8305.0,2015-01-30,1.0,17000.0,0.051173991571342566,0,,,8.0
190,9545.0,2015-03-25,1.0,L,L.DCE,24,1.0,2.0,5,9495.0,2015-03-24,1.0,1000.0,0.0052659294365455505,0,,,4.0
191,8920.0,2015-07-29,1.0,L,L.DCE,25,-1.0,31.0,5,9865.0,2015-06-29,1.0,28350.0,0.0957932083122149,0,,,6.0
192,8380.0,2015-08-05,1.0,L,L.DCE,26,-1.0,3.0,5,8805.0,2015-08-03,1.0,17000.0,0.04826802952867689,0,,,8.0
193,8640.0,2015-09-14,1.0,L,L.DCE,27,-1.0,4.0,5,8720.0,2015-09-11,1.0,3200.0,0.009174311926605505,0,,,8.0
194,8325.0,2015-10-20,1.0,L,L.DCE,28,-1.0,29.0,5,8460.0,2015-09-22,1.0,5400.0,0.015957446808510637,0,,,8.0
195,8370.0,2015-10-22,1.0,L,L.DCE,29,-1.0,2.0,5,8380.0,2015-10-21,1.0,400.0,0.0011933174224343676,0,,,8.0
196,8380.0,2015-10-29,1.0,L,L.DCE,30,-1.0,2.0,5,8295.0,2015-10-28,1.0,-4250.0,-0.010247136829415311,0,,,10.0
197,7860.0,2015-11-16,1.0,L,L.DCE,31,-1.0,5.0,5,8025.0,2015-11-12,1.0,8250.0,0.020560747663551402,0,,,10.0
198,7435.0,2015-11-27,1.0,L,L.DCE,32,-1.0,4.0,5,7710.0,2015-11-24,1.0,11000.0,0.035667963683527884,0,,,8.0
199,8210.0,2016-04-18,1.0,L,L.DCE,33,1.0,22.0,5,8780.0,2016-03-28,1.0,-17100.0,-0.06492027334851937,0,,,6.0
200,8460.0,2016-04-22,1.0,L,L.DCE,34,1.0,4.0,5,8410.0,2016-04-19,1.0,2000.0,0.005945303210463734,0,,,8.0
201,8955.0,2016-08-05,1.0,L,L.DCE,35,1.0,11.0,5,8525.0,2016-07-26,1.0,17200.0,0.05043988269794721,0,,,8.0
202,8960.0,2016-08-12,1.0,L,L.DCE,36,1.0,4.0,5,9075.0,2016-08-09,1.0,-5750.0,-0.012672176308539946,0,,,10.0
203,9380.0,2016-10-21,1.0,L,L.DCE,37,-1.0,2.0,5,9475.0,2016-10-20,1.0,2850.0,0.010026385224274407,0,,,6.0
204,10065.0,2016-11-04,1.0,L,L.DCE,38,-1.0,3.0,5,10095.0,2016-11-02,1.0,1500.0,0.0029717682020802376,0,,,10.0
205,9800.0,2016-11-08,1.0,L,L.DCE,39,-1.0,2.0,5,9900.0,2016-11-07,1.0,3000.0,0.010101010101010102,0,,,6.0
206,10230.0,2016-11-10,1.0,L,L.DCE,40,-1.0,2.0,5,10050.0,2016-11-09,1.0,-5400.0,-0.01791044776119403,0,,,6.0
207,9620.0,2016-11-18,1.0,L,L.DCE,41,-1.0,2.0,5,9700.0,2016-11-17,1.0,2400.0,0.008247422680412371,0,,,6.0
208,9800.0,2016-11-23,1.0,L,L.DCE,42,-1.0,2.0,5,9675.0,2016-11-22,1.0,-3750.0,-0.012919896640826873,0,,,6.0
209,9400.0,2016-12-02,1.0,L,L.DCE,43,-1.0,3.0,5,9405.0,2016-11-30,1.0,150.0,0.000531632110579479,0,,,6.0
210,10090.0,2016-12-08,1.0,L,L.DCE,44,-1.0,4.0,5,9590.0,2016-12-05,1.0,-15000.0,-0.05213764337851929,0,,,6.0
211,9850.0,2016-12-22,1.0,L,L.DCE,45,-1.0,11.0,5,10515.0,2016-12-12,1.0,19950.0,0.06324298621017593,0,,,6.0
212,9740.0,2017-01-06,1.0,L,L.DCE,46,-1.0,11.0,5,10000.0,2016-12-27,1.0,10400.0,0.026,0,,,8.0
213,10300.0,2017-01-24,1.0,L,L.DCE,47,-1.0,2.0,5,10330.0,2017-01-23,1.0,1500.0,0.002904162633107454,0,,,10.0
214,10255.0,2017-02-09,1.0,L,L.DCE,48,-1.0,2.0,5,10280.0,2017-02-08,1.0,1250.0,0.0024319066147859923,0,,,10.0
215,9725.0,2017-02-27,1.0,L,L.DCE,49,-1.0,4.0,5,9580.0,2017-02-24,1.0,-8700.0,-0.015135699373695199,0,,,12.0
216,9205.0,2017-03-29,1.0,L,L.DCE,50,-1.0,3.0,5,9205.0,2017-03-27,1.0,-0.0,-0.0,0,,,8.0
217,9450.0,2017-04-06,1.0,L,L.DCE,51,-1.0,8.0,5,9380.0,2017-03-30,1.0,-2800.0,-0.007462686567164179,0,,,8.0
218,9430.0,2017-04-10,1.0,L,L.DCE,52,-1.0,4.0,5,9380.0,2017-04-07,1.0,-2500.0,-0.005330490405117271,0,,,10.0
219,8810.0,2017-04-18,1.0,L,L.DCE,53,-1.0,7.0,5,9170.0,2017-04-12,1.0,18000.0,0.03925845147219193,0,,,10.0
220,8755.0,2017-05-09,1.0,L,L.DCE,54,-1.0,5.0,5,8695.0,2017-05-05,1.0,-3000.0,-0.006900517538815411,0,,,10.0
221,9110.0,2017-05-17,1.0,L,L.DCE,55,-1.0,6.0,5,8760.0,2017-05-12,1.0,-17500.0,-0.03995433789954338,0,,,10.0
222,9180.0,2017-07-18,1.0,L,L.DCE,56,-1.0,2.0,5,9195.0,2017-07-17,1.0,750.0,0.0016313213703099511,0,,,10.0
223,9635.0,2017-07-28,1.0,L,L.DCE,57,-1.0,8.0,5,9580.0,2017-07-21,1.0,-2750.0,-0.005741127348643006,0,,,10.0
224,9600.0,2017-08-01,1.0,L,L.DCE,58,-1.0,2.0,5,9525.0,2017-07-31,1.0,-3750.0,-0.007874015748031496,0,,,10.0
225,9820.0,2017-08-10,1.0,L,L.DCE,59,-1.0,9.0,5,9600.0,2017-08-02,1.0,-15400.0,-0.022916666666666665,0,,,14.0
226,9560.0,2017-08-17,1.0,L,L.DCE,60,-1.0,3.0,5,9495.0,2017-08-15,1.0,-3250.0,-0.006845708267509215,0,,,10.0
227,9880.0,2017-11-09,1.0,L,L.DCE,61,-1.0,72.0,5,10040.0,2017-08-30,1.0,8000.0,0.01593625498007968,0,,,10.0
228,9815.0,2017-11-13,1.0,L,L.DCE,62,-1.0,4.0,5,9930.0,2017-11-10,1.0,4600.0,0.011581067472306143,0,,,8.0
229,9705.0,2017-11-21,1.0,L,L.DCE,63,-1.0,8.0,5,9860.0,2017-11-14,1.0,6200.0,0.015720081135902637,0,,,8.0
230,9755.0,2017-12-28,1.0,L,L.DCE,64,-1.0,2.0,5,9800.0,2017-12-27,1.0,1800.0,0.004591836734693878,0,,,8.0
231,9960.0,2018-01-03,1.0,L,L.DCE,65,-1.0,2.0,5,9810.0,2018-01-02,1.0,-6000.0,-0.01529051987767584,0,,,8.0
232,9990.0,2018-01-09,1.0,L,L.DCE,66,-1.0,6.0,5,10000.0,2018-01-04,1.0,400.0,0.001,0,,,8.0
233,9645.0,2018-02-07,1.0,L,L.DCE,67,-1.0,29.0,5,9950.0,2018-01-10,1.0,12200.0,0.030653266331658293,0,,,8.0
234,9470.0,2018-03-08,1.0,L,L.DCE,68,-1.0,15.0,5,9555.0,2018-02-22,1.0,4250.0,0.008895866038723181,0,,,10.0
235,9345.0,2018-03-20,1.0,L,L.DCE,69,-1.0,12.0,5,9310.0,2018-03-09,1.0,-1750.0,-0.0037593984962406013,0,,,10.0
236,9215.0,2018-03-23,1.0,L,L.DCE,70,-1.0,3.0,5,9350.0,2018-03-21,1.0,8100.0,0.014438502673796792,0,,,12.0
237,9145.0,2018-03-28,1.0,L,L.DCE,71,-1.0,3.0,5,9205.0,2018-03-26,1.0,3600.0,0.006518196632265073,0,,,12.0
238,9260.0,2018-04-02,1.0,L,L.DCE,72,-1.0,5.0,5,9145.0,2018-03-29,1.0,-6900.0,-0.012575177692728267,0,,,12.0
239,9160.0,2018-04-09,1.0,L,L.DCE,73,-1.0,6.0,5,9160.0,2018-04-04,1.0,-0.0,-0.0,0,,,12.0
240,9115.0,2018-06-21,1.0,L,L.DCE,74,-1.0,3.0,5,9185.0,2018-06-19,1.0,3500.0,0.007621121393576484,0,,,10.0
241,9605.0,2018-08-16,1.0,L,L.DCE,75,-1.0,2.0,5,9765.0,2018-08-15,1.0,6400.0,0.01638504864311316,0,,,8.0
242,9595.0,2018-08-27,1.0,L,L.DCE,76,-1.0,6.0,5,9645.0,2018-08-22,1.0,2500.0,0.005184033177812338,0,,,10.0
243,9320.0,2018-09-06,1.0,L,L.DCE,77,-1.0,10.0,5,9620.0,2018-08-28,1.0,15000.0,0.031185031185031187,0,,,10.0
244,9560.0,2018-09-21,1.0,L,L.DCE,78,-1.0,8.0,5,9350.0,2018-09-14,1.0,-16800.0,-0.022459893048128343,0,,,16.0
245,9435.0,2018-09-28,1.0,L,L.DCE,79,-1.0,3.0,5,9550.0,2018-09-26,1.0,9200.0,0.012041884816753926,0,,,16.0
246,9580.0,2018-10-15,1.0,L,L.DCE,80,-1.0,7.0,5,9755.0,2018-10-09,1.0,8750.0,0.017939518195797026,0,,,10.0
247,9350.0,2018-10-18,1.0,L,L.DCE,81,-1.0,3.0,5,9510.0,2018-10-16,1.0,8000.0,0.016824395373291272,0,,,10.0
248,9170.0,2018-10-30,1.0,L,L.DCE,82,-1.0,9.0,5,9430.0,2018-10-22,1.0,20800.0,0.027571580063626724,0,,,16.0
249,9125.0,2018-11-06,1.0,L,L.DCE,83,-1.0,2.0,5,9120.0,2018-11-05,1.0,-350.0,-0.0005482456140350877,0,,,14.0
250,8960.0,2018-11-12,1.0,L,L.DCE,84,-1.0,6.0,5,9075.0,2018-11-07,1.0,8050.0,0.012672176308539946,0,,,14.0
251,9045.0,2018-11-15,1.0,L,L.DCE,85,-1.0,2.0,5,8875.0,2018-11-14,1.0,-11900.0,-0.01915492957746479,0,,,14.0
252,8320.0,2019-04-03,1.0,L,L.DCE,86,1.0,2.0,5,8285.0,2019-04-02,1.0,2100.0,0.004224502112251056,0,,,12.0
253,8535.0,2019-04-09,1.0,L,L.DCE,87,1.0,6.0,5,8375.0,2019-04-04,1.0,8000.0,0.0191044776119403,0,,,10.0
254,6345.0,2013-11-14,1.0,V,V.DCE,1,-1.0,2.0,5,6345.0,2013-11-13,1.0,-0.0,-0.0,0,,,40.0
255,6310.0,2013-11-19,1.0,V,V.DCE,2,-1.0,2.0,5,6335.0,2013-11-18,1.0,4750.0,0.003946329913180742,0,,,38.0
256,6445.0,2013-12-12,1.0,V,V.DCE,3,-1.0,7.0,5,6515.0,2013-12-06,1.0,16100.0,0.010744435917114352,0,,,46.0
257,6230.0,2014-02-07,1.0,V,V.DCE,4,-1.0,57.0,5,6460.0,2013-12-13,1.0,52900.0,0.03560371517027864,0,,,46.0
258,6240.0,2014-02-10,1.0,V,V.DCE,5,1.0,4.0,5,6230.0,2014-02-07,1.0,1900.0,0.0016051364365971107,0,,,38.0
259,6165.0,2014-02-27,1.0,V,V.DCE,6,-1.0,3.0,5,6180.0,2014-02-25,1.0,2100.0,0.0024271844660194173,0,,,28.0
260,6085.0,2014-03-05,1.0,V,V.DCE,7,-1.0,2.0,5,6120.0,2014-03-04,1.0,5600.0,0.005718954248366013,0,,,32.0
261,5875.0,2014-03-12,1.0,V,V.DCE,8,-1.0,2.0,5,5895.0,2014-03-11,1.0,3200.0,0.0033927056827820186,0,,,32.0
262,5890.0,2014-03-19,1.0,V,V.DCE,9,-1.0,2.0,5,5885.0,2014-03-18,1.0,-750.0,-0.0008496176720475786,0,,,30.0
263,6060.0,2014-05-13,1.0,V,V.DCE,10,-1.0,51.0,5,5855.0,2014-03-24,1.0,-30750.0,-0.035012809564474806,0,,,30.0
264,6030.0,2014-05-21,1.0,V,V.DCE,11,-1.0,8.0,5,6105.0,2014-05-14,1.0,11250.0,0.012285012285012284,0,,,30.0
265,6070.0,2014-05-27,1.0,V,V.DCE,12,-1.0,6.0,5,6080.0,2014-05-22,1.0,2000.0,0.001644736842105263,0,,,40.0
266,6070.0,2014-07-03,1.0,V,V.DCE,13,-1.0,37.0,5,6120.0,2014-05-28,1.0,6000.0,0.008169934640522876,0,,,24.0
267,6055.0,2014-07-07,1.0,V,V.DCE,14,-1.0,4.0,5,6045.0,2014-07-04,1.0,-2700.0,-0.0016542597187758478,0,,,54.0
268,6000.0,2014-08-07,1.0,V,V.DCE,15,-1.0,31.0,5,6075.0,2014-07-08,1.0,20250.0,0.012345679012345678,0,,,54.0
269,5930.0,2014-08-13,1.0,V,V.DCE,16,-1.0,2.0,5,5965.0,2014-08-12,1.0,7000.0,0.00586756077116513,0,,,40.0
270,5900.0,2014-08-15,1.0,V,V.DCE,17,-1.0,2.0,5,5955.0,2014-08-14,1.0,11000.0,0.009235936188077247,0,,,40.0
271,6035.0,2014-09-09,1.0,V,V.DCE,18,-1.0,6.0,5,6055.0,2014-09-04,1.0,5200.0,0.0033030553261767133,0,,,52.0
272,5935.0,2014-09-11,1.0,V,V.DCE,19,-1.0,2.0,5,6000.0,2014-09-10,1.0,16900.0,0.010833333333333334,0,,,52.0
273,5740.0,2014-10-08,1.0,V,V.DCE,20,-1.0,9.0,5,5850.0,2014-09-30,1.0,18700.0,0.018803418803418803,0,,,34.0
274,5750.0,2014-10-29,1.0,V,V.DCE,21,-1.0,2.0,5,5725.0,2014-10-28,1.0,-4500.0,-0.004366812227074236,0,,,36.0
275,5785.0,2014-10-31,1.0,V,V.DCE,22,-1.0,2.0,5,5805.0,2014-10-30,1.0,3600.0,0.0034453057708871662,0,,,36.0
276,5320.0,2014-12-23,1.0,V,V.DCE,23,1.0,2.0,5,5340.0,2014-12-22,1.0,-3600.0,-0.003745318352059925,0,,,36.0
277,5300.0,2015-03-10,1.0,V,V.DCE,24,-1.0,7.0,5,5360.0,2015-03-04,1.0,7200.0,0.011194029850746268,0,,,24.0
278,5205.0,2015-03-12,1.0,V,V.DCE,25,-1.0,2.0,5,5270.0,2015-03-11,1.0,7150.0,0.012333965844402278,0,,,22.0
279,5805.0,2015-04-03,1.0,V,V.DCE,26,-1.0,16.0,5,5360.0,2015-03-19,1.0,-53400.0,-0.0830223880597015,0,,,24.0
280,5865.0,2015-05-05,1.0,V,V.DCE,27,-1.0,6.0,5,5840.0,2015-04-30,1.0,-3000.0,-0.004280821917808219,0,,,24.0
281,5530.0,2015-06-17,1.0,V,V.DCE,28,1.0,2.0,5,5530.0,2015-06-16,1.0,0.0,0.0,0,,,26.0
282,5275.0,2015-08-06,1.0,V,V.DCE,29,-1.0,2.0,5,5290.0,2015-08-05,1.0,2100.0,0.002835538752362949,0,,,28.0
283,5215.0,2015-08-13,1.0,V,V.DCE,30,-1.0,7.0,5,5300.0,2015-08-07,1.0,11900.0,0.016037735849056604,0,,,28.0
284,4655.0,2016-01-19,1.0,V,V.DCE,31,-1.0,63.0,5,4580.0,2015-11-18,1.0,-10500.0,-0.016375545851528384,0,,,28.0
285,4805.0,2016-01-26,1.0,V,V.DCE,32,-1.0,7.0,5,4725.0,2016-01-20,1.0,-10400.0,-0.016931216931216932,0,,,26.0
286,4905.0,2016-02-04,1.0,V,V.DCE,33,-1.0,3.0,5,4845.0,2016-02-02,1.0,-7200.0,-0.01238390092879257,0,,,24.0
287,4980.0,2016-02-16,1.0,V,V.DCE,34,-1.0,2.0,5,4910.0,2016-02-15,1.0,-8400.0,-0.014256619144602852,0,,,24.0
288,5090.0,2016-02-23,1.0,V,V.DCE,35,-1.0,2.0,5,5055.0,2016-02-22,1.0,-4200.0,-0.006923837784371909,0,,,24.0
289,5150.0,2016-03-09,1.0,V,V.DCE,36,-1.0,2.0,5,5400.0,2016-03-08,1.0,22500.0,0.046296296296296294,0,,,18.0
290,5260.0,2016-03-14,1.0,V,V.DCE,37,-1.0,4.0,5,5260.0,2016-03-11,1.0,-0.0,-0.0,0,,,20.0
291,4975.0,2016-04-14,1.0,V,V.DCE,38,1.0,3.0,5,5005.0,2016-04-12,1.0,-2700.0,-0.005994005994005994,0,,,18.0
292,5675.0,2016-06-28,1.0,V,V.DCE,39,-1.0,6.0,5,5365.0,2016-06-23,1.0,-40300.0,-0.05778191985088537,0,,,26.0
293,5700.0,2016-07-01,1.0,V,V.DCE,40,-1.0,3.0,5,5720.0,2016-06-29,1.0,2400.0,0.0034965034965034965,0,,,24.0
294,5660.0,2016-07-06,1.0,V,V.DCE,41,-1.0,3.0,5,5785.0,2016-07-04,1.0,13750.0,0.021607605877268798,0,,,22.0
295,5645.0,2016-07-11,1.0,V,V.DCE,42,-1.0,4.0,5,5645.0,2016-07-08,1.0,-0.0,-0.0,0,,,22.0
296,5820.0,2016-07-13,1.0,V,V.DCE,43,-1.0,2.0,5,5675.0,2016-07-12,1.0,-15950.0,-0.02555066079295154,0,,,22.0
297,5750.0,2016-07-22,1.0,V,V.DCE,44,-1.0,4.0,5,5735.0,2016-07-19,1.0,-1650.0,-0.0026155187445510027,0,,,22.0
298,5630.0,2016-07-27,1.0,V,V.DCE,45,-1.0,3.0,5,5680.0,2016-07-25,1.0,5500.0,0.008802816901408451,0,,,22.0
299,5690.0,2016-08-03,1.0,V,V.DCE,46,-1.0,3.0,5,5625.0,2016-08-01,1.0,-7150.0,-0.011555555555555555,0,,,22.0
300,5800.0,2016-08-08,1.0,V,V.DCE,47,-1.0,4.0,5,5890.0,2016-08-05,1.0,8100.0,0.015280135823429542,0,,,18.0
301,5510.0,2016-08-30,1.0,V,V.DCE,48,1.0,12.0,5,5665.0,2016-08-19,1.0,-10850.0,-0.02736098852603707,0,,,14.0
302,5995.0,2016-09-22,1.0,V,V.DCE,49,1.0,2.0,5,5950.0,2016-09-21,1.0,2250.0,0.007563025210084034,0,,,10.0
303,6500.0,2016-10-18,1.0,V,V.DCE,50,1.0,23.0,5,5980.0,2016-09-26,1.0,26000.0,0.08695652173913043,0,,,10.0
304,6610.0,2016-10-20,1.0,V,V.DCE,51,1.0,2.0,5,6500.0,2016-10-19,1.0,4400.0,0.016923076923076923,0,,,8.0
305,7780.0,2016-11-09,1.0,V,V.DCE,52,1.0,2.0,5,7445.0,2016-11-08,1.0,20100.0,0.04499664204163868,0,,,12.0
306,6360.0,2016-12-27,1.0,V,V.DCE,53,-1.0,6.0,5,6290.0,2016-12-22,1.0,-2800.0,-0.011128775834658187,0,,,8.0
307,6550.0,2017-01-24,1.0,V,V.DCE,54,-1.0,16.0,5,6135.0,2017-01-09,1.0,-20750.0,-0.06764466177669112,0,,,10.0
308,6900.0,2017-02-14,1.0,V,V.DCE,55,-1.0,21.0,5,6485.0,2017-01-25,1.0,-20750.0,-0.06399383191981496,0,,,10.0
309,6670.0,2017-02-20,1.0,V,V.DCE,56,-1.0,6.0,5,6880.0,2017-02-15,1.0,14700.0,0.030523255813953487,0,,,14.0
310,6445.0,2017-03-01,1.0,V,V.DCE,57,-1.0,2.0,5,6490.0,2017-02-28,1.0,4050.0,0.006933744221879815,0,,,18.0
311,6230.0,2017-03-27,1.0,V,V.DCE,58,-1.0,26.0,5,6445.0,2017-03-02,1.0,12900.0,0.03335919317300233,0,,,12.0
312,6285.0,2017-03-30,1.0,V,V.DCE,59,-1.0,2.0,5,6270.0,2017-03-29,1.0,-750.0,-0.0023923444976076554,0,,,10.0
313,6130.0,2017-04-07,1.0,V,V.DCE,60,-1.0,2.0,5,6235.0,2017-04-06,1.0,7350.0,0.016840417000801924,0,,,14.0
314,5570.0,2017-05-05,1.0,V,V.DCE,61,-1.0,18.0,5,5620.0,2017-04-18,1.0,3500.0,0.008896797153024912,0,,,14.0
315,6040.0,2017-05-25,1.0,V,V.DCE,62,-1.0,18.0,5,5690.0,2017-05-08,1.0,-24500.0,-0.061511423550087874,0,,,14.0
316,5810.0,2017-06-20,1.0,V,V.DCE,63,-1.0,26.0,5,5980.0,2017-05-26,1.0,11900.0,0.028428093645484948,0,,,14.0
317,6390.0,2017-07-04,1.0,V,V.DCE,64,-1.0,14.0,5,5785.0,2017-06-21,1.0,-42350.0,-0.10458081244598098,0,,,14.0
318,6600.0,2017-07-10,1.0,V,V.DCE,65,-1.0,5.0,5,6430.0,2017-07-06,1.0,-10200.0,-0.026438569206842923,0,,,12.0
319,6705.0,2017-07-12,1.0,V,V.DCE,66,-1.0,2.0,5,6635.0,2017-07-11,1.0,-4900.0,-0.010550113036925395,0,,,14.0
320,6790.0,2017-07-24,1.0,V,V.DCE,67,-1.0,4.0,5,6720.0,2017-07-21,1.0,-4200.0,-0.010416666666666666,0,,,12.0
321,7355.0,2017-08-08,1.0,V,V.DCE,68,-1.0,5.0,5,7100.0,2017-08-04,1.0,-20400.0,-0.03591549295774648,0,,,16.0
322,7755.0,2017-09-05,1.0,V,V.DCE,69,-1.0,2.0,5,7950.0,2017-09-04,1.0,9750.0,0.024528301886792454,0,,,10.0
323,6375.0,2017-11-10,1.0,V,V.DCE,70,-1.0,2.0,5,6485.0,2017-11-09,1.0,6600.0,0.016962220508866616,0,,,12.0
324,6390.0,2017-11-14,1.0,V,V.DCE,71,-1.0,2.0,5,6430.0,2017-11-13,1.0,2000.0,0.006220839813374806,0,,,10.0
325,6020.0,2017-11-22,1.0,V,V.DCE,72,-1.0,3.0,5,6045.0,2017-11-20,1.0,1500.0,0.0041356492969396195,0,,,12.0
326,6310.0,2017-11-24,1.0,V,V.DCE,73,-1.0,2.0,5,6260.0,2017-11-23,1.0,-3000.0,-0.007987220447284345,0,,,12.0
327,6560.0,2018-01-18,1.0,V,V.DCE,74,-1.0,51.0,5,6225.0,2017-11-29,1.0,-20100.0,-0.05381526104417671,0,,,12.0
328,6620.0,2018-02-14,1.0,V,V.DCE,75,-1.0,27.0,5,6610.0,2018-01-19,1.0,-600.0,-0.0015128593040847202,0,,,12.0
329,6780.0,2018-03-02,1.0,V,V.DCE,76,-1.0,2.0,5,6675.0,2018-03-01,1.0,-6300.0,-0.015730337078651686,0,,,12.0
330,6680.0,2018-03-06,1.0,V,V.DCE,77,-1.0,2.0,5,6795.0,2018-03-05,1.0,5750.0,0.01692420897718911,0,,,10.0
331,6405.0,2018-03-09,1.0,V,V.DCE,78,-1.0,2.0,5,6590.0,2018-03-08,1.0,11100.0,0.028072837632776935,0,,,12.0
332,6265.0,2018-03-13,1.0,V,V.DCE,79,-1.0,2.0,5,6475.0,2018-03-12,1.0,16800.0,0.032432432432432434,0,,,16.0
333,6260.0,2018-03-21,1.0,V,V.DCE,80,-1.0,8.0,5,6275.0,2018-03-14,1.0,1200.0,0.002390438247011952,0,,,16.0
334,6305.0,2018-03-26,1.0,V,V.DCE,81,-1.0,4.0,5,6305.0,2018-03-23,1.0,-0.0,-0.0,0,,,14.0
335,6210.0,2018-03-29,1.0,V,V.DCE,82,-1.0,3.0,5,6315.0,2018-03-27,1.0,6300.0,0.0166270783847981,0,,,12.0
336,6460.0,2018-04-04,1.0,V,V.DCE,83,-1.0,6.0,5,6320.0,2018-03-30,1.0,-8400.0,-0.022151898734177215,0,,,12.0
337,6670.0,2018-04-11,1.0,V,V.DCE,84,-1.0,3.0,5,6590.0,2018-04-09,1.0,-4800.0,-0.012139605462822459,0,,,12.0
338,6605.0,2018-04-16,1.0,V,V.DCE,85,-1.0,5.0,5,6600.0,2018-04-12,1.0,-350.0,-0.0007575757575757576,0,,,14.0
339,6620.0,2018-04-18,1.0,V,V.DCE,86,-1.0,2.0,5,6550.0,2018-04-17,1.0,-4900.0,-0.010687022900763359,0,,,14.0
340,6875.0,2018-05-03,1.0,V,V.DCE,87,-1.0,14.0,5,6685.0,2018-04-20,1.0,-13300.0,-0.028421839940164548,0,,,14.0
341,6905.0,2018-05-07,1.0,V,V.DCE,88,-1.0,4.0,5,6900.0,2018-05-04,1.0,-300.0,-0.0007246376811594203,0,,,12.0
342,6870.0,2018-06-05,1.0,V,V.DCE,89,-1.0,5.0,5,6730.0,2018-06-01,1.0,-9800.0,-0.020802377414561663,0,,,14.0
343,6810.0,2018-06-19,1.0,V,V.DCE,90,-1.0,14.0,5,6935.0,2018-06-06,1.0,8750.0,0.01802451333813987,0,,,14.0
344,6810.0,2018-06-28,1.0,V,V.DCE,91,-1.0,8.0,5,6880.0,2018-06-21,1.0,5600.0,0.010174418604651164,0,,,16.0
345,6790.0,2018-07-06,1.0,V,V.DCE,92,-1.0,8.0,5,6815.0,2018-06-29,1.0,2000.0,0.003668378576669112,0,,,16.0
346,6970.0,2018-07-24,1.0,V,V.DCE,93,-1.0,2.0,5,6960.0,2018-07-23,1.0,-700.0,-0.0014367816091954023,0,,,14.0
347,7055.0,2018-07-31,1.0,V,V.DCE,94,-1.0,2.0,5,6990.0,2018-07-30,1.0,-3900.0,-0.009298998569384835,0,,,12.0
348,7065.0,2018-08-03,1.0,V,V.DCE,95,-1.0,3.0,5,7030.0,2018-08-01,1.0,-1750.0,-0.004978662873399715,0,,,10.0
349,6745.0,2018-09-26,1.0,V,V.DCE,96,-1.0,2.0,5,6805.0,2018-09-25,1.0,6000.0,0.00881704628949302,0,,,20.0
350,6355.0,2018-10-22,1.0,V,V.DCE,97,-1.0,25.0,5,6600.0,2018-09-28,1.0,24500.0,0.037121212121212124,0,,,20.0
351,6420.0,2018-10-25,1.0,V,V.DCE,98,-1.0,3.0,5,6440.0,2018-10-23,1.0,1800.0,0.003105590062111801,0,,,18.0
352,6410.0,2018-12-26,1.0,V,V.DCE,99,-1.0,62.0,5,6445.0,2018-10-26,1.0,2800.0,0.005430566330488751,0,,,16.0
353,6450.0,2019-01-02,1.0,V,V.DCE,100,-1.0,7.0,5,6550.0,2018-12-27,1.0,13000.0,0.015267175572519083,0,,,26.0
354,6400.0,2019-01-07,1.0,V,V.DCE,101,-1.0,4.0,5,6335.0,2019-01-04,1.0,-8450.0,-0.010260457774269928,0,,,26.0
355,6430.0,2019-01-09,1.0,V,V.DCE,102,-1.0,2.0,5,6430.0,2019-01-08,1.0,-0.0,-0.0,0,,,22.0
356,6530.0,2019-01-21,1.0,V,V.DCE,103,-1.0,4.0,5,6490.0,2019-01-18,1.0,-4400.0,-0.0061633281972265025,0,,,22.0
357,6455.0,2019-02-28,1.0,V,V.DCE,104,-1.0,2.0,5,6490.0,2019-02-27,1.0,4900.0,0.00539291217257319,0,,,28.0
358,6795.0,2019-04-16,1.0,V,V.DCE,105,-1.0,42.0,5,6515.0,2019-03-06,1.0,-30800.0,-0.042977743668457406,0,,,22.0
359,6755.0,2019-04-19,1.0,V,V.DCE,106,-1.0,2.0,5,6810.0,2019-04-18,1.0,6050.0,0.008076358296622614,0,,,22.0
360,2499.0,2015-06-19,1.0,MA,MA.CZC,1,-1.0,2.0,10,2529.0,2015-06-18,1.0,6000.0,0.011862396204033215,0,,,20.0
361,2479.0,2015-07-02,1.0,MA,MA.CZC,2,-1.0,2.0,10,2493.0,2015-07-01,1.0,2800.0,0.005615724027276374,0,,,20.0
362,2060.0,2015-08-05,1.0,MA,MA.CZC,3,-1.0,6.0,10,2174.0,2015-07-31,1.0,27360.0,0.05243790248390064,0,,,24.0
363,2000.0,2015-08-07,1.0,MA,MA.CZC,4,-1.0,2.0,10,2070.0,2015-08-06,1.0,16800.0,0.033816425120772944,0,,,24.0
364,1908.0,2015-11-10,1.0,MA,MA.CZC,5,-1.0,93.0,10,2016.0,2015-08-10,1.0,21600.0,0.05357142857142857,0,,,20.0
365,1651.0,2015-12-01,1.0,MA,MA.CZC,6,-1.0,2.0,10,1670.0,2015-11-30,1.0,3800.0,0.011377245508982036,0,,,20.0
366,1739.0,2016-01-08,1.0,MA,MA.CZC,7,-1.0,3.0,10,1740.0,2016-01-06,1.0,220.0,0.0005747126436781609,0,,,22.0
367,1718.0,2016-01-15,1.0,MA,MA.CZC,8,-1.0,5.0,10,1764.0,2016-01-11,1.0,10120.0,0.026077097505668934,0,,,22.0
368,1779.0,2016-01-20,1.0,MA,MA.CZC,9,-1.0,2.0,10,1748.0,2016-01-19,1.0,-8060.0,-0.017734553775743706,0,,,26.0
369,1758.0,2016-01-25,1.0,MA,MA.CZC,10,-1.0,5.0,10,1760.0,2016-01-21,1.0,440.0,0.0011363636363636363,0,,,22.0
370,1855.0,2016-02-22,1.0,MA,MA.CZC,11,-1.0,7.0,10,1824.0,2016-02-16,1.0,-7440.0,-0.01699561403508772,0,,,24.0
371,1921.0,2016-03-11,1.0,MA,MA.CZC,12,-1.0,2.0,10,1965.0,2016-03-10,1.0,7920.0,0.022391857506361322,0,,,18.0
372,1900.0,2016-03-16,1.0,MA,MA.CZC,13,-1.0,3.0,10,1911.0,2016-03-14,1.0,1760.0,0.0057561486132914706,0,,,16.0
373,1923.0,2016-03-28,1.0,MA,MA.CZC,14,-1.0,7.0,10,2034.0,2016-03-22,1.0,19980.0,0.05457227138643068,0,,,18.0
374,1835.0,2016-04-06,1.0,MA,MA.CZC,15,-1.0,9.0,10,1900.0,2016-03-29,1.0,11700.0,0.034210526315789476,0,,,18.0
375,1903.0,2016-04-08,1.0,MA,MA.CZC,16,-1.0,2.0,10,1852.0,2016-04-07,1.0,-9180.0,-0.0275377969762419,0,,,18.0
376,1870.0,2016-04-12,1.0,MA,MA.CZC,17,-1.0,2.0,10,1915.0,2016-04-11,1.0,8100.0,0.02349869451697128,0,,,18.0
377,1960.0,2016-04-19,1.0,MA,MA.CZC,18,-1.0,2.0,10,1945.0,2016-04-18,1.0,-3000.0,-0.007712082262210797,0,,,20.0
378,2008.0,2016-04-25,1.0,MA,MA.CZC,19,-1.0,4.0,10,2057.0,2016-04-22,1.0,8820.0,0.023821098687408847,0,,,18.0
379,1895.0,2016-05-16,1.0,MA,MA.CZC,20,-1.0,20.0,10,2049.0,2016-04-27,1.0,30800.0,0.07515861395802831,0,,,20.0
380,1915.0,2016-05-18,1.0,MA,MA.CZC,21,-1.0,2.0,10,1913.0,2016-05-17,1.0,-360.0,-0.0010454783063251437,0,,,18.0
381,1897.0,2016-05-27,1.0,MA,MA.CZC,22,-1.0,2.0,10,1849.0,2016-05-26,1.0,-9600.0,-0.025959978366684695,0,,,20.0
382,2287.0,2016-10-20,1.0,MA,MA.CZC,23,-1.0,72.0,10,2046.0,2016-08-10,1.0,-86760.0,-0.11779081133919844,0,,,36.0
383,2455.0,2016-11-02,1.0,MA,MA.CZC,24,-1.0,13.0,10,2248.0,2016-10-21,1.0,-49680.0,-0.09208185053380782,0,,,24.0
384,2349.0,2016-11-07,1.0,MA,MA.CZC,25,-1.0,4.0,10,2422.0,2016-11-04,1.0,14600.0,0.03014037985136251,0,,,20.0
385,2572.0,2016-11-22,1.0,MA,MA.CZC,26,-1.0,5.0,10,2500.0,2016-11-18,1.0,-12960.0,-0.0288,0,,,18.0
386,2572.0,2016-11-24,1.0,MA,MA.CZC,27,-1.0,2.0,10,2576.0,2016-11-23,1.0,640.0,0.0015527950310559005,0,,,16.0
387,2955.0,2017-02-23,1.0,MA,MA.CZC,28,1.0,2.0,10,2973.0,2017-02-22,1.0,-3240.0,-0.006054490413723511,0,,,18.0
388,2850.0,2017-03-08,1.0,MA,MA.CZC,29,1.0,7.0,10,2879.0,2017-03-02,1.0,-3480.0,-0.010072941993747829,0,,,12.0
389,2573.0,2017-03-22,1.0,MA,MA.CZC,30,1.0,9.0,10,2698.0,2017-03-14,1.0,-20000.0,-0.046330615270570794,0,,,16.0
390,2479.0,2017-07-10,1.0,MA,MA.CZC,31,-1.0,4.0,10,2469.0,2017-07-07,1.0,-1600.0,-0.004050222762251924,0,,,16.0
391,2884.0,2017-09-01,1.0,MA,MA.CZC,32,-1.0,25.0,10,2601.0,2017-08-08,1.0,-62260.0,-0.10880430603613994,0,,,22.0
392,2914.0,2017-11-14,1.0,MA,MA.CZC,33,1.0,2.0,10,2833.0,2017-11-13,1.0,12960.0,0.028591599011648428,0,,,16.0
393,3100.0,2017-12-08,1.0,MA,MA.CZC,34,1.0,16.0,10,3000.0,2017-11-23,1.0,14000.0,0.03333333333333333,0,,,14.0
394,2838.0,2017-12-29,1.0,MA,MA.CZC,35,1.0,18.0,10,2882.0,2017-12-12,1.0,-5280.0,-0.015267175572519083,0,,,12.0
395,2923.0,2018-01-03,1.0,MA,MA.CZC,36,1.0,2.0,10,2853.0,2018-01-02,1.0,9800.0,0.02453557658604977,0,,,14.0
396,2680.0,2018-02-28,1.0,MA,MA.CZC,37,1.0,56.0,10,2913.0,2018-01-04,1.0,-32620.0,-0.07998626845176794,0,,,14.0
397,2710.0,2018-03-19,1.0,MA,MA.CZC,38,1.0,5.0,10,2758.0,2018-03-15,1.0,-8640.0,-0.01740391588107324,0,,,18.0
398,2691.0,2018-03-29,1.0,MA,MA.CZC,39,1.0,2.0,10,2692.0,2018-03-28,1.0,-160.0,-0.0003714710252600297,0,,,16.0
399,2748.0,2018-04-10,1.0,MA,MA.CZC,40,1.0,2.0,10,2671.0,2018-04-09,1.0,10780.0,0.028828154249344814,0,,,14.0
400,2745.0,2018-06-07,1.0,MA,MA.CZC,41,1.0,53.0,10,2658.0,2018-04-16,1.0,13920.0,0.0327313769751693,0,,,16.0
401,2782.0,2018-06-20,1.0,MA,MA.CZC,42,1.0,8.0,10,2846.0,2018-06-13,1.0,-11520.0,-0.022487702037947997,0,,,18.0
402,2872.0,2018-07-16,1.0,MA,MA.CZC,43,1.0,4.0,10,2917.0,2018-07-13,1.0,-9900.0,-0.015426808364758314,0,,,22.0
403,2976.0,2018-07-31,1.0,MA,MA.CZC,44,1.0,15.0,10,2857.0,2018-07-17,1.0,26180.0,0.041652082604130204,0,,,22.0
404,3019.0,2018-08-03,1.0,MA,MA.CZC,45,1.0,3.0,10,2950.0,2018-08-01,1.0,12420.0,0.023389830508474575,0,,,18.0
405,3240.0,2018-08-08,1.0,MA,MA.CZC,46,1.0,3.0,10,3166.0,2018-08-06,1.0,16280.0,0.02337334175615919,0,,,22.0
406,3258.0,2018-08-14,1.0,MA,MA.CZC,47,-1.0,2.0,10,3250.0,2018-08-13,1.0,-1440.0,-0.0024615384615384616,0,,,18.0
407,3310.0,2018-08-24,1.0,MA,MA.CZC,48,-1.0,10.0,10,3367.0,2018-08-15,1.0,7980.0,0.016929016929016927,0,,,14.0
408,3321.0,2018-10-23,1.0,MA,MA.CZC,49,-1.0,5.0,10,3362.0,2018-10-19,1.0,4100.0,0.012195121951219513,0,,,10.0
409,3250.0,2018-10-26,1.0,MA,MA.CZC,50,-1.0,2.0,10,3364.0,2018-10-25,1.0,13680.0,0.03388822829964328,0,,,12.0
410,2430.0,2018-11-29,1.0,MA,MA.CZC,51,-1.0,16.0,10,2798.0,2018-11-14,1.0,44160.0,0.13152251608291637,0,,,12.0
411,2591.0,2019-03-08,1.0,MA,MA.CZC,52,-1.0,99.0,10,2431.0,2018-11-30,1.0,-28800.0,-0.0658165364047717,0,,,18.0
412,2620.0,2019-03-14,1.0,MA,MA.CZC,53,-1.0,4.0,10,2566.0,2019-03-11,1.0,-8640.0,-0.021044427123928292,0,,,16.0
413,2493.0,2019-03-22,1.0,MA,MA.CZC,54,-1.0,2.0,10,2487.0,2019-03-21,1.0,-960.0,-0.0024125452352231603,0,,,16.0
414,2401.0,2019-04-01,1.0,MA,MA.CZC,55,-1.0,4.0,10,2383.0,2019-03-29,1.0,-2520.0,-0.007553503986571549,0,,,14.0
415,,,1.0,MA,MA.CZC,56,-1.0,,10,2523.0,2019-04-09,1.0,,,0,,,12.0
416,358.2,2016-03-14,1.0,ZC,ZC.CZC,1,1.0,4.0,100,345.8,2016-03-11,1.0,9919.999999999982,0.035858877964141056,0,,,8.0
417,351.0,2016-03-25,1.0,ZC,ZC.CZC,2,1.0,8.0,100,361.0,2016-03-18,1.0,-10000.0,-0.027700831024930747,0,,,10.0
418,357.2,2016-03-30,1.0,ZC,ZC.CZC,3,1.0,3.0,100,356.0,2016-03-28,1.0,959.9999999999909,0.0033707865168539006,0,,,8.0
419,356.2,2016-04-06,1.0,ZC,ZC.CZC,4,1.0,2.0,100,357.8,2016-04-05,1.0,-960.0000000000136,-0.004471771939631141,0,,,6.0
420,395.6,2016-05-03,1.0,ZC,ZC.CZC,5,-1.0,5.0,100,395.0,2016-04-29,1.0,-480.0000000000182,-0.0015189873417722096,0,,,8.0
421,381.0,2016-05-26,1.0,ZC,ZC.CZC,6,-1.0,9.0,100,387.4,2016-05-18,1.0,3839.9999999999864,0.016520392359318476,0,,,6.0
422,420.4,2016-07-04,1.0,ZC,ZC.CZC,7,-1.0,39.0,100,397.8,2016-05-27,1.0,-13559.99999999998,-0.05681246857717437,0,,,6.0
423,415.4,2016-07-07,1.0,ZC,ZC.CZC,8,-1.0,2.0,100,425.2,2016-07-06,1.0,5880.000000000007,0.023047977422389496,0,,,6.0
424,427.0,2016-07-13,1.0,ZC,ZC.CZC,9,1.0,2.0,100,410.0,2016-07-12,1.0,10200.0,0.041463414634146344,0,,,6.0
425,434.0,2016-07-26,1.0,ZC,ZC.CZC,10,-1.0,2.0,100,431.0,2016-07-25,1.0,-1800.0,-0.0069605568445475635,0,,,6.0
426,446.0,2016-07-29,1.0,ZC,ZC.CZC,11,1.0,2.0,100,434.0,2016-07-28,1.0,7200.0,0.027649769585253458,0,,,6.0
427,477.0,2016-08-11,1.0,ZC,ZC.CZC,12,1.0,10.0,100,433.8,2016-08-02,1.0,17279.999999999996,0.09958506224066388,0,,,4.0
428,516.0,2016-08-17,1.0,ZC,ZC.CZC,13,1.0,2.0,100,517.4,2016-08-16,1.0,-559.9999999999909,-0.002705836876691104,0,,,4.0
429,517.0,2016-09-20,1.0,ZC,ZC.CZC,14,1.0,2.0,100,501.0,2016-09-19,1.0,3200.0,0.031936127744510975,0,,,2.0
430,593.0,2016-11-30,1.0,ZC,ZC.CZC,15,1.0,34.0,100,612.0,2016-10-28,1.0,-3800.0,-0.03104575163398693,0,,,2.0
431,611.0,2016-12-05,1.0,ZC,ZC.CZC,16,1.0,4.0,100,599.0,2016-12-02,1.0,2400.0,0.02003338898163606,0,,,2.0
432,526.8,2017-02-06,1.0,ZC,ZC.CZC,17,1.0,63.0,100,525.0,2016-12-06,1.0,359.9999999999909,0.003428571428571342,0,,,2.0
433,567.2,2017-02-24,1.0,ZC,ZC.CZC,18,1.0,15.0,100,530.0,2017-02-10,1.0,14880.000000000018,0.0701886792452831,0,,,4.0
434,582.6,2017-03-01,1.0,ZC,ZC.CZC,19,1.0,3.0,100,564.2,2017-02-27,1.0,7359.999999999991,0.032612548741580955,0,,,4.0
435,593.8,2017-03-07,1.0,ZC,ZC.CZC,20,1.0,5.0,100,583.0,2017-03-03,1.0,2159.999999999991,0.018524871355059955,0,,,2.0
436,621.0,2017-03-29,1.0,ZC,ZC.CZC,21,1.0,22.0,100,586.0,2017-03-08,1.0,14000.0,0.059726962457337884,0,,,4.0
437,633.2,2017-03-31,1.0,ZC,ZC.CZC,22,1.0,2.0,100,635.2,2017-03-30,1.0,-400.0,-0.003148614609571788,0,,,2.0
438,510.4,2017-05-15,1.0,ZC,ZC.CZC,23,1.0,26.0,100,531.8,2017-04-20,1.0,-8559.99999999999,-0.04024069198946969,0,,,4.0
439,598.6,2017-07-17,1.0,ZC,ZC.CZC,24,1.0,5.0,100,588.0,2017-07-13,1.0,4240.000000000009,0.01802721088435378,0,,,4.0
440,600.6,2017-08-14,1.0,ZC,ZC.CZC,25,1.0,28.0,100,613.8,2017-07-18,1.0,-5279.999999999973,-0.021505376344085912,0,,,4.0
441,592.6,2017-08-24,1.0,ZC,ZC.CZC,26,1.0,2.0,100,595.2,2017-08-23,1.0,-1040.000000000009,-0.004368279569892511,0,,,4.0
442,617.0,2017-08-28,1.0,ZC,ZC.CZC,27,1.0,4.0,100,594.6,2017-08-25,1.0,13439.999999999985,0.037672384796501805,0,,,6.0
443,636.0,2017-11-09,1.0,ZC,ZC.CZC,28,1.0,45.0,100,631.0,2017-09-26,1.0,3000.0,0.00792393026941363,0,,,6.0
444,648.2,2017-11-15,1.0,ZC,ZC.CZC,29,1.0,2.0,100,636.2,2017-11-14,1.0,4800.0,0.018861993083935866,0,,,4.0
445,634.4,2017-11-20,1.0,ZC,ZC.CZC,30,1.0,4.0,100,630.4,2017-11-17,1.0,1600.0,0.006345177664974619,0,,,4.0
446,690.4,2017-12-18,1.0,ZC,ZC.CZC,31,-1.0,4.0,100,689.2,2017-12-15,1.0,-239.99999999998636,-0.0017411491584444745,0,,,2.0
447,605.0,2018-01-02,1.0,ZC,ZC.CZC,32,1.0,5.0,100,608.4,2017-12-29,1.0,-1359.999999999991,-0.005588428665351705,0,,,4.0
448,626.6,2018-01-05,1.0,ZC,ZC.CZC,33,1.0,3.0,100,612.6,2018-01-03,1.0,5600.0,0.022853411687887692,0,,,4.0
449,621.0,2018-03-09,1.0,ZC,ZC.CZC,34,1.0,43.0,100,668.8,2018-01-26,1.0,-9559.99999999999,-0.07147129186602864,0,,,2.0
450,609.6,2018-03-15,1.0,ZC,ZC.CZC,35,1.0,2.0,100,607.2,2018-03-14,1.0,959.9999999999909,0.003952569169960437,0,,,4.0
451,576.4,2018-03-26,1.0,ZC,ZC.CZC,36,1.0,7.0,100,599.0,2018-03-20,1.0,-9040.00000000001,-0.037729549248747954,0,,,4.0
452,592.2,2018-04-26,1.0,ZC,ZC.CZC,37,-1.0,10.0,100,571.4,2018-04-17,1.0,-8320.000000000027,-0.03640182009100467,0,,,4.0
453,596.0,2018-05-04,1.0,ZC,ZC.CZC,38,-1.0,8.0,100,593.0,2018-04-27,1.0,-1200.0,-0.00505902192242833,0,,,4.0
454,622.0,2018-05-14,1.0,ZC,ZC.CZC,39,-1.0,7.0,100,614.0,2018-05-08,1.0,-3200.0,-0.013029315960912053,0,,,4.0
455,623.0,2018-05-21,1.0,ZC,ZC.CZC,40,-1.0,6.0,100,631.8,2018-05-16,1.0,3519.999999999982,0.013928458372902746,0,,,4.0
456,647.0,2018-06-13,1.0,ZC,ZC.CZC,41,1.0,3.0,100,636.2,2018-06-11,1.0,4319.999999999982,0.01697579377554221,0,,,4.0
457,614.0,2018-07-17,1.0,ZC,ZC.CZC,42,1.0,2.0,100,618.0,2018-07-16,1.0,-2400.0,-0.006472491909385114,0,,,6.0
458,583.0,2018-08-06,1.0,ZC,ZC.CZC,43,1.0,4.0,100,573.4,2018-08-03,1.0,5760.000000000014,0.016742239274503006,0,,,6.0
459,602.0,2018-08-22,1.0,ZC,ZC.CZC,44,1.0,3.0,100,601.6,2018-08-20,1.0,239.99999999998636,0.0006648936170212387,0,,,6.0
460,612.8,2018-08-28,1.0,ZC,ZC.CZC,45,-1.0,5.0,100,616.2,2018-08-24,1.0,1360.0000000000364,0.005517689061993006,0,,,4.0
461,626.6,2018-09-14,1.0,ZC,ZC.CZC,46,-1.0,8.0,100,624.0,2018-09-07,1.0,-1560.0000000000136,-0.004166666666666703,0,,,6.0
462,644.6,2018-10-22,1.0,ZC,ZC.CZC,47,-1.0,36.0,100,630.2,2018-09-17,1.0,-8639.999999999985,-0.022849888924151025,0,,,6.0
463,620.8,2018-11-08,1.0,ZC,ZC.CZC,48,-1.0,16.0,100,642.2,2018-10-24,1.0,8560.000000000036,0.03332295235129257,0,,,4.0
464,605.0,2018-11-14,1.0,ZC,ZC.CZC,49,-1.0,3.0,100,627.0,2018-11-12,1.0,13200.0,0.03508771929824561,0,,,6.0
465,597.2,2018-11-27,1.0,ZC,ZC.CZC,50,-1.0,13.0,100,620.2,2018-11-15,1.0,13800.0,0.03708481135117704,0,,,6.0
466,555.0,2018-12-27,1.0,ZC,ZC.CZC,51,-1.0,2.0,100,555.6,2018-12-26,1.0,600.0000000000227,0.001079913606911488,0,,,10.0
467,562.4,2019-01-04,1.0,ZC,ZC.CZC,52,-1.0,3.0,100,563.0,2019-01-02,1.0,600.0000000000227,0.001065719360568424,0,,,10.0
468,592.0,2019-02-26,1.0,ZC,ZC.CZC,53,1.0,2.0,100,583.4,2019-02-25,1.0,8600.000000000022,0.01474117243743576,0,,,10.0
469,616.6,2019-03-07,1.0,ZC,ZC.CZC,54,1.0,2.0,100,612.0,2019-03-06,1.0,2760.0000000000136,0.007516339869281083,0,,,6.0
470,591.4,2019-03-19,1.0,ZC,ZC.CZC,55,1.0,12.0,100,613.0,2019-03-08,1.0,-12960.000000000015,-0.035236541598694986,0,,,6.0
471,608.0,2019-04-02,1.0,ZC,ZC.CZC,56,1.0,2.0,100,593.8,2019-04-01,1.0,8520.000000000027,0.023913775682047902,0,,,6.0
472,588.0,2019-04-22,1.0,ZC,ZC.CZC,57,-1.0,4.0,100,587.8,2019-04-19,1.0,-160.00000000003638,-0.0003402517863219556,0,,,8.0
473,3728.0,2013-12-13,1.0,RB,RB.SHF,1,-1.0,2.0,10,3741.0,2013-12-12,1.0,3380.0,0.003475006682705159,0,,,26.0
474,3215.0,2014-03-24,1.0,RB,RB.SHF,2,-1.0,96.0,10,3661.0,2013-12-19,1.0,53520.0,0.12182463807702813,0,,,12.0
475,3215.0,2014-03-24,1.0,RB,RB.SHF,3,-1.0,43.0,10,3404.0,2014-02-10,1.0,11340.0,0.055522914218566394,0,,,6.0
476,3373.0,2014-04-11,1.0,RB,RB.SHF,4,-1.0,17.0,10,3284.0,2014-03-26,1.0,-19580.0,-0.02710109622411693,0,,,22.0
477,3185.0,2014-05-08,1.0,RB,RB.SHF,5,-1.0,3.0,10,3236.0,2014-05-06,1.0,9180.0,0.0157601977750309,0,,,18.0
478,3166.0,2014-05-14,1.0,RB,RB.SHF,6,-1.0,2.0,10,3198.0,2014-05-13,1.0,7680.0,0.010006253908692933,0,,,24.0
479,3114.0,2014-05-29,1.0,RB,RB.SHF,7,-1.0,3.0,10,3140.0,2014-05-27,1.0,5200.0,0.008280254777070064,0,,,20.0
480,3058.0,2014-06-03,1.0,RB,RB.SHF,8,-1.0,5.0,10,3106.0,2014-05-30,1.0,10560.0,0.015453960077269801,0,,,22.0
481,3065.0,2014-06-05,1.0,RB,RB.SHF,9,-1.0,2.0,10,3055.0,2014-06-04,1.0,-2200.0,-0.0032733224222585926,0,,,22.0
482,3018.0,2014-06-13,1.0,RB,RB.SHF,10,-1.0,8.0,10,3068.0,2014-06-06,1.0,11000.0,0.016297262059973925,0,,,22.0
483,3101.0,2014-07-04,1.0,RB,RB.SHF,11,-1.0,2.0,10,3103.0,2014-07-03,1.0,600.0,0.0006445375443119562,0,,,30.0
484,3091.0,2014-07-08,1.0,RB,RB.SHF,12,-1.0,2.0,10,3105.0,2014-07-07,1.0,6440.0,0.0045088566827697265,0,,,46.0
485,3115.0,2014-07-11,1.0,RB,RB.SHF,13,-1.0,2.0,10,3093.0,2014-07-10,1.0,-4400.0,-0.007112835434852894,0,,,20.0
486,3057.0,2014-08-12,1.0,RB,RB.SHF,14,-1.0,6.0,10,3108.0,2014-08-07,1.0,15300.0,0.016409266409266408,0,,,30.0
487,3041.0,2014-08-14,1.0,RB,RB.SHF,15,-1.0,2.0,10,3063.0,2014-08-13,1.0,5720.0,0.007182500816193275,0,,,26.0
488,2854.0,2014-09-04,1.0,RB,RB.SHF,16,-1.0,21.0,10,3018.0,2014-08-15,1.0,65600.0,0.054340622929092114,0,,,40.0
489,2760.0,2014-09-10,1.0,RB,RB.SHF,17,-1.0,2.0,10,2820.0,2014-09-09,1.0,25200.0,0.02127659574468085,0,,,42.0
490,2756.0,2014-09-12,1.0,RB,RB.SHF,18,-1.0,2.0,10,2774.0,2014-09-11,1.0,7560.0,0.006488824801730353,0,,,42.0
491,2585.0,2014-09-29,1.0,RB,RB.SHF,19,1.0,4.0,10,2544.0,2014-09-26,1.0,10660.0,0.01611635220125786,0,,,26.0
492,2457.0,2014-11-27,1.0,RB,RB.SHF,20,1.0,59.0,10,2538.0,2014-09-30,1.0,-11340.0,-0.031914893617021274,0,,,14.0
493,2524.0,2015-02-17,1.0,RB,RB.SHF,21,-1.0,23.0,10,2482.0,2015-01-26,1.0,-9240.0,-0.016921837228041903,0,,,22.0
494,2464.0,2015-03-04,1.0,RB,RB.SHF,22,-1.0,2.0,10,2466.0,2015-03-03,1.0,360.0,0.0008110300081103001,0,,,18.0
495,2445.0,2015-03-06,1.0,RB,RB.SHF,23,-1.0,2.0,10,2466.0,2015-03-05,1.0,2940.0,0.00851581508515815,0,,,14.0
496,2538.0,2015-03-25,1.0,RB,RB.SHF,24,-1.0,16.0,10,2483.0,2015-03-10,1.0,-9900.0,-0.022150624244865084,0,,,18.0
497,2417.0,2015-04-28,1.0,RB,RB.SHF,25,-1.0,2.0,10,2384.0,2015-04-27,1.0,-7260.0,-0.013842281879194632,0,,,22.0
498,2346.0,2015-04-30,1.0,RB,RB.SHF,26,-1.0,2.0,10,2398.0,2015-04-29,1.0,10400.0,0.021684737281067557,0,,,20.0
499,2433.0,2015-05-07,1.0,RB,RB.SHF,27,-1.0,3.0,10,2414.0,2015-05-05,1.0,-3800.0,-0.007870753935376968,0,,,20.0
500,2082.0,2015-07-31,1.0,RB,RB.SHF,28,-1.0,85.0,10,2410.0,2015-05-08,1.0,65600.0,0.13609958506224065,0,,,20.0
501,1652.0,2015-11-30,1.0,RB,RB.SHF,29,-1.0,4.0,10,1680.0,2015-11-27,1.0,6160.0,0.016666666666666666,0,,,22.0
502,1668.0,2015-12-08,1.0,RB,RB.SHF,30,-1.0,8.0,10,1628.0,2015-12-01,1.0,-8000.0,-0.02457002457002457,0,,,20.0
503,1656.0,2015-12-10,1.0,RB,RB.SHF,31,-1.0,2.0,10,1651.0,2015-12-09,1.0,-1000.0,-0.0030284675953967293,0,,,20.0
504,1661.0,2015-12-15,1.0,RB,RB.SHF,32,-1.0,5.0,10,1646.0,2015-12-11,1.0,-3000.0,-0.009113001215066828,0,,,20.0
505,1922.0,2016-02-24,1.0,RB,RB.SHF,33,-1.0,2.0,10,1957.0,2016-02-23,1.0,11900.0,0.01788451711803781,0,,,34.0
506,2112.0,2016-03-10,1.0,RB,RB.SHF,34,1.0,3.0,10,2194.0,2016-03-08,1.0,-14760.0,-0.037374658158614404,0,,,18.0
507,2082.0,2016-03-18,1.0,RB,RB.SHF,35,1.0,5.0,10,2000.0,2016-03-14,1.0,14760.0,0.041,0,,,18.0
508,2105.0,2016-05-10,1.0,RB,RB.SHF,36,1.0,41.0,10,2109.0,2016-03-31,1.0,-720.0,-0.001896633475580844,0,,,18.0
509,2022.0,2016-05-16,1.0,RB,RB.SHF,37,1.0,5.0,10,2154.0,2016-05-12,1.0,-23760.0,-0.06128133704735376,0,,,18.0
510,2050.0,2016-05-19,1.0,RB,RB.SHF,38,1.0,3.0,10,2058.0,2016-05-17,1.0,-1440.0,-0.003887269193391642,0,,,18.0
511,1945.0,2016-05-24,1.0,RB,RB.SHF,39,1.0,2.0,10,2065.0,2016-05-23,1.0,-21600.0,-0.05811138014527845,0,,,18.0
512,2304.0,2016-07-20,1.0,RB,RB.SHF,40,-1.0,20.0,10,2341.0,2016-07-01,1.0,8140.0,0.015805211448099103,0,,,22.0
513,2311.0,2016-07-25,1.0,RB,RB.SHF,41,-1.0,5.0,10,2309.0,2016-07-21,1.0,-360.0,-0.0008661758336942399,0,,,18.0
514,2420.0,2016-08-01,1.0,RB,RB.SHF,42,-1.0,6.0,10,2377.0,2016-07-27,1.0,-7740.0,-0.01809002944888515,0,,,18.0
515,2580.0,2016-08-10,1.0,RB,RB.SHF,43,-1.0,8.0,10,2517.0,2016-08-03,1.0,-10080.0,-0.025029797377830752,0,,,16.0
516,2600.0,2016-11-01,1.0,RB,RB.SHF,44,-1.0,2.0,10,2595.0,2016-10-31,1.0,-700.0,-0.0019267822736030828,0,,,14.0
517,2950.0,2016-11-15,1.0,RB,RB.SHF,45,-1.0,2.0,10,3147.0,2016-11-14,1.0,27580.0,0.06259930092151256,0,,,14.0
518,3062.0,2016-11-30,1.0,RB,RB.SHF,46,-1.0,3.0,10,3252.0,2016-11-28,1.0,15200.0,0.05842558425584256,0,,,8.0
519,3124.0,2016-12-05,1.0,RB,RB.SHF,47,-1.0,4.0,10,3196.0,2016-12-02,1.0,5760.0,0.02252816020025031,0,,,8.0
520,3292.0,2017-01-18,1.0,RB,RB.SHF,48,-1.0,2.0,10,3370.0,2017-01-17,1.0,10920.0,0.02314540059347181,0,,,14.0
521,3110.0,2017-02-06,1.0,RB,RB.SHF,49,-1.0,4.0,10,3349.0,2017-02-03,1.0,33460.0,0.07136458644371454,0,,,14.0
522,3555.0,2017-03-03,1.0,RB,RB.SHF,50,1.0,3.0,10,3488.0,2017-03-01,1.0,5360.0,0.019208715596330275,0,,,8.0
523,3571.0,2017-03-20,1.0,RB,RB.SHF,51,1.0,14.0,10,3445.0,2017-03-07,1.0,10080.0,0.036574746008708275,0,,,8.0
524,2853.0,2017-04-20,1.0,RB,RB.SHF,52,1.0,30.0,10,3463.0,2017-03-22,1.0,-61000.0,-0.1761478486861103,0,,,10.0
525,3580.0,2017-07-13,1.0,RB,RB.SHF,53,1.0,60.0,10,2950.0,2017-05-15,1.0,63000.0,0.2135593220338983,0,,,10.0
526,3780.0,2017-08-04,1.0,RB,RB.SHF,54,1.0,19.0,10,3535.0,2017-07-17,1.0,19600.0,0.06930693069306931,0,,,8.0
527,3796.0,2017-09-19,1.0,RB,RB.SHF,55,1.0,42.0,10,3891.0,2017-08-09,1.0,-9500.0,-0.02441531739912619,0,,,10.0
528,3820.0,2017-12-27,1.0,RB,RB.SHF,56,1.0,50.0,10,3705.0,2017-11-08,1.0,9200.0,0.0310391363022942,0,,,8.0
529,3867.0,2018-01-19,1.0,RB,RB.SHF,57,-1.0,2.0,10,3825.0,2018-01-18,1.0,-3360.0,-0.010980392156862745,0,,,8.0
530,3945.0,2018-02-22,1.0,RB,RB.SHF,58,-1.0,9.0,10,3921.0,2018-02-14,1.0,-1920.0,-0.00612088752869166,0,,,8.0
531,3393.0,2018-04-12,1.0,RB,RB.SHF,59,1.0,15.0,10,3218.0,2018-03-29,1.0,17500.0,0.054381603480422626,0,,,10.0
532,4333.0,2018-08-23,1.0,RB,RB.SHF,60,1.0,2.0,10,4337.0,2018-08-22,1.0,-320.0,-0.0009222965183306433,0,,,8.0
533,4094.0,2018-09-04,1.0,RB,RB.SHF,61,1.0,9.0,10,4332.0,2018-08-27,1.0,-23800.0,-0.05493998153277932,0,,,10.0
534,4185.0,2018-09-10,1.0,RB,RB.SHF,62,1.0,4.0,10,4158.0,2018-09-07,1.0,3240.0,0.006493506493506494,0,,,12.0
535,4065.0,2018-11-05,1.0,RB,RB.SHF,63,1.0,47.0,10,4153.0,2018-09-20,1.0,-8800.0,-0.021189501565133637,0,,,10.0
536,3941.0,2018-11-15,1.0,RB,RB.SHF,64,1.0,10.0,10,4057.0,2018-11-06,1.0,-11600.0,-0.028592556075918166,0,,,10.0
537,3340.0,2018-12-12,1.0,RB,RB.SHF,65,1.0,9.0,10,3306.0,2018-12-04,1.0,2720.0,0.0102843315184513,0,,,8.0
538,3432.0,2018-12-19,1.0,RB,RB.SHF,66,1.0,6.0,10,3416.0,2018-12-14,1.0,1920.0,0.00468384074941452,0,,,12.0
539,3650.0,2019-02-20,1.0,RB,RB.SHF,67,1.0,2.0,10,3670.0,2019-02-19,1.0,-3200.0,-0.005449591280653951,0,,,16.0
540,3709.0,2019-03-28,1.0,RB,RB.SHF,68,1.0,2.0,10,3707.0,2019-03-27,1.0,200.0,0.0005395198273536552,0,,,10.0
541,3470.0,2019-04-01,1.0,RB,RB.SHF,69,1.0,4.0,10,3690.0,2019-03-29,1.0,-22000.0,-0.05962059620596206,0,,,10.0
542,,,1.0,RB,RB.SHF,70,1.0,,10,3492.0,2019-04-02,1.0,,,0,,,10.0
543,527.0,2014-10-24,1.0,I,I.DCE,1,-1.0,17.0,100,559.0,2014-10-08,1.0,6400.0,0.057245080500894455,0,,,2.0
544,485.0,2014-11-19,1.0,I,I.DCE,2,-1.0,20.0,100,534.0,2014-10-31,1.0,19600.0,0.09176029962546817,0,,,4.0
545,490.0,2014-12-19,1.0,I,I.DCE,3,-1.0,22.0,100,480.0,2014-11-28,1.0,-4000.0,-0.020833333333333332,0,,,4.0
546,482.0,2014-12-23,1.0,I,I.DCE,4,-1.0,2.0,100,490.0,2014-12-22,1.0,1600.0,0.0163265306122449,0,,,2.0
547,511.0,2014-12-31,1.0,I,I.DCE,5,-1.0,8.0,100,473.0,2014-12-24,1.0,-15200.0,-0.080338266384778,0,,,4.0
548,475.0,2015-01-26,1.0,I,I.DCE,6,-1.0,15.0,100,508.0,2015-01-12,1.0,13200.0,0.06496062992125984,0,,,4.0
549,480.0,2015-02-26,1.0,I,I.DCE,7,-1.0,11.0,100,488.0,2015-02-16,1.0,1600.0,0.01639344262295082,0,,,2.0
550,476.0,2015-03-05,1.0,I,I.DCE,8,-1.0,7.0,100,490.0,2015-02-27,1.0,5600.0,0.02857142857142857,0,,,4.0
551,435.0,2015-03-19,1.0,I,I.DCE,9,-1.0,8.0,100,453.0,2015-03-12,1.0,3600.0,0.039735099337748346,0,,,2.0
552,408.0,2015-03-31,1.0,I,I.DCE,10,-1.0,8.0,100,437.0,2015-03-24,1.0,5800.0,0.06636155606407322,0,,,2.0
553,388.0,2015-04-02,1.0,I,I.DCE,11,-1.0,2.0,100,400.0,2015-04-01,1.0,2400.0,0.03,0,,,2.0
554,427.0,2015-04-29,1.0,I,I.DCE,12,-1.0,23.0,100,380.0,2015-04-07,1.0,-18800.0,-0.12368421052631579,0,,,4.0
555,435.0,2015-05-08,1.0,I,I.DCE,13,-1.0,2.0,100,444.0,2015-05-07,1.0,3600.0,0.02027027027027027,0,,,4.0
556,442.0,2015-06-03,1.0,I,I.DCE,14,-1.0,2.0,100,442.5,2015-06-02,1.0,200.0,0.0011299435028248588,0,,,4.0
557,448.5,2015-06-16,1.0,I,I.DCE,15,1.0,2.0,100,447.0,2015-06-15,1.0,600.0,0.003355704697986577,0,,,4.0
558,414.5,2015-07-03,1.0,I,I.DCE,16,1.0,17.0,100,437.5,2015-06-17,1.0,-9200.0,-0.052571428571428575,0,,,4.0
559,352.0,2015-07-24,1.0,I,I.DCE,17,1.0,2.0,100,349.0,2015-07-23,1.0,1200.0,0.008595988538681949,0,,,4.0
560,353.0,2015-07-28,1.0,I,I.DCE,18,1.0,2.0,100,349.0,2015-07-27,1.0,1600.0,0.011461318051575931,0,,,4.0
561,367.5,2015-08-05,1.0,I,I.DCE,19,1.0,2.0,100,363.0,2015-08-04,1.0,1800.0,0.012396694214876033,0,,,4.0
562,387.0,2015-08-14,1.0,I,I.DCE,20,1.0,5.0,100,370.0,2015-08-10,1.0,6800.0,0.04594594594594595,0,,,4.0
563,382.0,2015-09-23,1.0,I,I.DCE,21,1.0,9.0,100,400.5,2015-09-15,1.0,-11100.0,-0.046192259675405745,0,,,6.0
564,381.0,2015-09-28,1.0,I,I.DCE,22,1.0,5.0,100,378.5,2015-09-24,1.0,1500.0,0.0066050198150594455,0,,,6.0
565,391.0,2015-10-12,1.0,I,I.DCE,23,1.0,14.0,100,365.0,2015-09-29,1.0,15600.0,0.07123287671232877,0,,,6.0
566,364.0,2015-10-22,1.0,I,I.DCE,24,1.0,10.0,100,379.5,2015-10-13,1.0,-9300.0,-0.04084321475625823,0,,,6.0
567,345.0,2015-11-12,1.0,I,I.DCE,25,-1.0,3.0,100,349.0,2015-11-10,1.0,3200.0,0.011461318051575931,0,,,8.0
568,339.0,2015-11-18,1.0,I,I.DCE,26,-1.0,3.0,100,349.5,2015-11-16,1.0,8400.0,0.030042918454935622,0,,,8.0
569,300.5,2015-11-24,1.0,I,I.DCE,27,-1.0,2.0,100,305.5,2015-11-23,1.0,3000.0,0.016366612111292964,0,,,6.0
570,286.0,2015-12-09,1.0,I,I.DCE,28,-1.0,2.0,100,292.5,2015-12-08,1.0,3900.0,0.022222222222222223,0,,,6.0
571,284.5,2015-12-11,1.0,I,I.DCE,29,-1.0,2.0,100,287.5,2015-12-10,1.0,1800.0,0.010434782608695653,0,,,6.0
572,325.5,2016-01-04,1.0,I,I.DCE,30,-1.0,21.0,100,290.0,2015-12-15,1.0,-21300.0,-0.12241379310344827,0,,,6.0
573,324.5,2016-01-06,1.0,I,I.DCE,31,-1.0,2.0,100,321.0,2016-01-05,1.0,-2100.0,-0.010903426791277258,0,,,6.0
574,311.0,2016-01-11,1.0,I,I.DCE,32,-1.0,4.0,100,319.0,2016-01-08,1.0,4800.0,0.025078369905956112,0,,,6.0
575,313.5,2016-01-21,1.0,I,I.DCE,33,-1.0,7.0,100,305.0,2016-01-15,1.0,-5100.0,-0.027868852459016394,0,,,6.0
576,325.5,2016-02-02,1.0,I,I.DCE,34,-1.0,8.0,100,312.5,2016-01-26,1.0,-10400.0,-0.0416,0,,,8.0
577,339.5,2016-02-17,1.0,I,I.DCE,35,-1.0,14.0,100,329.5,2016-02-04,1.0,-8000.0,-0.030349013657056147,0,,,8.0
578,368.0,2016-02-24,1.0,I,I.DCE,36,-1.0,2.0,100,369.5,2016-02-23,1.0,1500.0,0.0040595399188092015,0,,,10.0
579,369.5,2016-02-26,1.0,I,I.DCE,37,-1.0,2.0,100,371.5,2016-02-25,1.0,1600.0,0.005383580080753701,0,,,8.0
580,423.0,2016-03-08,1.0,I,I.DCE,38,-1.0,8.0,100,370.5,2016-03-01,1.0,-42000.0,-0.1417004048582996,0,,,8.0
581,434.0,2016-03-11,1.0,I,I.DCE,39,1.0,3.0,100,433.0,2016-03-09,1.0,600.0,0.0023094688221709007,0,,,6.0
582,424.0,2016-03-22,1.0,I,I.DCE,40,-1.0,6.0,100,420.5,2016-03-17,1.0,-2800.0,-0.008323424494649227,0,,,8.0
583,394.0,2016-03-28,1.0,I,I.DCE,41,1.0,4.0,100,384.5,2016-03-25,1.0,5700.0,0.0247074122236671,0,,,6.0
584,378.5,2016-03-31,1.0,I,I.DCE,42,1.0,2.0,100,379.5,2016-03-30,1.0,-600.0,-0.002635046113306983,0,,,6.0
585,390.0,2016-04-12,1.0,I,I.DCE,43,1.0,6.0,100,375.0,2016-04-07,1.0,9000.0,0.04,0,,,6.0
586,426.5,2016-04-19,1.0,I,I.DCE,44,1.0,2.0,100,407.5,2016-04-18,1.0,11400.0,0.046625766871165646,0,,,6.0
587,418.5,2016-05-09,1.0,I,I.DCE,45,1.0,18.0,100,480.0,2016-04-22,1.0,-36900.0,-0.128125,0,,,6.0
588,387.0,2016-05-12,1.0,I,I.DCE,46,1.0,3.0,100,383.0,2016-05-10,1.0,2400.0,0.010443864229765013,0,,,6.0
589,369.0,2016-05-17,1.0,I,I.DCE,47,1.0,2.0,100,363.0,2016-05-16,1.0,3600.0,0.01652892561983471,0,,,6.0
590,376.0,2016-05-23,1.0,I,I.DCE,48,1.0,5.0,100,371.0,2016-05-19,1.0,3000.0,0.013477088948787063,0,,,6.0
591,352.5,2016-05-25,1.0,I,I.DCE,49,1.0,2.0,100,353.0,2016-05-24,1.0,-300.0,-0.00141643059490085,0,,,6.0
592,369.0,2016-06-08,1.0,I,I.DCE,50,-1.0,2.0,100,367.5,2016-06-07,1.0,-1200.0,-0.004081632653061225,0,,,8.0
593,419.0,2016-06-29,1.0,I,I.DCE,51,-1.0,2.0,100,412.0,2016-06-28,1.0,-5600.0,-0.01699029126213592,0,,,8.0
594,431.0,2016-07-19,1.0,I,I.DCE,52,-1.0,7.0,100,456.0,2016-07-13,1.0,15000.0,0.05482456140350877,0,,,6.0
595,429.0,2016-07-25,1.0,I,I.DCE,53,-1.0,4.0,100,446.0,2016-07-22,1.0,10200.0,0.03811659192825112,0,,,6.0
596,473.0,2016-08-05,1.0,I,I.DCE,54,-1.0,11.0,100,443.0,2016-07-26,1.0,-12000.0,-0.06772009029345373,0,,,4.0
597,441.5,2016-08-11,1.0,I,I.DCE,55,-1.0,4.0,100,493.0,2016-08-08,1.0,30900.0,0.10446247464503043,0,,,6.0
598,444.0,2016-08-22,1.0,I,I.DCE,56,1.0,11.0,100,429.5,2016-08-12,1.0,5800.0,0.033760186263096625,0,,,4.0
599,412.0,2016-09-01,1.0,I,I.DCE,57,1.0,2.0,100,420.0,2016-08-31,1.0,-3200.0,-0.01904761904761905,0,,,4.0
600,491.5,2016-11-03,1.0,I,I.DCE,58,-1.0,2.0,100,503.0,2016-11-02,1.0,4600.0,0.02286282306163022,0,,,4.0
601,519.0,2016-11-09,1.0,I,I.DCE,59,-1.0,2.0,100,522.0,2016-11-08,1.0,1200.0,0.005747126436781609,0,,,4.0
602,576.0,2016-11-16,1.0,I,I.DCE,60,-1.0,7.0,100,564.0,2016-11-10,1.0,-2400.0,-0.02127659574468085,0,,,2.0
603,618.0,2016-11-28,1.0,I,I.DCE,61,-1.0,5.0,100,620.0,2016-11-24,1.0,400.0,0.0032258064516129032,0,,,2.0
604,598.5,2016-12-02,1.0,I,I.DCE,62,1.0,3.0,100,576.0,2016-11-30,1.0,4500.0,0.0390625,0,,,2.0
605,606.0,2016-12-06,1.0,I,I.DCE,63,1.0,2.0,100,575.5,2016-12-05,1.0,6100.0,0.052997393570807995,0,,,2.0
606,712.0,2017-02-15,1.0,I,I.DCE,64,-1.0,3.0,100,685.0,2017-02-13,1.0,-10800.0,-0.03941605839416058,0,,,4.0
607,710.0,2017-02-24,1.0,I,I.DCE,65,-1.0,4.0,100,716.0,2017-02-21,1.0,1200.0,0.008379888268156424,0,,,2.0
608,692.0,2017-03-01,1.0,I,I.DCE,66,-1.0,2.0,100,710.5,2017-02-28,1.0,7400.0,0.026038001407459536,0,,,4.0
609,580.0,2017-03-23,1.0,I,I.DCE,67,-1.0,10.0,100,686.0,2017-03-14,1.0,21200.0,0.15451895043731778,0,,,2.0
610,516.0,2017-04-11,1.0,I,I.DCE,68,1.0,20.0,100,580.0,2017-03-23,1.0,-12800.0,-0.1103448275862069,0,,,2.0
611,496.0,2017-04-27,1.0,I,I.DCE,69,-1.0,7.0,100,495.0,2017-04-21,1.0,-400.0,-0.00202020202020202,0,,,4.0
612,519.5,2017-05-04,1.0,I,I.DCE,70,-1.0,7.0,100,508.0,2017-04-28,1.0,-4600.0,-0.022637795275590553,0,,,4.0
613,465.0,2017-05-12,1.0,I,I.DCE,71,-1.0,2.0,100,476.0,2017-05-11,1.0,4400.0,0.023109243697478993,0,,,4.0
614,461.0,2017-05-19,1.0,I,I.DCE,72,-1.0,2.0,100,478.0,2017-05-18,1.0,6800.0,0.03556485355648536,0,,,4.0
615,480.0,2017-05-24,1.0,I,I.DCE,73,-1.0,3.0,100,490.5,2017-05-22,1.0,4200.0,0.021406727828746176,0,,,4.0
616,425.0,2017-06-16,1.0,I,I.DCE,74,-1.0,2.0,100,430.0,2017-06-15,1.0,2000.0,0.011627906976744186,0,,,4.0
617,429.0,2017-06-21,1.0,I,I.DCE,75,-1.0,2.0,100,432.5,2017-06-20,1.0,1400.0,0.008092485549132947,0,,,4.0
618,470.5,2017-07-03,1.0,I,I.DCE,76,-1.0,6.0,100,457.0,2017-06-28,1.0,-5400.0,-0.02954048140043764,0,,,4.0
619,468.0,2017-07-05,1.0,I,I.DCE,77,-1.0,2.0,100,489.0,2017-07-04,1.0,8400.0,0.04294478527607362,0,,,4.0
620,479.0,2017-07-11,1.0,I,I.DCE,78,-1.0,2.0,100,480.5,2017-07-10,1.0,600.0,0.003121748178980229,0,,,4.0
621,490.0,2017-07-13,1.0,I,I.DCE,79,-1.0,2.0,100,489.0,2017-07-12,1.0,-200.0,-0.002044989775051125,0,,,2.0
622,482.0,2017-07-17,1.0,I,I.DCE,80,-1.0,4.0,100,489.0,2017-07-14,1.0,2800.0,0.014314928425357873,0,,,4.0
623,517.5,2017-07-21,1.0,I,I.DCE,81,-1.0,4.0,100,496.5,2017-07-18,1.0,-8400.0,-0.04229607250755287,0,,,4.0
624,519.0,2017-07-27,1.0,I,I.DCE,82,-1.0,2.0,100,531.0,2017-07-26,1.0,2400.0,0.022598870056497175,0,,,2.0
625,546.0,2017-08-02,1.0,I,I.DCE,83,-1.0,3.0,100,530.0,2017-07-31,1.0,-3200.0,-0.03018867924528302,0,,,2.0
626,602.5,2017-08-23,1.0,I,I.DCE,84,1.0,17.0,100,549.0,2017-08-07,1.0,10700.0,0.09744990892531877,0,,,2.0
627,582.5,2017-08-25,1.0,I,I.DCE,85,1.0,2.0,100,578.0,2017-08-24,1.0,1800.0,0.007785467128027681,0,,,4.0
628,469.0,2017-09-26,1.0,I,I.DCE,86,1.0,30.0,100,582.5,2017-08-28,1.0,-45400.0,-0.19484978540772532,0,,,4.0
629,459.0,2017-10-24,1.0,I,I.DCE,87,-1.0,2.0,100,467.0,2017-10-23,1.0,3200.0,0.017130620985010708,0,,,4.0
630,458.5,2017-11-17,1.0,I,I.DCE,88,1.0,2.0,100,446.5,2017-11-16,1.0,2400.0,0.026875699888017916,0,,,2.0
631,504.0,2017-11-29,1.0,I,I.DCE,89,-1.0,6.0,100,508.0,2017-11-24,1.0,800.0,0.007874015748031496,0,,,2.0
632,521.5,2017-12-01,1.0,I,I.DCE,90,-1.0,2.0,100,512.5,2017-11-30,1.0,-3600.0,-0.0175609756097561,0,,,4.0
633,540.0,2017-12-06,1.0,I,I.DCE,91,-1.0,2.0,100,547.5,2017-12-05,1.0,1500.0,0.0136986301369863,0,,,2.0
634,498.0,2017-12-12,1.0,I,I.DCE,92,-1.0,2.0,100,506.0,2017-12-11,1.0,3200.0,0.015810276679841896,0,,,4.0
635,527.5,2017-12-20,1.0,I,I.DCE,93,-1.0,2.0,100,535.0,2017-12-19,1.0,1500.0,0.014018691588785047,0,,,2.0
636,525.0,2017-12-26,1.0,I,I.DCE,94,-1.0,2.0,100,546.0,2017-12-25,1.0,4200.0,0.038461538461538464,0,,,2.0
637,536.5,2018-01-04,1.0,I,I.DCE,95,-1.0,2.0,100,544.0,2018-01-03,1.0,1500.0,0.013786764705882353,0,,,2.0
638,561.0,2018-01-10,1.0,I,I.DCE,96,-1.0,2.0,100,555.0,2018-01-09,1.0,-1200.0,-0.010810810810810811,0,,,2.0
639,549.0,2018-02-27,1.0,I,I.DCE,97,-1.0,2.0,100,548.0,2018-02-26,1.0,-200.0,-0.0018248175182481751,0,,,2.0
640,521.5,2018-03-07,1.0,I,I.DCE,98,1.0,2.0,100,520.0,2018-03-06,1.0,600.0,0.0028846153846153848,0,,,4.0
641,486.5,2018-03-12,1.0,I,I.DCE,99,1.0,4.0,100,498.5,2018-03-09,1.0,-4800.0,-0.024072216649949848,0,,,4.0
642,448.5,2018-04-12,1.0,I,I.DCE,100,-1.0,3.0,100,444.0,2018-04-10,1.0,-2700.0,-0.010135135135135136,0,,,6.0
643,439.0,2018-04-17,1.0,I,I.DCE,101,-1.0,2.0,100,454.0,2018-04-16,1.0,9000.0,0.03303964757709251,0,,,6.0
644,462.0,2018-04-23,1.0,I,I.DCE,102,-1.0,5.0,100,454.0,2018-04-19,1.0,-4800.0,-0.01762114537444934,0,,,6.0
645,470.0,2018-04-25,1.0,I,I.DCE,103,-1.0,2.0,100,473.5,2018-04-24,1.0,2100.0,0.007391763463569166,0,,,6.0
646,473.5,2018-05-04,1.0,I,I.DCE,104,-1.0,2.0,100,475.0,2018-05-03,1.0,900.0,0.003157894736842105,0,,,6.0
647,485.0,2018-05-16,1.0,I,I.DCE,105,-1.0,3.0,100,482.5,2018-05-14,1.0,-1500.0,-0.0051813471502590676,0,,,6.0
648,464.0,2018-05-22,1.0,I,I.DCE,106,-1.0,5.0,100,483.5,2018-05-18,1.0,11700.0,0.04033092037228542,0,,,6.0
649,474.5,2018-08-02,1.0,I,I.DCE,107,-1.0,71.0,100,456.0,2018-05-24,1.0,-7400.0,-0.04057017543859649,0,,,4.0
650,506.0,2018-08-13,1.0,I,I.DCE,108,-1.0,11.0,100,476.5,2018-08-03,1.0,-17700.0,-0.06190975865687303,0,,,6.0
651,507.5,2018-08-15,1.0,I,I.DCE,109,-1.0,2.0,100,516.5,2018-08-14,1.0,3600.0,0.017424975798644726,0,,,4.0
652,493.0,2018-08-22,1.0,I,I.DCE,110,-1.0,6.0,100,493.5,2018-08-17,1.0,200.0,0.0010131712259371835,0,,,4.0
653,479.0,2018-08-28,1.0,I,I.DCE,111,-1.0,5.0,100,487.5,2018-08-24,1.0,3400.0,0.017435897435897435,0,,,4.0
654,501.0,2018-09-25,1.0,I,I.DCE,112,-1.0,28.0,100,483.0,2018-08-29,1.0,-7200.0,-0.037267080745341616,0,,,4.0
655,497.0,2018-09-28,1.0,I,I.DCE,113,-1.0,2.0,100,500.5,2018-09-27,1.0,2100.0,0.006993006993006993,0,,,6.0
656,517.0,2018-11-06,1.0,I,I.DCE,114,1.0,2.0,100,508.0,2018-11-05,1.0,5400.0,0.017716535433070866,0,,,6.0
657,536.0,2019-01-25,1.0,I,I.DCE,115,1.0,15.0,100,506.5,2019-01-11,1.0,29500.0,0.05824284304047384,0,,,10.0
658,551.0,2019-01-29,1.0,I,I.DCE,116,1.0,2.0,100,534.0,2019-01-28,1.0,17000.0,0.031835205992509365,0,,,10.0
659,624.5,2019-02-14,1.0,I,I.DCE,117,1.0,2.0,100,634.0,2019-02-13,1.0,-5700.0,-0.01498422712933754,0,,,6.0
660,619.0,2019-02-25,1.0,I,I.DCE,118,1.0,5.0,100,619.5,2019-02-21,1.0,-400.0,-0.0008071025020177562,0,,,8.0
661,596.0,2019-02-28,1.0,I,I.DCE,119,1.0,3.0,100,597.0,2019-02-26,1.0,-800.0,-0.0016750418760469012,0,,,8.0
662,603.5,2019-03-11,1.0,I,I.DCE,120,-1.0,4.0,100,624.0,2019-03-08,1.0,8200.0,0.032852564102564104,0,,,4.0
663,626.5,2019-03-18,1.0,I,I.DCE,121,-1.0,4.0,100,626.0,2019-03-15,1.0,-200.0,-0.0007987220447284345,0,,,4.0
664,610.0,2019-03-21,1.0,I,I.DCE,122,-1.0,3.0,100,633.0,2019-03-19,1.0,9200.0,0.036334913112164295,0,,,4.0
665,614.0,2019-03-26,1.0,I,I.DCE,123,-1.0,5.0,100,613.0,2019-03-22,1.0,-400.0,-0.0016313213703099511,0,,,4.0
666,606.0,2019-03-29,1.0,I,I.DCE,124,-1.0,3.0,100,611.0,2019-03-27,1.0,2000.0,0.008183306055646482,0,,,4.0
667,655.0,2019-04-09,1.0,I,I.DCE,125,-1.0,9.0,100,628.5,2019-04-01,1.0,-10600.0,-0.042163882259347654,0,,,4.0
668,8122.0,2015-02-16,1.0,PP,PP.DCE,1,1.0,13.0,5,7650.0,2015-02-04,1.0,18880.0,0.061699346405228755,0,,,8.0
669,7900.0,2015-03-16,1.0,PP,PP.DCE,2,1.0,7.0,5,8112.0,2015-03-10,1.0,-6360.0,-0.026134122287968443,0,,,6.0
670,8576.0,2015-06-15,1.0,PP,PP.DCE,3,1.0,91.0,5,8020.0,2015-03-17,1.0,16680.0,0.06932668329177058,0,,,6.0
671,7120.0,2015-10-21,1.0,PP,PP.DCE,4,-1.0,2.0,5,7080.0,2015-10-20,1.0,-1600.0,-0.005649717514124294,0,,,8.0
672,5915.0,2015-11-23,1.0,PP,PP.DCE,5,-1.0,33.0,5,7110.0,2015-10-22,1.0,47800.0,0.1680731364275668,0,,,8.0
673,6469.0,2016-02-25,1.0,PP,PP.DCE,6,-1.0,2.0,5,6380.0,2016-02-24,1.0,-3560.0,-0.013949843260188088,0,,,8.0
674,6612.0,2016-03-01,1.0,PP,PP.DCE,7,-1.0,5.0,5,6500.0,2016-02-26,1.0,-4480.0,-0.01723076923076923,0,,,8.0
675,7351.0,2016-03-07,1.0,PP,PP.DCE,8,-1.0,4.0,5,6845.0,2016-03-04,1.0,-30360.0,-0.07392257121986852,0,,,12.0
676,7211.0,2016-03-10,1.0,PP,PP.DCE,9,-1.0,2.0,5,6908.0,2016-03-09,1.0,-9090.0,-0.04386218876664737,0,,,6.0
677,7360.0,2016-03-21,1.0,PP,PP.DCE,10,-1.0,6.0,5,6901.0,2016-03-16,1.0,-13770.0,-0.06651209969569627,0,,,6.0
678,6880.0,2016-03-29,1.0,PP,PP.DCE,11,-1.0,2.0,5,6959.0,2016-03-28,1.0,2370.0,0.011352205776692053,0,,,6.0
679,7035.0,2016-04-05,1.0,PP,PP.DCE,12,1.0,5.0,5,6834.0,2016-04-01,1.0,6030.0,0.029411764705882353,0,,,6.0
680,6965.0,2016-04-07,1.0,PP,PP.DCE,13,1.0,2.0,5,7020.0,2016-04-06,1.0,-1650.0,-0.007834757834757835,0,,,6.0
681,6721.0,2016-05-17,1.0,PP,PP.DCE,14,-1.0,2.0,5,6807.0,2016-05-16,1.0,2580.0,0.012634053180549434,0,,,6.0
682,8160.0,2016-07-15,1.0,PP,PP.DCE,15,1.0,3.0,5,8370.0,2016-07-13,1.0,-8400.0,-0.025089605734767026,0,,,8.0
683,8148.0,2016-07-25,1.0,PP,PP.DCE,16,1.0,4.0,5,8150.0,2016-07-22,1.0,-60.0,-0.000245398773006135,0,,,6.0
684,7321.0,2016-09-07,1.0,PP,PP.DCE,17,1.0,28.0,5,7340.0,2016-08-11,1.0,-570.0,-0.0025885558583106268,0,,,6.0
685,7100.0,2016-09-19,1.0,PP,PP.DCE,18,1.0,11.0,5,7300.0,2016-09-09,1.0,-4000.0,-0.0273972602739726,0,,,4.0
686,7170.0,2016-09-21,1.0,PP,PP.DCE,19,1.0,2.0,5,7103.0,2016-09-20,1.0,1340.0,0.009432634098268337,0,,,4.0
687,7100.0,2016-09-26,1.0,PP,PP.DCE,20,1.0,4.0,5,7119.0,2016-09-23,1.0,-380.0,-0.0026689141733389522,0,,,4.0
688,8570.0,2016-11-17,1.0,PP,PP.DCE,21,-1.0,2.0,5,8650.0,2016-11-16,1.0,1600.0,0.009248554913294798,0,,,4.0
689,9620.0,2016-12-12,1.0,PP,PP.DCE,22,-1.0,5.0,5,9200.0,2016-12-08,1.0,-8400.0,-0.04565217391304348,0,,,4.0
690,8454.0,2017-01-09,1.0,PP,PP.DCE,23,-1.0,4.0,5,8586.0,2017-01-06,1.0,3960.0,0.015373864430468204,0,,,6.0
691,8956.0,2017-01-20,1.0,PP,PP.DCE,24,-1.0,2.0,5,9016.0,2017-01-19,1.0,3000.0,0.006654835847382431,0,,,10.0
692,9128.0,2017-01-25,1.0,PP,PP.DCE,25,-1.0,2.0,5,9205.0,2017-01-24,1.0,2310.0,0.008365019011406844,0,,,6.0
693,9450.0,2017-02-03,1.0,PP,PP.DCE,26,-1.0,9.0,5,9385.0,2017-01-26,1.0,-3250.0,-0.006925945657964837,0,,,10.0
694,9201.0,2017-02-08,1.0,PP,PP.DCE,27,-1.0,2.0,5,9340.0,2017-02-07,1.0,5560.0,0.014882226980728051,0,,,8.0
695,9333.0,2017-02-13,1.0,PP,PP.DCE,28,-1.0,5.0,5,9215.0,2017-02-09,1.0,-4720.0,-0.012805208898534997,0,,,8.0
696,8986.0,2017-02-21,1.0,PP,PP.DCE,29,-1.0,8.0,5,9500.0,2017-02-14,1.0,25700.0,0.05410526315789474,0,,,10.0
697,8673.0,2017-02-28,1.0,PP,PP.DCE,30,-1.0,7.0,5,8754.0,2017-02-22,1.0,4050.0,0.009252912954078136,0,,,10.0
698,7747.0,2017-04-21,1.0,PP,PP.DCE,31,-1.0,52.0,5,8640.0,2017-03-01,1.0,26790.0,0.10335648148148148,0,,,6.0
699,7805.0,2017-04-28,1.0,PP,PP.DCE,32,-1.0,2.0,5,7692.0,2017-04-27,1.0,-5650.0,-0.01469058762350494,0,,,10.0
700,7648.0,2017-05-08,1.0,PP,PP.DCE,33,-1.0,4.0,5,7548.0,2017-05-05,1.0,-5000.0,-0.013248542660307366,0,,,10.0
701,7460.0,2017-05-11,1.0,PP,PP.DCE,34,-1.0,3.0,5,7602.0,2017-05-09,1.0,7100.0,0.018679294922388845,0,,,10.0
702,7730.0,2017-05-18,1.0,PP,PP.DCE,35,-1.0,2.0,5,7792.0,2017-05-17,1.0,2480.0,0.00795687885010267,0,,,8.0
703,8138.0,2017-05-22,1.0,PP,PP.DCE,36,-1.0,4.0,5,7930.0,2017-05-19,1.0,-8320.0,-0.02622950819672131,0,,,8.0
704,7970.0,2017-05-26,1.0,PP,PP.DCE,37,-1.0,2.0,5,8015.0,2017-05-25,1.0,2250.0,0.0056144728633811605,0,,,10.0
705,7672.0,2017-06-15,1.0,PP,PP.DCE,38,-1.0,16.0,5,8156.0,2017-05-31,1.0,19360.0,0.05934281510544385,0,,,8.0
706,7826.0,2017-07-06,1.0,PP,PP.DCE,39,-1.0,21.0,5,7640.0,2017-06-16,1.0,-9300.0,-0.024345549738219896,0,,,10.0
707,8115.0,2017-07-12,1.0,PP,PP.DCE,40,-1.0,6.0,5,7990.0,2017-07-07,1.0,-6250.0,-0.015644555694618274,0,,,10.0
708,8275.0,2017-07-20,1.0,PP,PP.DCE,41,-1.0,8.0,5,8055.0,2017-07-13,1.0,-8800.0,-0.027312228429546864,0,,,8.0
709,8590.0,2017-07-26,1.0,PP,PP.DCE,42,-1.0,6.0,5,8380.0,2017-07-21,1.0,-8400.0,-0.025059665871121718,0,,,8.0
710,8238.0,2017-08-01,1.0,PP,PP.DCE,43,-1.0,6.0,5,8440.0,2017-07-27,1.0,8080.0,0.023933649289099527,0,,,8.0
711,9130.0,2017-08-24,1.0,PP,PP.DCE,44,-1.0,15.0,5,8780.0,2017-08-10,1.0,-21000.0,-0.03986332574031891,0,,,12.0
712,9233.0,2017-11-23,1.0,PP,PP.DCE,45,-1.0,86.0,5,9259.0,2017-08-30,1.0,1040.0,0.0028080786262015336,0,,,8.0
713,9010.0,2017-12-15,1.0,PP,PP.DCE,46,-1.0,8.0,5,8822.0,2017-12-08,1.0,-7520.0,-0.021310360462480162,0,,,8.0
714,9065.0,2017-12-19,1.0,PP,PP.DCE,47,-1.0,2.0,5,9025.0,2017-12-18,1.0,-1200.0,-0.00443213296398892,0,,,6.0
715,9190.0,2017-12-25,1.0,PP,PP.DCE,48,-1.0,6.0,5,9260.0,2017-12-20,1.0,2100.0,0.00755939524838013,0,,,6.0
716,9340.0,2017-12-27,1.0,PP,PP.DCE,49,-1.0,2.0,5,9156.0,2017-12-26,1.0,-7360.0,-0.020096111839231105,0,,,8.0
717,9344.0,2018-01-02,1.0,PP,PP.DCE,50,-1.0,6.0,5,9250.0,2017-12-28,1.0,-3760.0,-0.010162162162162163,0,,,8.0
718,9328.0,2018-02-26,1.0,PP,PP.DCE,51,-1.0,18.0,5,9219.0,2018-02-09,1.0,-3270.0,-0.011823408178761255,0,,,6.0
719,9262.0,2018-03-05,1.0,PP,PP.DCE,52,-1.0,4.0,5,9264.0,2018-03-02,1.0,60.0,0.0002158894645941278,0,,,6.0
720,8517.0,2018-03-27,1.0,PP,PP.DCE,53,-1.0,22.0,5,9200.0,2018-03-06,1.0,27320.0,0.07423913043478261,0,,,8.0
721,8688.0,2018-03-30,1.0,PP,PP.DCE,54,-1.0,3.0,5,8580.0,2018-03-28,1.0,-4320.0,-0.012587412587412588,0,,,8.0
722,9047.0,2018-04-19,1.0,PP,PP.DCE,55,-1.0,18.0,5,8750.0,2018-04-02,1.0,-11880.0,-0.03394285714285714,0,,,8.0
723,9271.0,2018-05-08,1.0,PP,PP.DCE,56,-1.0,14.0,5,8820.0,2018-04-25,1.0,-18040.0,-0.051133786848072564,0,,,8.0
724,9285.0,2018-05-14,1.0,PP,PP.DCE,57,-1.0,5.0,5,9259.0,2018-05-10,1.0,-1040.0,-0.0028080786262015336,0,,,8.0
725,9383.0,2018-07-23,1.0,PP,PP.DCE,58,-1.0,64.0,5,9238.0,2018-05-21,1.0,-5800.0,-0.015696038103485604,0,,,8.0
726,9523.0,2018-07-30,1.0,PP,PP.DCE,59,-1.0,7.0,5,9447.0,2018-07-24,1.0,-3800.0,-0.008044881973113158,0,,,10.0
727,9618.0,2018-08-01,1.0,PP,PP.DCE,60,-1.0,2.0,5,9605.0,2018-07-31,1.0,-650.0,-0.001353461738677772,0,,,10.0
728,9753.0,2018-08-03,1.0,PP,PP.DCE,61,-1.0,2.0,5,9600.0,2018-08-02,1.0,-6120.0,-0.0159375,0,,,8.0
729,10090.0,2018-08-17,1.0,PP,PP.DCE,62,-1.0,2.0,5,9983.0,2018-08-16,1.0,-4280.0,-0.01071822097565862,0,,,8.0
730,9940.0,2018-08-23,1.0,PP,PP.DCE,63,-1.0,2.0,5,9950.0,2018-08-22,1.0,400.0,0.0010050251256281408,0,,,8.0
731,9750.0,2018-08-29,1.0,PP,PP.DCE,64,-1.0,2.0,5,9800.0,2018-08-28,1.0,2500.0,0.00510204081632653,0,,,10.0
732,9773.0,2018-09-07,1.0,PP,PP.DCE,65,-1.0,2.0,5,9800.0,2018-09-06,1.0,1890.0,0.0027551020408163266,0,,,14.0
733,8690.0,2018-11-30,1.0,PP,PP.DCE,66,-1.0,3.0,5,8486.0,2018-11-28,1.0,-10200.0,-0.024039594626443554,0,,,10.0
734,8589.0,2018-12-07,1.0,PP,PP.DCE,67,-1.0,5.0,5,8950.0,2018-12-03,1.0,18050.0,0.04033519553072626,0,,,10.0
735,8600.0,2019-03-27,1.0,PP,PP.DCE,68,-1.0,2.0,5,8670.0,2019-03-26,1.0,3500.0,0.008073817762399077,0,,,10.0
736,1107.0,2014-08-18,1.0,J,J.DCE,1,1.0,4.0,100,1087.0,2014-08-15,1.0,4000.0,0.01839926402943882,0,,,2.0
737,1089.0,2014-10-10,1.0,J,J.DCE,2,1.0,44.0,100,1109.0,2014-08-28,1.0,-4000.0,-0.018034265103697024,0,,,2.0
738,1027.0,2014-12-09,1.0,J,J.DCE,3,1.0,5.0,100,1039.0,2014-12-05,1.0,-2400.0,-0.011549566891241578,0,,,2.0
739,1046.0,2014-12-22,1.0,J,J.DCE,4,1.0,12.0,100,1032.0,2014-12-11,1.0,2800.0,0.013565891472868217,0,,,2.0
740,1055.0,2015-01-07,1.0,J,J.DCE,5,1.0,16.0,100,1018.0,2014-12-23,1.0,7400.0,0.036345776031434185,0,,,2.0
741,1055.0,2015-01-12,1.0,J,J.DCE,6,1.0,5.0,100,1056.0,2015-01-08,1.0,-200.0,-0.000946969696969697,0,,,2.0
742,1003.0,2015-03-11,1.0,J,J.DCE,7,1.0,58.0,100,1039.0,2015-01-13,1.0,-7200.0,-0.03464870067372473,0,,,2.0
743,964.0,2015-03-24,1.0,J,J.DCE,8,1.0,8.0,100,1003.0,2015-03-17,1.0,-7800.0,-0.038883349950149554,0,,,2.0
744,815.5,2015-08-04,1.0,J,J.DCE,9,1.0,133.0,100,965.0,2015-03-25,1.0,-29900.0,-0.15492227979274611,0,,,2.0
745,620.0,2015-11-25,1.0,J,J.DCE,10,1.0,113.0,100,826.0,2015-08-05,1.0,-41200.0,-0.24939467312348668,0,,,2.0
746,734.5,2016-03-09,1.0,J,J.DCE,11,1.0,105.0,100,625.0,2015-11-26,1.0,21900.0,0.1752,0,,,2.0
747,767.0,2016-03-28,1.0,J,J.DCE,12,1.0,19.0,100,724.5,2016-03-10,1.0,8500.0,0.05866114561766736,0,,,2.0
748,816.5,2016-04-07,1.0,J,J.DCE,13,-1.0,2.0,100,823.0,2016-04-06,1.0,1300.0,0.007897934386391251,0,,,2.0
749,1028.0,2016-04-22,1.0,J,J.DCE,14,-1.0,15.0,100,824.0,2016-04-08,1.0,-40800.0,-0.24757281553398058,0,,,2.0
750,1096.0,2016-04-27,1.0,J,J.DCE,15,-1.0,3.0,100,1062.0,2016-04-25,1.0,-6800.0,-0.032015065913371,0,,,2.0
751,4182.0,2014-09-17,1.0,BU,BU.SHF,1,-1.0,6.0,10,4488.0,2014-09-12,1.0,110160.0,0.06818181818181818,0,,,36.0
752,4064.0,2014-09-26,1.0,BU,BU.SHF,2,1.0,2.0,10,3992.0,2014-09-25,1.0,21600.0,0.018036072144288578,0,,,30.0
753,4062.0,2014-09-30,1.0,BU,BU.SHF,3,1.0,2.0,10,4234.0,2014-09-29,1.0,-51600.0,-0.0406235238545111,0,,,30.0
754,3650.0,2014-11-19,1.0,BU,BU.SHF,4,1.0,2.0,10,3774.0,2014-11-18,1.0,-34720.0,-0.03285638579756227,0,,,28.0
755,3650.0,2014-12-03,1.0,BU,BU.SHF,5,1.0,3.0,10,3678.0,2014-12-01,1.0,-8400.0,-0.0076128330614464385,0,,,30.0
756,3480.0,2014-12-11,1.0,BU,BU.SHF,6,1.0,3.0,10,3290.0,2014-12-09,1.0,57000.0,0.057750759878419454,0,,,30.0
757,3510.0,2014-12-18,1.0,BU,BU.SHF,7,-1.0,2.0,10,3508.0,2014-12-17,1.0,-480.0,-0.0005701254275940707,0,,,24.0
758,3222.0,2015-01-12,1.0,BU,BU.SHF,8,-1.0,13.0,10,3540.0,2014-12-31,1.0,57240.0,0.08983050847457627,0,,,18.0
759,3000.0,2015-03-09,1.0,BU,BU.SHF,9,-1.0,22.0,10,2960.0,2015-02-16,1.0,-4000.0,-0.013513513513513514,0,,,10.0
760,2966.0,2015-03-11,1.0,BU,BU.SHF,10,-1.0,2.0,10,3000.0,2015-03-10,1.0,3400.0,0.011333333333333334,0,,,10.0
761,3080.0,2015-04-01,1.0,BU,BU.SHF,11,-1.0,2.0,10,3090.0,2015-03-31,1.0,800.0,0.003236245954692557,0,,,8.0
762,3054.0,2015-05-20,1.0,BU,BU.SHF,12,-1.0,48.0,10,3236.0,2015-04-03,1.0,21840.0,0.05624227441285538,0,,,12.0
763,3102.0,2015-06-05,1.0,BU,BU.SHF,13,-1.0,3.0,10,3196.0,2015-06-03,1.0,9400.0,0.029411764705882353,0,,,10.0
764,2620.0,2015-07-23,1.0,BU,BU.SHF,14,1.0,21.0,10,2830.0,2015-07-03,1.0,-16800.0,-0.07420494699646643,0,,,8.0
765,2608.0,2015-07-27,1.0,BU,BU.SHF,15,1.0,4.0,10,2620.0,2015-07-24,1.0,-1200.0,-0.004580152671755725,0,,,10.0
766,2502.0,2015-08-10,1.0,BU,BU.SHF,16,1.0,14.0,10,2450.0,2015-07-28,1.0,5200.0,0.02122448979591837,0,,,10.0
767,2496.0,2015-09-15,1.0,BU,BU.SHF,17,1.0,33.0,10,2524.0,2015-08-14,1.0,-2800.0,-0.011093502377179081,0,,,10.0
768,2356.0,2015-09-24,1.0,BU,BU.SHF,18,1.0,2.0,10,2330.0,2015-09-23,1.0,2600.0,0.011158798283261802,0,,,10.0
769,2356.0,2015-09-29,1.0,BU,BU.SHF,19,1.0,2.0,10,2368.0,2015-09-28,1.0,-1200.0,-0.005067567567567568,0,,,10.0
770,2426.0,2015-10-13,1.0,BU,BU.SHF,20,1.0,2.0,10,2454.0,2015-10-12,1.0,-2240.0,-0.011409942950285249,0,,,8.0
771,2286.0,2015-11-09,1.0,BU,BU.SHF,21,1.0,19.0,10,2284.0,2015-10-22,1.0,200.0,0.0008756567425569177,0,,,10.0
772,1908.0,2015-11-26,1.0,BU,BU.SHF,22,1.0,3.0,10,1934.0,2015-11-24,1.0,-3120.0,-0.01344364012409514,0,,,12.0
773,1870.0,2015-12-02,1.0,BU,BU.SHF,23,1.0,3.0,10,1870.0,2015-11-30,1.0,0.0,0.0,0,,,12.0
774,1900.0,2015-12-23,1.0,BU,BU.SHF,24,1.0,16.0,10,1812.0,2015-12-08,1.0,10560.0,0.04856512141280353,0,,,12.0
775,1810.0,2016-01-05,1.0,BU,BU.SHF,25,-1.0,2.0,10,1918.0,2016-01-04,1.0,12960.0,0.056308654848800835,0,,,12.0
776,1620.0,2016-02-15,1.0,BU,BU.SHF,26,-1.0,22.0,10,1772.0,2016-01-25,1.0,21280.0,0.08577878103837472,0,,,14.0
777,1858.0,2016-04-11,1.0,BU,BU.SHF,27,-1.0,55.0,10,1672.0,2016-02-17,1.0,-29760.0,-0.11124401913875598,0,,,16.0
778,2680.0,2017-03-13,1.0,BU,BU.SHF,28,-1.0,336.0,10,1896.0,2016-04-12,1.0,-78400.0,-0.41350210970464135,0,,,10.0
779,2564.0,2017-04-12,1.0,BU,BU.SHF,29,-1.0,7.0,10,2794.0,2017-04-06,1.0,36800.0,0.082319255547602,0,,,16.0
780,2520.0,2017-05-05,1.0,BU,BU.SHF,30,-1.0,2.0,10,2624.0,2017-05-04,1.0,14560.0,0.039634146341463415,0,,,14.0
781,2476.0,2017-05-31,1.0,BU,BU.SHF,31,-1.0,10.0,10,2602.0,2017-05-22,1.0,27720.0,0.04842428900845504,0,,,22.0
782,2378.0,2017-07-07,1.0,BU,BU.SHF,32,-1.0,4.0,10,2368.0,2017-07-04,1.0,-1800.0,-0.004222972972972973,0,,,18.0
783,2584.0,2017-07-21,1.0,BU,BU.SHF,33,-1.0,12.0,10,2374.0,2017-07-10,1.0,-37800.0,-0.08845829823083404,0,,,18.0
784,2606.0,2017-07-31,1.0,BU,BU.SHF,34,-1.0,6.0,10,2654.0,2017-07-26,1.0,6720.0,0.01808590806330068,0,,,14.0
785,2690.0,2017-08-04,1.0,BU,BU.SHF,35,-1.0,2.0,10,2718.0,2017-08-03,1.0,3920.0,0.010301692420897719,0,,,14.0
786,2646.0,2017-08-08,1.0,BU,BU.SHF,36,-1.0,2.0,10,2686.0,2017-08-07,1.0,6400.0,0.014892032762472078,0,,,16.0
787,2530.0,2017-09-08,1.0,BU,BU.SHF,37,-1.0,3.0,10,2618.0,2017-09-06,1.0,12320.0,0.03361344537815126,0,,,14.0
788,2366.0,2017-10-10,1.0,BU,BU.SHF,38,-1.0,26.0,10,2484.0,2017-09-15,1.0,18880.0,0.04750402576489533,0,,,16.0
789,2584.0,2017-11-14,1.0,BU,BU.SHF,39,-1.0,21.0,10,2420.0,2017-10-25,1.0,-36080.0,-0.06776859504132231,0,,,22.0
790,2448.0,2017-11-16,1.0,BU,BU.SHF,40,-1.0,2.0,10,2560.0,2017-11-15,1.0,24640.0,0.04375,0,,,22.0
791,2676.0,2017-11-21,1.0,BU,BU.SHF,41,1.0,2.0,10,2472.0,2017-11-20,1.0,44880.0,0.0825242718446602,0,,,22.0
792,2700.0,2017-11-30,1.0,BU,BU.SHF,42,-1.0,9.0,10,2698.0,2017-11-22,1.0,-520.0,-0.0007412898443291327,0,,,26.0
793,2776.0,2017-12-05,1.0,BU,BU.SHF,43,-1.0,5.0,10,2748.0,2017-12-01,1.0,-6160.0,-0.010189228529839884,0,,,22.0
794,2656.0,2017-12-11,1.0,BU,BU.SHF,44,-1.0,6.0,10,2762.0,2017-12-06,1.0,23320.0,0.03837798696596669,0,,,22.0
795,2706.0,2018-03-12,1.0,BU,BU.SHF,45,-1.0,91.0,10,2640.0,2017-12-12,1.0,-13200.0,-0.025,0,,,20.0
796,2668.0,2018-03-14,1.0,BU,BU.SHF,46,-1.0,2.0,10,2724.0,2018-03-13,1.0,14560.0,0.020558002936857563,0,,,26.0
797,2756.0,2018-04-10,1.0,BU,BU.SHF,47,-1.0,22.0,10,2760.0,2018-03-20,1.0,1120.0,0.0014492753623188406,0,,,28.0
798,2794.0,2018-04-17,1.0,BU,BU.SHF,48,-1.0,7.0,10,2826.0,2018-04-11,1.0,7680.0,0.01132342533616419,0,,,24.0
799,2864.0,2018-04-20,1.0,BU,BU.SHF,49,-1.0,3.0,10,2810.0,2018-04-18,1.0,-11880.0,-0.019217081850533807,0,,,22.0
800,2814.0,2018-04-24,1.0,BU,BU.SHF,50,-1.0,2.0,10,2828.0,2018-04-23,1.0,2800.0,0.0049504950495049506,0,,,20.0
801,3064.0,2018-05-18,1.0,BU,BU.SHF,51,-1.0,15.0,10,2978.0,2018-05-04,1.0,-15480.0,-0.02887844190732035,0,,,18.0
802,3116.0,2018-05-29,1.0,BU,BU.SHF,52,-1.0,9.0,10,3256.0,2018-05-21,1.0,22400.0,0.042997542997543,0,,,16.0
803,3278.0,2018-08-17,1.0,BU,BU.SHF,53,-1.0,43.0,10,3238.0,2018-07-06,1.0,-5600.0,-0.012353304508956145,0,,,14.0
804,3672.0,2018-09-17,1.0,BU,BU.SHF,54,-1.0,22.0,10,3332.0,2018-08-27,1.0,-34000.0,-0.10204081632653061,0,,,10.0
805,3674.0,2018-09-27,1.0,BU,BU.SHF,55,-1.0,7.0,10,3688.0,2018-09-21,1.0,1400.0,0.003796095444685466,0,,,10.0
806,3766.0,2018-10-09,1.0,BU,BU.SHF,56,-1.0,12.0,10,3722.0,2018-09-28,1.0,-3520.0,-0.011821601289629231,0,,,8.0
807,3460.0,2018-10-30,1.0,BU,BU.SHF,57,1.0,5.0,10,3502.0,2018-10-26,1.0,-2520.0,-0.011993146773272416,0,,,6.0
808,2908.0,2018-12-04,1.0,BU,BU.SHF,58,1.0,20.0,10,3202.0,2018-11-15,1.0,-23520.0,-0.09181761399125546,0,,,8.0
809,2844.0,2019-01-18,1.0,BU,BU.SHF,59,-1.0,12.0,10,2748.0,2019-01-07,1.0,-15360.0,-0.034934497816593885,0,,,16.0
810,3230.0,2019-02-27,1.0,BU,BU.SHF,60,-1.0,38.0,10,2974.0,2019-01-21,1.0,-30720.0,-0.08607935440484196,0,,,12.0
811,3250.0,2019-03-11,1.0,BU,BU.SHF,61,-1.0,12.0,10,3260.0,2019-02-28,1.0,1600.0,0.003067484662576687,0,,,16.0
812,3404.0,2019-03-19,1.0,BU,BU.SHF,62,-1.0,7.0,10,3378.0,2019-03-13,1.0,-2600.0,-0.0076968620485494375,0,,,10.0
813,3546.0,2019-04-08,1.0,BU,BU.SHF,63,-1.0,5.0,10,3510.0,2019-04-04,1.0,-2880.0,-0.010256410256410256,0,,,8.0
