,BU.SHF,HC.SHF,I.DCE,J.DCE,JM.DCE,L.DCE,MA.CZC,PP.DCE,RB.SHF,TA.CZC,V.DCE,ZC.CZC
2013-01-04,0,0,0,0,0,0,0,0,0,0,0,0
2013-01-07,0,0,0,0,0,0,0,0,0,0,0,0
2013-01-08,0,0,0,0,0,0,0,0,0,0,0,0
2013-01-09,0,0,0,0,0,27,0,0,-49,11,-92,0
2013-01-10,0,0,0,0,0,7,0,0,-34,11,-68,0
2013-01-11,0,0,0,0,0,7,0,0,-44,12,-83,0
2013-01-14,0,0,0,0,0,8,0,0,-34,13,-87,0
2013-01-15,0,0,0,0,0,12,0,0,-23,18,-70,0
2013-01-16,0,0,0,3,0,0,0,0,-23,18,-68,0
2013-01-17,0,0,0,3,0,0,0,0,-23,13,-51,0
2013-01-18,0,0,0,3,0,0,0,0,-20,12,-43,0
2013-01-21,0,0,0,0,0,11,0,0,-19,11,-38,0
2013-01-22,0,0,0,0,0,14,0,0,-24,14,-48,0
2013-01-23,0,0,0,0,0,16,0,0,-27,17,-55,0
2013-01-24,0,0,0,0,0,18,0,0,-30,18,-61,0
2013-01-25,0,0,0,0,0,20,0,0,-28,20,-68,0
2013-01-28,0,0,0,0,0,21,0,0,-28,21,-71,0
2013-01-29,0,0,0,3,0,0,0,0,-25,22,-74,0
2013-01-30,0,0,0,3,0,0,0,0,-23,22,-72,0
2013-01-31,0,0,0,3,0,0,0,0,-23,22,-73,0
2013-02-01,0,0,0,0,0,17,0,0,-21,21,-66,0
2013-02-04,0,0,0,0,0,16,0,0,-20,22,-66,0
2013-02-05,0,0,0,3,0,0,0,0,-18,22,-68,0
2013-02-06,0,0,0,3,0,0,0,0,-16,20,-67,0
2013-02-07,0,0,0,3,0,0,0,0,-16,20,-68,0
2013-02-08,0,0,0,-3,0,10,0,0,-16,19,0,0
2013-02-18,0,0,0,-3,0,12,0,0,-21,23,0,0
2013-02-19,0,0,0,0,0,12,0,0,-24,24,-103,0
2013-02-20,0,0,0,-3,0,12,0,0,-24,24,0,0
2013-02-21,0,0,0,0,0,13,0,0,-24,25,-109,0
2013-02-22,0,0,0,3,0,0,0,0,-23,25,-111,0
2013-02-25,0,0,0,3,0,0,0,0,-23,25,-102,0
2013-02-26,0,0,0,3,0,0,0,0,-24,25,-97,0
2013-02-27,0,0,0,3,0,0,0,0,-24,25,-88,0
2013-02-28,0,0,0,3,0,0,0,0,-23,24,-80,0
2013-03-01,0,0,0,3,0,0,0,0,-23,23,-73,0
2013-03-04,0,0,0,3,0,0,0,0,-23,23,-69,0
2013-03-05,0,0,0,3,0,0,0,0,-23,21,-65,0
2013-03-06,0,0,0,3,0,0,0,0,-23,20,-62,0
2013-03-07,0,0,0,3,0,14,0,0,-23,0,-60,0
2013-03-08,0,0,0,3,0,14,0,0,-23,0,-59,0
2013-03-11,0,0,0,3,0,14,0,0,-23,0,-58,0
2013-03-12,0,0,0,3,0,14,0,0,-23,0,-57,0
2013-03-13,0,0,0,3,0,14,0,0,-24,0,-57,0
2013-03-14,0,0,0,3,0,14,0,0,-24,0,-54,0
2013-03-15,0,0,0,3,0,14,0,0,-23,-17,0,0
2013-03-18,0,0,0,3,0,15,0,0,-23,-18,0,0
2013-03-19,0,0,0,3,0,0,0,0,-24,19,-54,0
2013-03-20,0,0,0,3,0,0,0,0,-24,19,-55,0
2013-03-21,0,0,0,3,0,0,0,0,-25,20,-55,0
2013-03-22,0,0,0,3,0,17,0,0,-25,0,-56,0
2013-03-25,0,0,0,3,0,-17,0,0,-25,20,-57,0
2013-03-26,0,0,0,3,0,18,0,0,-26,-20,-58,0
2013-03-27,0,0,0,3,0,18,0,0,-26,-20,-60,0
2013-03-28,0,0,0,3,0,18,0,0,-26,-20,-61,0
2013-03-29,0,0,0,3,0,18,0,0,-27,-19,-63,0
2013-04-01,0,0,0,3,0,19,0,0,-27,-19,-66,0
2013-04-02,0,0,0,3,0,20,0,0,-28,-19,-69,0
2013-04-03,0,0,0,3,0,20,0,0,-28,-19,-72,0
2013-04-08,0,0,0,3,0,20,0,0,-28,-19,-74,0
2013-04-09,0,0,0,3,0,20,0,0,-28,-20,-75,0
2013-04-10,0,0,0,3,0,20,0,0,-28,-20,-77,0
2013-04-11,0,0,0,3,0,20,0,0,-28,-20,-78,0
2013-04-12,0,0,0,3,0,20,0,0,-29,-20,-79,0
2013-04-15,0,0,0,3,0,20,0,0,-29,-20,-81,0
2013-04-16,0,0,0,3,0,20,0,0,-29,-21,-83,0
2013-04-17,0,0,0,3,0,19,0,0,-29,-21,-85,0
2013-04-18,0,0,0,3,0,19,0,0,-29,-21,-86,0
2013-04-19,0,0,0,3,0,19,0,0,-29,-21,-87,0
2013-04-22,0,0,0,3,0,18,0,0,-29,-21,-88,0
2013-04-23,0,0,0,3,0,18,0,0,-29,-21,-89,0
2013-04-24,0,0,0,3,0,18,0,0,-28,-21,-91,0
2013-04-25,0,0,0,3,0,18,0,0,-28,-21,-92,0
2013-04-26,0,0,0,3,0,18,0,0,-28,-21,-93,0
2013-05-02,0,0,0,3,0,18,0,0,-28,-22,-95,0
2013-05-03,0,0,0,3,0,18,0,0,-27,-22,-96,0
2013-05-06,0,0,0,3,0,18,0,0,-27,-22,-98,0
2013-05-07,0,0,0,3,0,18,0,0,-27,-22,-100,0
2013-05-08,0,0,0,3,0,19,0,0,-26,-23,-101,0
2013-05-09,0,0,0,3,0,19,0,0,-26,-23,-103,0
2013-05-10,0,0,0,3,0,19,0,0,-26,-23,-104,0
2013-05-13,0,0,0,-3,0,19,0,0,-26,23,-105,0
2013-05-14,0,0,0,-3,0,19,0,0,-26,23,-106,0
2013-05-15,0,0,0,-3,0,19,0,0,-26,23,-107,0
2013-05-16,0,0,0,3,0,19,0,0,-26,-23,-107,0
2013-05-17,0,0,0,3,0,19,0,0,-25,-23,-108,0
2013-05-20,0,0,0,-3,0,19,0,0,-25,-23,109,0
2013-05-21,0,0,0,-3,0,19,0,0,-25,23,-110,0
2013-05-22,0,0,0,-3,0,19,0,0,-25,-23,111,0
2013-05-23,0,0,0,-3,0,20,0,0,-25,23,-111,0
2013-05-24,0,0,0,-3,0,20,0,0,-24,23,-112,0
2013-05-27,0,0,0,-3,0,20,0,0,-24,-23,112,0
2013-05-28,0,0,0,3,0,20,0,0,-24,-24,-113,0
2013-05-29,0,0,0,3,0,20,0,0,-24,-24,-114,0
2013-05-30,0,0,0,3,0,20,0,0,-23,-24,-115,0
2013-05-31,0,0,0,3,0,20,0,0,-23,-24,-116,0
2013-06-03,0,0,0,3,0,20,0,0,-23,-24,-117,0
2013-06-04,0,0,0,3,0,21,0,0,-22,-24,-118,0
2013-06-05,0,0,0,3,0,21,0,0,-22,-24,-119,0
2013-06-06,0,0,0,3,0,21,0,0,-22,-25,-120,0
2013-06-07,0,0,0,3,0,21,0,0,-22,-25,-121,0
2013-06-13,0,0,0,3,0,21,0,0,-22,-25,-123,0
2013-06-14,0,0,0,3,0,22,0,0,-22,-25,-124,0
2013-06-17,0,0,0,3,0,22,0,0,-22,-26,-125,0
2013-06-18,0,0,0,3,0,22,0,0,-22,-26,-126,0
2013-06-19,0,0,0,3,0,22,0,0,-22,-26,-127,0
2013-06-20,0,0,0,3,0,23,0,0,-21,-26,-128,0
2013-06-21,0,0,0,3,0,23,0,0,-21,-27,-128,0
2013-06-24,0,0,0,-3,0,23,0,0,-22,-27,129,0
2013-06-25,0,0,0,-3,0,23,0,0,-22,-27,130,0
2013-06-26,0,0,0,-3,0,23,0,0,-22,-27,130,0
2013-06-27,0,0,0,3,0,24,0,0,-21,-27,-131,0
2013-06-28,0,0,0,-3,0,24,0,0,-21,-28,131,0
2013-07-01,0,0,0,-3,0,24,0,0,-21,-28,132,0
2013-07-02,0,0,0,-3,0,24,0,0,-21,-28,133,0
2013-07-03,0,0,0,-3,0,24,0,0,-21,-28,134,0
2013-07-04,0,0,0,3,0,-24,0,0,-21,-28,135,0
2013-07-05,0,0,0,-3,0,25,0,0,-22,-28,136,0
2013-07-08,0,0,0,-3,0,25,0,0,-22,-28,137,0
2013-07-09,0,0,0,-3,0,25,0,0,-22,-29,137,0
2013-07-10,0,0,0,-3,0,25,0,0,-22,-29,138,0
2013-07-11,0,0,0,-3,0,25,0,0,-22,29,139,0
2013-07-12,0,0,0,-3,0,25,0,0,-22,29,140,0
2013-07-15,0,0,0,-3,0,25,0,0,-22,29,-140,0
2013-07-16,0,0,0,-3,0,26,0,0,-22,29,-141,0
2013-07-17,0,0,0,-3,0,26,0,0,-22,29,-141,0
2013-07-18,0,0,0,-3,0,26,0,0,-22,29,141,0
2013-07-19,0,0,0,-3,0,26,0,0,-23,29,140,0
2013-07-22,0,0,0,-3,0,26,0,0,-23,29,135,0
2013-07-23,0,0,0,-3,0,26,0,0,-23,29,132,0
2013-07-24,0,0,0,-3,0,26,0,0,-23,29,128,0
2013-07-25,0,0,0,-3,0,26,0,0,-23,29,125,0
2013-07-26,0,0,0,-3,0,26,0,0,-23,29,122,0
2013-07-29,0,0,0,-3,0,26,0,0,-23,29,120,0
2013-07-30,0,0,0,-3,0,26,0,0,-23,29,119,0
2013-07-31,0,0,0,-3,0,27,0,0,-23,-29,120,0
2013-08-01,0,0,0,-3,0,27,0,0,-23,-29,120,0
2013-08-02,0,0,0,-3,0,27,0,0,-23,-29,120,0
2013-08-05,0,0,0,-3,0,27,0,0,-23,29,119,0
2013-08-06,0,0,0,-3,0,27,0,0,-23,30,118,0
2013-08-07,0,0,0,-3,0,27,0,0,-23,30,116,0
2013-08-08,0,0,0,-3,0,27,0,0,-23,30,115,0
2013-08-09,0,0,0,-3,0,27,0,0,-23,30,114,0
2013-08-12,0,0,0,-3,0,27,0,0,-23,30,112,0
2013-08-13,0,0,0,-3,0,27,0,0,-23,30,111,0
2013-08-14,0,0,0,-3,0,27,0,0,-23,30,109,0
2013-08-15,0,0,0,-3,0,26,0,0,-23,30,107,0
2013-08-16,0,0,0,-3,0,26,0,0,-23,30,107,0
2013-08-19,0,0,0,-3,0,26,0,0,-23,30,106,0
2013-08-20,0,0,0,-3,0,26,0,0,-23,30,106,0
2013-08-21,0,0,0,-3,0,26,0,0,-23,30,106,0
2013-08-22,0,0,0,-3,0,26,0,0,-23,30,105,0
2013-08-23,0,0,0,-3,0,26,0,0,-23,30,105,0
2013-08-26,0,0,0,-3,0,26,0,0,-23,30,105,0
2013-08-27,0,0,0,-3,0,26,0,0,-23,30,105,0
2013-08-28,0,0,0,-3,0,26,0,0,-23,30,105,0
2013-08-29,0,0,0,-3,0,26,0,0,-23,30,105,0
2013-08-30,0,0,0,-3,0,26,0,0,-23,30,105,0
2013-09-02,0,0,0,-3,0,26,0,0,-23,-30,105,0
2013-09-03,0,0,0,-3,0,26,0,0,-23,30,105,0
2013-09-04,0,0,0,-3,0,26,0,0,-23,30,105,0
2013-09-05,0,0,0,-3,0,26,0,0,-23,30,105,0
2013-09-06,0,0,0,-3,0,26,0,0,-23,30,105,0
2013-09-09,0,0,0,-3,0,26,0,0,-23,30,105,0
2013-09-10,0,0,0,-3,0,26,0,0,-23,30,105,0
2013-09-11,0,0,0,-3,0,26,0,0,-23,-30,105,0
2013-09-12,0,0,0,-3,0,25,0,0,-23,30,105,0
2013-09-13,0,0,0,-3,0,25,0,0,-23,-30,105,0
2013-09-16,0,0,0,-3,0,25,0,0,-23,-30,105,0
2013-09-17,0,0,0,-3,0,25,0,0,-23,-30,105,0
2013-09-18,0,0,0,-3,0,25,0,0,-23,-30,105,0
2013-09-23,0,0,0,-3,0,25,0,0,-23,-29,105,0
2013-09-24,0,0,0,-3,0,25,0,0,-23,-29,105,0
2013-09-25,0,0,0,-3,0,25,0,0,-23,-29,104,0
2013-09-26,0,0,0,-3,0,25,0,0,-23,-29,104,0
2013-09-27,0,0,0,-3,0,25,0,0,-23,-29,104,0
2013-09-30,0,0,0,-3,0,25,0,0,-23,-29,104,0
2013-10-08,0,0,0,-3,0,25,0,0,-23,-29,103,0
2013-10-09,0,0,0,-3,0,0,0,0,-23,29,0,0
2013-10-10,0,0,0,-3,0,25,0,0,-23,-29,103,0
2013-10-11,0,0,0,-3,0,25,0,0,-23,-29,0,0
2013-10-14,0,0,0,-3,0,24,0,0,-23,-29,0,0
2013-10-15,0,0,0,-3,0,24,0,0,-23,-29,0,0
2013-10-16,0,0,0,-3,0,24,0,0,-23,-29,0,0
2013-10-17,0,0,0,-3,0,24,0,0,-23,-29,0,0
2013-10-18,0,0,0,-3,0,23,0,0,-23,-29,0,0
2013-10-21,0,0,0,-3,0,23,0,0,-23,0,0,0
2013-10-22,0,0,0,-3,0,23,0,0,-23,0,0,0
2013-10-23,0,0,0,-3,0,23,0,0,-23,0,0,0
2013-10-24,0,0,0,-3,0,23,0,0,-23,0,0,0
2013-10-25,0,0,0,0,0,0,0,0,-23,-28,97,0
2013-10-28,0,0,0,0,0,22,0,0,-23,-28,0,0
2013-10-29,0,0,0,0,0,22,0,0,-22,-28,0,0
2013-10-30,0,0,0,3,0,0,0,0,-22,-28,0,0
2013-10-31,0,0,0,-3,0,22,0,0,-22,-28,0,0
2013-11-01,0,0,0,-3,0,22,0,0,-22,0,0,0
2013-11-04,0,0,0,-3,0,21,0,0,-22,0,0,0
2013-11-05,0,0,0,-3,0,21,0,0,-22,0,0,0
2013-11-06,0,0,0,-3,0,21,0,0,-22,0,0,0
2013-11-07,0,0,0,-3,0,21,0,0,-22,-27,0,0
2013-11-08,0,0,0,-3,0,21,0,0,-22,-27,0,0
2013-11-11,0,0,0,-3,0,21,0,0,-22,-27,0,0
2013-11-12,0,0,0,-3,0,20,0,0,-22,-26,0,0
2013-11-13,0,0,0,-3,0,20,0,0,0,-26,0,0
2013-11-14,0,0,0,-3,0,20,0,0,0,-26,0,0
2013-11-15,0,0,0,-3,0,20,0,0,0,-26,0,0
2013-11-18,0,0,0,-3,0,20,0,0,0,-26,-77,0
2013-11-19,0,0,0,-3,0,20,0,0,0,-26,0,0
2013-11-20,0,0,0,-3,0,20,0,0,0,-26,0,0
2013-11-21,0,0,0,-3,0,20,0,0,0,-26,0,0
2013-11-22,0,0,0,-3,0,20,0,0,0,-26,0,0
2013-11-25,0,0,0,-3,0,20,0,0,0,-26,0,0
2013-11-26,0,0,0,-3,0,20,0,0,0,-25,0,0
2013-11-27,0,0,0,-3,0,20,0,0,0,-25,0,0
2013-11-28,0,0,0,-3,0,20,0,0,0,-25,0,0
2013-11-29,0,0,0,-3,0,20,0,0,0,-25,0,0
2013-12-02,0,0,0,-3,0,20,0,0,0,-25,0,0
2013-12-03,0,0,0,-3,0,20,0,0,0,-25,0,0
2013-12-04,0,0,0,-3,0,20,0,0,0,-25,0,0
2013-12-05,0,0,0,-3,0,20,0,0,0,-24,0,0
2013-12-06,0,0,0,-3,0,20,0,0,0,0,-66,0
2013-12-09,0,0,0,-3,0,19,0,0,0,0,-66,0
2013-12-10,0,0,0,-3,0,19,0,0,0,0,-66,0
2013-12-11,0,0,0,-3,0,19,0,0,0,0,-66,0
2013-12-12,0,0,0,-3,0,19,0,0,-22,0,0,0
2013-12-13,0,0,0,-3,0,19,0,0,0,0,-66,0
2013-12-16,0,0,0,0,0,19,0,0,0,-24,-66,0
2013-12-17,0,0,0,0,0,19,0,0,0,-24,-65,0
2013-12-18,0,0,0,0,0,19,0,0,0,-24,-65,0
2013-12-19,0,0,0,0,0,19,0,0,-22,0,-65,0
2013-12-20,0,0,0,0,0,19,0,0,-22,0,-65,0
2013-12-23,0,0,0,0,0,19,0,0,-22,0,-64,0
2013-12-24,0,0,0,0,0,19,0,0,-22,0,-64,0
2013-12-25,0,0,0,0,0,19,0,0,-22,0,-64,0
2013-12-26,0,0,0,3,0,19,0,0,-22,0,-64,0
2013-12-27,0,0,0,3,0,0,0,0,-22,0,-64,0
2013-12-30,0,0,0,3,0,19,0,0,-22,0,-64,0
2013-12-31,0,0,0,3,0,19,0,0,-22,0,-64,0
2014-01-02,0,0,0,3,0,19,0,0,-22,0,-64,0
2014-01-03,0,0,0,3,0,19,0,0,-22,0,-64,0
2014-01-06,0,0,0,3,0,19,0,0,-22,0,-64,0
2014-01-07,0,0,0,3,0,19,0,0,-22,0,-63,0
2014-01-08,0,0,0,3,0,19,0,0,-22,0,-63,0
2014-01-09,0,0,0,3,0,19,0,0,-22,0,-63,0
2014-01-10,0,0,0,3,0,19,0,0,-22,-22,-62,0
2014-01-13,0,0,0,3,0,19,0,0,-22,-22,-62,0
2014-01-14,0,0,0,3,0,19,0,0,-22,-22,-62,0
2014-01-15,0,0,0,3,0,19,0,0,-22,-22,-62,0
2014-01-16,0,0,0,3,0,19,0,0,-22,-22,-62,0
2014-01-17,0,0,0,3,0,19,0,0,-22,-22,-62,0
2014-01-20,0,0,0,3,0,19,0,0,-22,-22,-61,0
2014-01-21,0,0,0,3,0,19,0,0,-22,-21,-61,0
2014-01-22,0,0,0,3,0,19,0,0,-22,-21,-61,0
2014-01-23,0,0,0,3,0,19,0,0,-22,-21,-60,0
2014-01-24,0,0,0,3,0,19,0,0,-22,0,-60,0
2014-01-27,0,0,0,3,0,18,0,0,-22,0,-59,0
2014-01-28,0,0,0,3,0,18,0,0,-22,-20,-59,0
2014-01-29,0,0,0,3,0,18,0,0,-22,-20,-58,0
2014-01-30,0,0,0,3,0,18,0,0,-22,-20,-58,0
2014-02-07,0,0,0,3,0,18,0,0,-22,-20,58,0
2014-02-10,0,0,0,0,0,18,0,0,-22,0,0,0
2014-02-11,0,0,0,3,0,18,0,0,-22,-20,0,0
2014-02-12,0,0,0,3,0,18,0,0,-23,-20,0,0
2014-02-13,0,0,0,3,0,18,0,0,-23,-20,-54,0
2014-02-14,0,0,0,3,0,18,0,0,-23,-19,0,0
2014-02-17,0,0,0,3,0,17,0,0,-23,0,0,0
2014-02-18,0,0,0,3,0,17,0,0,-23,0,0,0
2014-02-19,0,0,0,3,0,17,0,0,-22,0,0,0
2014-02-20,0,0,0,3,0,17,0,0,-22,0,0,0
2014-02-21,0,0,0,3,0,16,0,0,-22,-18,0,0
2014-02-24,0,0,0,3,0,16,0,0,-22,-18,0,0
2014-02-25,0,0,0,3,0,16,0,0,-22,-17,0,0
2014-02-26,0,0,0,3,0,16,0,0,-22,-17,0,0
2014-02-27,0,0,0,3,0,16,0,0,-22,-17,-43,0
2014-02-28,0,0,0,3,0,16,0,0,-22,-17,0,0
2014-03-03,0,0,0,3,0,15,0,0,-22,-16,0,0
2014-03-04,0,0,0,3,0,0,0,0,-22,-16,-41,0
2014-03-05,0,0,0,3,0,0,0,0,-22,-16,0,0
2014-03-06,0,0,0,3,0,0,0,0,-22,-16,0,0
2014-03-07,0,0,0,3,0,0,0,0,-22,-15,0,0
2014-03-10,0,0,0,3,0,0,0,0,-23,-15,0,0
2014-03-11,0,0,0,3,0,0,0,0,-23,-15,0,0
2014-03-12,0,0,0,3,0,0,0,0,-23,-15,0,0
2014-03-13,0,0,0,3,0,0,0,0,-23,-15,0,0
2014-03-14,0,0,0,3,0,0,0,0,-23,-15,0,0
2014-03-17,0,0,0,3,0,0,0,0,-23,0,-35,0
2014-03-18,0,0,0,3,0,0,0,0,-23,-15,0,0
2014-03-19,0,0,0,3,0,0,0,0,-23,-15,0,0
2014-03-20,0,0,0,3,0,0,0,0,-23,-15,0,0
2014-03-21,0,0,0,3,0,0,0,0,-23,-15,0,0
2014-03-24,0,0,0,3,0,17,0,0,0,-15,-33,0
2014-03-25,0,0,0,3,5,0,0,0,0,-15,-33,0
2014-03-26,0,0,0,3,5,0,0,0,-24,0,-33,0
2014-03-27,0,0,0,3,5,0,0,0,-24,0,-33,0
2014-03-28,0,0,0,3,5,0,0,0,-24,0,-33,0
2014-03-31,0,0,0,3,5,0,0,0,-24,0,-33,0
2014-04-01,0,0,0,3,6,0,0,0,-24,0,-33,0
2014-04-02,0,0,0,3,6,0,0,0,-25,0,-33,0
2014-04-03,0,0,0,3,6,18,0,0,-25,0,-33,0
2014-04-04,0,0,0,0,6,18,0,0,-25,0,-33,0
2014-04-08,0,0,0,0,6,18,0,0,-25,0,-33,0
2014-04-09,0,0,0,0,6,18,0,0,-25,0,-33,0
2014-04-10,0,0,0,0,6,18,0,0,-25,0,-33,0
2014-04-11,0,0,0,0,6,18,0,0,-25,0,-33,0
2014-04-14,0,0,0,0,6,19,0,0,0,-14,-34,0
2014-04-15,0,0,0,0,6,19,0,0,0,-14,-34,0
2014-04-16,0,0,0,0,6,19,0,0,0,0,-34,0
2014-04-17,0,0,0,0,6,19,0,0,0,-14,-34,0
2014-04-18,0,0,0,0,6,20,0,0,0,-14,-34,0
2014-04-21,0,0,0,3,6,20,0,0,0,0,-34,0
2014-04-22,0,0,0,3,6,21,0,0,0,0,-34,0
2014-04-23,0,0,0,3,6,21,0,0,0,-14,-35,0
2014-04-24,0,0,0,3,6,22,0,0,0,-14,-35,0
2014-04-25,0,0,0,0,6,22,0,0,0,-14,-35,0
2014-04-28,0,0,0,0,6,22,0,0,0,-14,-35,0
2014-04-29,0,0,0,3,6,23,0,0,0,-14,0,0
2014-04-30,0,0,0,3,6,24,0,0,0,-14,0,0
2014-05-05,0,0,0,3,6,24,0,0,0,-14,0,0
2014-05-06,0,0,0,3,6,0,0,0,0,0,-36,0
2014-05-07,0,0,0,3,6,25,0,0,0,0,-36,0
2014-05-08,0,0,0,3,6,0,0,0,0,0,-36,0
2014-05-09,0,0,0,3,0,26,0,0,0,0,-36,0
2014-05-12,0,0,0,3,6,0,0,0,0,-14,0,0
2014-05-13,0,0,0,0,6,26,0,0,0,-14,-36,0
2014-05-14,0,0,0,0,6,26,0,0,0,-14,-36,0
2014-05-15,0,0,0,0,6,27,0,0,0,-14,-36,0
2014-05-16,0,0,0,3,6,0,0,0,0,-14,-36,0
2014-05-19,0,0,0,3,6,0,0,0,0,-14,-37,0
2014-05-20,0,0,0,3,6,0,0,0,0,-14,-37,0
2014-05-21,0,0,0,3,6,0,0,0,0,-14,0,0
2014-05-22,0,0,0,3,6,0,0,0,0,-14,0,0
2014-05-23,0,0,0,3,6,0,0,0,0,0,-37,0
2014-05-26,0,0,0,3,6,0,0,0,0,-14,0,0
2014-05-27,0,0,0,3,6,30,0,0,0,-14,0,0
2014-05-28,0,0,0,3,6,30,0,0,-24,0,0,0
2014-05-29,0,0,0,3,6,30,0,0,0,0,-38,0
2014-05-30,0,0,0,3,6,0,0,0,0,0,-38,0
2014-06-03,0,0,0,3,6,0,0,0,0,0,-38,0
2014-06-04,0,0,0,3,6,0,0,0,0,0,-38,0
2014-06-05,0,0,0,3,6,0,0,0,0,0,-38,0
2014-06-06,0,0,0,3,6,0,0,0,0,-15,-39,0
2014-06-09,0,0,0,3,6,0,0,0,0,0,-39,0
2014-06-10,0,0,0,3,6,0,0,0,-24,0,0,0
2014-06-11,0,0,0,3,6,0,0,0,0,0,-39,0
2014-06-12,0,0,0,3,6,0,0,0,0,0,-39,0
2014-06-13,0,0,0,3,6,0,0,0,0,0,-39,0
2014-06-16,0,0,0,3,6,0,0,0,0,0,-39,0
2014-06-17,0,0,0,3,6,0,0,0,0,0,-40,0
2014-06-18,0,0,0,3,6,0,0,0,0,0,0,0
2014-06-19,0,0,0,3,6,0,0,0,0,0,0,0
2014-06-20,0,0,0,3,6,0,0,0,0,0,-40,0
2014-06-23,0,0,0,3,6,0,0,0,0,0,-40,0
2014-06-24,0,0,0,3,6,0,0,0,0,0,-40,0
2014-06-25,0,0,0,3,6,0,0,0,0,0,-40,0
2014-06-26,0,0,0,3,6,0,0,0,0,0,-41,0
2014-06-27,0,0,0,3,6,0,0,0,0,0,-41,0
2014-06-30,0,0,0,3,6,-29,0,0,0,0,0,0
2014-07-01,0,0,0,3,6,-29,0,0,0,0,-41,0
2014-07-02,0,0,0,3,6,-29,0,0,0,0,-41,0
2014-07-03,0,0,0,3,6,0,0,0,-22,17,-42,0
2014-07-04,0,0,0,3,6,0,0,0,0,0,-42,0
2014-07-07,0,0,0,3,6,0,0,0,-22,0,0,0
2014-07-08,0,0,0,3,6,-29,0,0,0,17,0,0
2014-07-09,0,0,0,3,6,0,0,0,-22,17,-42,0
2014-07-10,0,0,0,3,6,0,0,0,-22,0,-43,0
2014-07-11,0,0,0,3,6,0,0,0,-23,18,-43,0
2014-07-14,0,0,0,3,6,-28,0,0,0,0,-43,0
2014-07-15,0,0,0,3,6,-28,0,0,0,0,-44,0
2014-07-16,0,0,0,3,6,-28,0,0,0,0,-44,0
2014-07-17,0,0,0,3,6,-28,0,0,0,0,-45,0
2014-07-18,0,0,0,3,6,-28,0,0,0,0,0,0
2014-07-21,0,0,0,3,6,0,0,0,0,0,-46,0
2014-07-22,0,0,0,3,6,0,0,0,0,0,-46,0
2014-07-23,0,0,0,0,6,0,0,0,23,-19,-47,0
2014-07-24,0,0,0,3,6,0,0,0,0,0,-47,0
2014-07-25,0,0,0,3,6,0,0,0,0,0,-47,0
2014-07-28,0,0,0,3,6,0,0,0,0,0,-47,0
2014-07-29,0,0,0,3,0,29,0,0,0,0,-48,0
2014-07-30,0,0,0,3,6,0,0,0,0,0,-48,0
2014-07-31,0,0,0,0,6,0,0,0,0,0,-48,0
2014-08-01,0,0,0,0,6,0,0,0,0,0,-49,0
2014-08-04,0,0,0,3,6,0,0,0,0,0,-50,0
2014-08-05,0,0,0,0,6,0,0,0,0,0,-50,0
2014-08-06,0,0,0,0,6,29,0,0,0,0,-51,0
2014-08-07,0,0,0,0,6,0,0,0,-23,20,0,0
2014-08-08,0,0,0,0,6,0,0,0,-23,20,0,0
2014-08-11,0,0,0,0,6,0,0,0,-23,20,0,0
2014-08-12,0,0,0,0,6,0,0,0,0,20,-52,0
2014-08-13,0,0,0,0,6,0,0,0,-23,21,0,0
2014-08-14,0,0,0,0,6,0,0,0,0,21,-53,0
2014-08-15,0,0,0,3,6,0,0,0,-24,0,0,0
2014-08-18,0,0,0,0,6,0,0,0,-24,21,0,0
2014-08-19,0,0,0,3,6,0,0,0,-24,21,0,0
2014-08-20,0,0,0,3,6,0,0,0,-24,0,0,0
2014-08-21,0,0,0,3,6,0,0,0,-24,0,0,0
2014-08-22,0,0,0,3,7,0,0,0,-24,21,0,0
2014-08-25,0,0,0,3,7,0,0,0,-24,21,0,0
2014-08-26,0,0,0,0,7,0,0,0,-24,21,0,0
2014-08-27,0,0,0,0,7,0,0,0,-24,22,0,0
2014-08-28,0,0,0,0,7,0,0,0,-24,22,0,0
2014-08-29,0,0,0,3,7,0,0,0,-24,0,0,0
2014-09-01,0,0,0,3,7,0,0,0,-23,0,0,0
2014-09-02,0,0,0,3,7,0,0,0,-23,0,0,0
2014-09-03,0,0,0,3,7,0,0,0,-23,0,0,0
2014-09-04,0,0,0,3,7,0,0,0,0,0,-56,0
2014-09-05,0,0,0,3,7,0,0,0,-23,0,-56,0
2014-09-09,0,0,0,3,7,0,0,0,-23,0,-57,0
2014-09-10,0,0,0,3,7,0,0,0,0,0,-57,0
2014-09-11,0,0,0,3,7,0,0,0,-23,0,0,0
2014-09-12,0,0,0,3,7,0,0,0,0,0,0,0
2014-09-15,0,0,0,3,7,0,0,0,0,0,0,0
2014-09-16,0,0,0,3,7,0,0,0,0,0,0,0
2014-09-17,0,0,0,3,7,0,0,0,-22,0,0,0
2014-09-18,0,0,0,3,7,0,0,0,-22,0,0,0
2014-09-19,0,0,0,3,7,0,0,0,0,0,-59,0
2014-09-22,0,0,0,3,7,-28,0,0,0,0,0,0
2014-09-23,0,0,0,3,7,-28,0,0,0,0,0,0
2014-09-24,0,0,0,3,7,-27,0,0,0,0,0,0
2014-09-25,0,0,0,3,7,-27,0,0,0,0,0,0
2014-09-26,0,0,0,3,7,-26,0,0,21,0,0,0
2014-09-29,0,0,0,3,7,-26,0,0,0,0,0,0
2014-09-30,0,0,0,3,7,-26,0,0,20,0,-58,0
2014-10-08,0,0,0,3,7,-26,0,0,20,0,0,0
2014-10-09,-63,0,0,3,7,0,0,0,0,23,0,0
2014-10-10,-63,0,0,0,7,0,0,0,19,0,0,0
2014-10-13,-63,0,0,0,7,0,0,0,19,0,0,0
2014-10-14,0,0,-4,0,7,0,0,0,0,22,0,0
2014-10-15,0,0,-4,3,7,0,0,0,0,-22,0,0
2014-10-16,0,0,-4,3,7,0,0,0,18,-22,0,0
2014-10-17,0,0,-4,3,7,0,0,0,18,-22,0,0
2014-10-20,0,0,-4,0,7,0,0,0,18,-21,0,0
2014-10-21,0,0,-4,0,7,0,0,0,18,-21,0,0
2014-10-22,0,0,-4,0,7,0,0,0,18,-21,0,0
2014-10-23,0,0,-4,0,7,0,0,0,17,-21,0,0
2014-10-24,0,0,4,0,7,-21,0,0,17,-20,0,0
2014-10-27,0,0,0,0,7,-20,0,0,17,-20,0,0
2014-10-28,0,0,0,3,7,-20,0,0,17,-20,0,0
2014-10-29,0,0,0,3,7,-20,0,0,17,-20,0,0
2014-10-30,0,0,0,3,7,-20,0,0,16,-19,0,0
2014-10-31,0,0,-4,3,7,0,0,0,16,-19,0,0
2014-11-03,0,0,-4,3,7,0,0,0,16,-19,0,0
2014-11-04,0,0,0,3,7,-19,0,0,16,-19,0,0
2014-11-05,0,0,-4,3,7,0,0,0,16,-18,0,0
2014-11-06,-52,0,0,3,7,0,0,0,16,-18,0,0
2014-11-07,0,0,0,3,7,-18,0,0,15,-18,0,0
2014-11-10,0,0,-4,3,7,0,0,0,15,-18,0,0
2014-11-11,0,0,-4,3,7,0,0,0,15,-17,0,0
2014-11-12,0,0,-4,3,7,0,0,0,15,-17,0,0
2014-11-13,0,0,-4,3,7,0,0,0,15,-17,0,0
2014-11-14,0,0,-3,3,7,0,0,0,14,-17,0,0
2014-11-17,0,0,-3,3,7,0,0,0,14,-17,0,0
2014-11-18,0,0,-3,3,7,0,0,0,14,-16,0,0
2014-11-19,0,0,0,3,7,-16,0,0,14,-16,0,0
2014-11-20,0,0,0,3,7,-16,0,0,14,-16,0,0
2014-11-21,0,0,0,3,7,-16,0,0,13,-16,0,0
2014-11-24,0,0,0,3,7,-15,0,0,13,-16,0,0
2014-11-25,0,0,0,3,7,-15,0,0,13,-15,0,0
2014-11-26,0,0,0,3,7,-15,0,0,13,-15,0,0
2014-11-27,0,0,0,3,7,-15,0,0,0,-15,0,0
2014-11-28,0,0,0,3,7,0,0,0,0,-15,0,0
2014-12-01,29,0,-3,0,7,0,0,0,0,0,0,0
2014-12-02,0,0,-3,0,7,14,0,0,0,0,0,0
2014-12-03,0,0,-3,0,7,13,0,0,0,0,0,0
2014-12-04,0,0,-3,0,7,12,0,0,0,-13,0,0
2014-12-05,0,0,-3,0,7,12,0,0,0,-13,0,0
2014-12-08,0,0,-3,3,7,0,0,0,0,0,0,0
2014-12-09,22,0,-3,0,7,0,0,0,0,0,0,0
2014-12-10,20,0,-3,0,7,0,0,0,0,-12,0,0
2014-12-11,19,0,-3,0,8,0,0,0,0,-12,0,0
2014-12-12,0,0,-3,3,8,0,0,0,0,-12,0,0
2014-12-15,0,0,-3,3,8,0,0,0,0,-12,0,0
2014-12-16,18,0,-3,3,8,0,0,0,0,-12,0,0
2014-12-17,0,0,-3,3,8,0,0,0,0,-12,0,0
2014-12-18,0,0,-3,3,8,0,0,0,0,-11,0,0
2014-12-19,0,0,-3,3,9,0,0,0,0,-11,0,0
2014-12-22,0,0,-3,3,9,0,0,0,0,-11,0,0
2014-12-23,0,0,-3,0,9,0,0,0,0,-11,29,0
2014-12-24,0,0,-3,3,9,0,0,0,0,-11,0,0
2014-12-25,0,0,-3,3,9,0,0,0,0,-11,0,0
2014-12-26,0,0,-3,3,9,0,0,0,0,-11,0,0
2014-12-29,0,0,-3,3,9,0,0,0,0,-11,0,0
2014-12-30,0,0,-3,3,9,0,0,0,0,-11,0,0
2014-12-31,0,0,-3,3,10,0,0,0,0,-10,0,0
2015-01-05,0,0,-3,3,10,0,0,0,0,-10,0,0
2015-01-06,0,0,-3,3,10,0,0,0,0,-10,0,0
2015-01-07,0,0,-3,3,10,0,0,0,0,-10,0,0
2015-01-08,-13,0,0,0,10,7,0,0,0,-10,0,0
2015-01-09,-13,0,0,3,10,0,0,0,0,-10,0,0
2015-01-12,0,0,-3,3,10,0,0,0,0,-10,0,0
2015-01-13,0,0,-3,0,10,0,0,0,0,-10,0,0
2015-01-14,0,0,-3,4,10,0,0,0,0,-9,0,0
2015-01-15,0,0,-3,4,11,0,0,0,0,-9,0,0
2015-01-16,0,0,-3,4,0,0,0,0,0,-9,0,0
2015-01-19,0,0,-3,4,0,6,0,0,0,-9,0,0
2015-01-20,0,0,-3,4,11,0,0,0,0,-9,0,0
2015-01-21,0,0,-3,4,11,0,0,0,0,-9,0,0
2015-01-22,0,0,-3,4,11,0,0,0,0,-9,0,0
2015-01-23,0,0,-3,4,11,0,0,0,0,-9,0,0
2015-01-26,0,0,0,4,11,0,0,0,-11,-9,0,0
2015-01-27,9,0,0,4,11,0,0,0,-11,-8,0,0
2015-01-28,9,0,0,4,11,0,0,0,-11,-8,0,0
2015-01-29,9,0,0,4,11,0,0,0,-10,-8,0,0
2015-01-30,9,0,0,4,11,0,0,0,-10,-8,0,0
2015-02-02,8,0,0,4,11,0,0,0,-10,-8,0,0
2015-02-03,8,0,0,4,11,0,0,0,-10,-8,0,0
2015-02-04,0,0,0,4,11,0,0,0,-10,-8,0,0
2015-02-05,0,0,0,4,11,6,0,0,-10,-8,0,0
2015-02-06,0,0,0,4,12,0,0,0,-10,-8,0,0
2015-02-09,-8,0,0,4,12,0,0,0,0,-8,0,0
2015-02-10,-7,0,0,4,12,0,0,0,0,-8,0,0
2015-02-11,-7,0,0,4,12,0,0,0,-10,0,0,0
2015-02-12,-7,0,0,4,12,0,0,0,0,-8,0,0
2015-02-13,-7,0,0,4,12,0,0,0,0,-8,0,0
2015-02-16,-7,0,0,4,12,0,0,0,0,-7,0,0
2015-02-17,-7,0,-3,4,12,0,0,0,0,-7,0,0
2015-02-25,-7,0,-3,4,13,0,0,0,0,0,0,0
2015-02-26,-7,0,0,4,13,0,0,0,-10,0,0,0
2015-02-27,-7,0,0,4,13,0,0,0,0,-7,0,0
2015-03-02,-7,0,-3,4,13,0,0,0,0,0,0,0
2015-03-03,-6,0,0,4,13,0,0,0,0,-7,0,0
2015-03-04,-6,0,-3,4,13,0,0,0,0,-7,0,0
2015-03-05,-6,0,0,4,13,0,0,5,-10,0,-18,0
2015-03-06,-6,0,0,4,13,0,0,5,0,0,-18,0
2015-03-09,-6,0,0,4,13,0,0,0,0,0,-18,0
2015-03-10,-6,0,0,4,13,0,0,0,-10,0,0,0
2015-03-11,-6,0,0,5,13,0,0,0,-10,-7,0,0
2015-03-12,0,0,-3,0,13,0,0,4,-10,-7,0,0
2015-03-13,0,0,-3,0,13,0,0,0,-10,-7,18,0
2015-03-16,-6,0,0,0,13,0,0,0,-10,-7,0,0
2015-03-17,-6,0,-3,0,13,0,0,4,-10,0,0,0
2015-03-18,0,0,-3,5,13,0,0,4,-10,-7,0,0
2015-03-19,-6,0,0,5,13,0,0,4,-10,0,-18,0
2015-03-20,0,0,0,5,13,0,0,4,-10,-7,-18,0
2015-03-23,0,0,0,5,13,0,0,4,-10,-7,-18,0
2015-03-24,0,0,0,5,13,0,0,4,-11,-7,-18,0
2015-03-25,0,0,-3,0,13,5,0,4,0,-7,-18,0
2015-03-26,-6,0,-3,5,13,0,0,4,0,0,-18,0
2015-03-27,-6,0,0,5,13,0,0,4,0,-7,-18,0
2015-03-30,-6,0,-3,4,12,0,0,4,0,0,-18,0
2015-03-31,-6,0,0,4,12,0,0,4,0,-7,-18,0
2015-04-01,0,0,0,4,12,0,0,4,0,-7,-18,0
2015-04-02,0,0,0,4,12,0,0,4,0,-7,-18,0
2015-04-03,-6,11,0,5,12,0,0,0,0,-7,-18,0
2015-04-07,-6,0,0,5,12,0,0,4,0,-7,-18,0
2015-04-08,-6,0,-3,5,12,0,0,4,0,-7,0,0
2015-04-09,-6,0,-3,5,12,0,0,4,0,-6,0,0
2015-04-10,-6,0,-3,5,12,0,0,4,0,-6,0,0
2015-04-13,-6,0,-3,5,12,0,0,4,0,-6,0,0
2015-04-14,-6,0,-3,5,12,0,0,4,0,-6,0,0
2015-04-15,-6,0,-3,5,12,0,0,4,0,-6,0,0
2015-04-16,-6,0,-3,4,12,0,0,4,0,-6,0,0
2015-04-17,-6,0,-3,4,12,0,0,4,0,-6,0,0
2015-04-20,-6,0,-3,4,12,0,0,4,0,-6,0,0
2015-04-21,-6,0,-3,4,12,0,0,4,0,-6,0,0
2015-04-22,-6,0,-3,4,12,0,0,4,0,-6,0,0
2015-04-23,-6,0,-3,4,12,0,0,4,0,-6,0,0
2015-04-24,0,0,-3,4,12,0,0,4,-11,-6,0,0
2015-04-27,-6,0,-3,4,12,0,0,4,-11,0,0,0
2015-04-28,-6,0,-3,4,11,0,0,4,-11,0,0,0
2015-04-29,-5,0,-3,4,11,0,0,4,-11,0,0,0
2015-04-30,-5,0,0,4,11,0,0,4,-11,-6,0,0
2015-05-04,-5,0,0,4,11,0,0,4,0,-6,-18,0
2015-05-05,-5,0,0,4,11,0,0,4,-11,-6,0,0
2015-05-06,-5,0,-3,4,11,0,0,4,0,-6,0,0
2015-05-07,-5,0,-3,4,11,0,0,4,0,-6,0,0
2015-05-08,0,0,-3,4,11,0,0,4,-11,-6,0,0
2015-05-11,0,0,-3,4,11,0,0,4,-11,-6,0,0
2015-05-12,0,0,-3,4,11,0,0,4,-11,-6,0,0
2015-05-13,0,0,-3,4,11,0,0,4,-11,-6,0,0
2015-05-14,-5,0,0,4,11,0,0,4,-11,-6,0,0
2015-05-15,-5,0,0,4,11,0,0,4,-11,-6,0,0
2015-05-18,-5,0,0,4,11,0,0,4,-11,-6,0,0
2015-05-19,0,0,0,4,11,0,0,4,-11,-6,0,0
2015-05-20,0,0,0,4,11,0,0,4,-11,-6,0,0
2015-05-21,0,0,0,4,11,0,0,4,-11,-6,0,0
2015-05-22,5,0,0,4,11,0,0,0,-11,-6,0,0
2015-05-25,0,0,0,4,11,0,0,4,-11,-6,0,0
2015-05-26,0,0,-3,4,10,0,0,4,-11,0,0,0
2015-05-27,0,0,0,4,10,0,0,4,-11,-6,0,0
2015-05-28,0,0,0,4,10,0,0,4,-11,-6,0,0
2015-05-29,0,0,0,4,10,0,0,4,-11,-6,0,0
2015-06-01,0,0,0,4,10,0,0,4,-11,-6,0,0
2015-06-02,0,0,0,4,10,0,0,4,-11,-6,0,0
2015-06-03,0,0,0,4,10,0,0,4,-11,-6,0,0
2015-06-04,0,0,0,4,10,0,0,4,-11,-6,0,0
2015-06-05,0,0,0,4,10,0,0,4,-11,-6,0,0
2015-06-08,0,0,0,4,10,0,0,4,-11,-6,0,0
2015-06-09,0,0,0,4,10,0,0,4,-11,-6,0,0
2015-06-10,0,0,0,4,10,0,0,4,-11,-6,0,0
2015-06-11,0,0,0,4,10,0,0,0,-11,-6,18,0
2015-06-12,0,0,0,4,10,0,0,4,-11,-6,0,0
2015-06-15,0,0,0,4,10,0,0,4,-11,-6,0,0
2015-06-16,5,0,0,3,10,0,0,0,-11,-6,0,0
2015-06-17,0,0,3,3,10,0,-11,0,-11,-6,0,0
2015-06-18,0,0,3,3,10,0,0,0,-11,-6,0,0
2015-06-19,0,0,3,3,10,0,0,0,-11,-6,0,0
2015-06-23,0,0,3,3,10,0,0,0,-11,-6,0,0
2015-06-24,5,0,0,3,10,0,0,0,-11,-6,0,0
2015-06-25,5,0,0,3,10,0,-11,0,-11,-6,0,0
2015-06-26,5,0,0,3,10,0,0,0,-11,-6,0,0
2015-06-29,0,0,3,3,10,-5,0,0,-11,-6,0,0
2015-06-30,0,0,3,3,10,0,0,0,-10,-6,0,0
2015-07-01,0,0,3,3,10,-5,0,0,-10,0,0,0
2015-07-02,0,0,3,3,10,-5,0,0,-10,0,-18,0
2015-07-03,4,0,0,3,9,-5,0,0,-10,-6,0,0
2015-07-06,0,0,3,3,9,-5,0,0,-10,-6,0,0
2015-07-07,4,0,0,3,9,-5,-10,0,-10,0,0,0
2015-07-08,4,0,0,3,9,-5,0,0,-10,-6,0,0
2015-07-09,4,0,0,3,9,-5,0,0,-10,-6,0,0
2015-07-10,4,0,0,3,9,-5,0,0,-10,-6,0,0
2015-07-13,4,0,0,3,9,-5,-10,0,-10,0,0,0
2015-07-14,4,0,0,3,9,-5,-10,0,-10,0,0,0
2015-07-15,4,0,0,3,8,-5,0,0,-10,-6,0,0
2015-07-16,4,0,0,3,8,-5,0,0,-10,-6,0,0
2015-07-17,4,0,0,3,8,-5,0,0,-10,-6,0,0
2015-07-20,4,0,0,3,8,-5,0,0,-10,-6,0,0
2015-07-21,4,0,0,3,8,-6,0,0,-10,-6,0,0
2015-07-22,4,0,0,3,8,-6,0,0,-10,-6,0,0
2015-07-23,0,0,3,3,8,-6,0,0,-10,-6,0,0
2015-07-24,0,0,3,3,8,-6,0,0,-10,-6,0,0
2015-07-27,4,0,0,3,8,-6,0,0,-10,-7,0,0
2015-07-28,4,-8,0,3,8,0,0,0,-10,-7,0,0
2015-07-29,4,-8,0,3,8,-6,0,0,-10,0,0,0
2015-07-30,4,-8,0,3,8,-6,0,0,-11,0,0,0
2015-07-31,4,0,0,3,8,0,-10,0,-11,-7,0,0
2015-08-03,4,0,0,3,8,0,-10,0,-11,-7,0,0
2015-08-04,4,-8,0,3,8,0,0,0,0,-7,-19,0
2015-08-05,4,-8,3,0,8,0,0,0,0,-7,-19,0
2015-08-06,4,-8,0,3,8,0,-11,0,0,-8,0,0
2015-08-07,4,-8,0,3,8,0,0,0,0,-8,-19,0
2015-08-10,0,0,3,3,8,0,-11,0,0,-8,-19,0
2015-08-11,0,0,3,3,8,0,-11,0,0,-8,-19,0
2015-08-12,0,0,3,3,8,0,-11,0,0,-8,-20,0
2015-08-13,4,0,0,3,8,0,-11,0,0,-8,0,0
2015-08-14,4,0,0,3,8,0,-11,0,0,-8,0,0
2015-08-17,4,0,0,3,8,0,-11,0,0,-9,0,0
2015-08-18,4,0,0,3,8,0,-11,0,0,-9,0,0
2015-08-19,5,0,0,3,8,0,-11,0,0,-9,0,0
2015-08-20,5,0,0,3,8,0,-11,0,0,-9,0,0
2015-08-21,5,0,0,3,8,0,-11,0,0,-9,0,0
2015-08-24,5,0,0,3,8,0,-11,0,0,-9,0,0
2015-08-25,5,0,0,3,8,0,-11,0,0,-10,0,0
2015-08-26,5,0,0,3,8,-7,-11,0,0,-10,0,0
2015-08-27,5,-9,0,3,8,0,-11,0,0,-10,0,0
2015-08-28,5,0,0,3,8,-8,-11,0,0,-10,0,0
2015-08-31,5,0,0,3,8,-8,-11,0,0,-10,0,0
2015-09-01,5,-9,0,3,8,0,-11,0,0,-11,0,0
2015-09-02,5,0,0,3,8,0,-11,0,0,-11,0,0
2015-09-07,5,-9,0,3,8,0,-11,0,0,-11,0,0
2015-09-08,5,0,0,3,8,0,-11,0,0,-11,0,0
2015-09-09,5,0,0,3,8,0,-11,0,0,-11,0,0
2015-09-10,5,0,0,3,8,0,-11,0,0,-12,0,0
2015-09-11,5,0,0,3,8,0,-11,0,0,-12,0,0
2015-09-14,5,0,0,3,8,0,-11,0,0,-12,0,0
2015-09-15,5,0,0,3,8,0,-11,0,0,-12,0,0
2015-09-16,5,0,0,3,8,0,-11,0,0,-13,0,0
2015-09-17,5,0,0,3,8,0,-11,0,0,-13,0,0
2015-09-18,5,0,0,3,8,0,-12,0,0,-13,0,0
2015-09-21,5,0,0,3,8,0,-12,0,0,-13,0,0
2015-09-22,5,0,0,3,8,0,-12,0,0,-14,0,0
2015-09-23,5,0,0,3,8,-9,-12,0,0,-14,0,0
2015-09-24,5,0,0,3,8,-9,-12,0,0,-14,0,0
2015-09-25,5,0,0,3,8,-9,-12,0,0,-15,0,0
2015-09-28,5,0,0,3,8,-9,-12,0,0,-15,0,0
2015-09-29,6,0,0,3,8,-9,-12,0,0,-15,0,0
2015-09-30,6,0,0,3,8,-9,-12,0,0,-15,0,0
2015-10-08,6,0,0,3,8,-9,-12,0,0,-15,0,0
2015-10-09,6,0,0,3,8,-9,-12,0,0,-16,0,0
2015-10-12,6,0,0,3,8,-9,-12,0,0,-16,0,0
2015-10-13,6,0,0,3,8,-9,-12,0,0,-16,0,0
2015-10-14,6,0,0,3,8,-9,-12,0,0,-16,0,0
2015-10-15,0,0,5,3,8,-9,-12,0,0,-16,0,0
2015-10-16,0,0,5,3,8,-9,-12,0,0,-16,0,0
2015-10-19,0,0,6,3,8,-9,-12,0,0,-16,0,0
2015-10-20,0,0,6,3,8,-9,-12,0,0,-17,0,0
2015-10-21,6,0,0,3,8,0,-12,-8,0,-17,0,0
2015-10-22,6,0,0,3,8,0,-12,-8,0,-17,0,0
2015-10-23,6,0,0,3,8,-9,-12,0,0,-17,0,0
2015-10-26,6,0,0,3,8,0,-12,-9,0,-17,0,0
2015-10-27,6,0,0,3,8,0,-12,-9,0,-17,0,0
2015-10-28,6,0,0,3,8,-9,-12,-9,0,0,0,0
2015-10-29,6,0,0,3,8,-9,-12,-9,0,0,0,0
2015-10-30,6,0,0,3,8,0,-12,-9,0,-18,0,0
2015-11-02,6,0,0,3,8,-9,-12,0,0,-18,0,0
2015-11-03,7,0,0,3,8,0,-12,-9,0,-18,0,0
2015-11-04,7,0,0,3,8,-10,-12,0,0,-18,0,0
2015-11-05,7,0,0,3,8,-10,-12,0,0,-18,0,0
2015-11-06,7,0,0,3,8,0,-12,-10,0,-19,0,0
2015-11-09,7,0,0,3,8,0,-12,-10,0,-19,0,0
2015-11-10,7,0,0,3,8,0,-12,-10,0,-19,0,0
2015-11-11,7,0,-6,3,8,0,0,-10,0,-19,0,0
2015-11-12,0,0,0,3,8,-10,0,-10,0,-20,0,0
2015-11-13,0,0,-6,3,8,0,0,-10,0,-20,0,0
2015-11-16,0,0,-6,3,8,0,-12,0,0,-20,0,0
2015-11-17,7,0,-6,3,0,0,0,-10,0,-21,0,0
2015-11-18,7,0,0,3,0,0,0,-10,0,-21,-19,0
2015-11-19,7,0,0,3,0,0,0,-10,0,-22,-19,0
2015-11-20,7,0,0,3,0,0,0,-10,0,-22,-19,0
2015-11-23,7,0,-6,3,0,0,0,0,0,-23,-19,0
2015-11-24,7,0,0,3,0,-10,0,0,0,-23,-19,0
2015-11-25,7,0,0,0,8,-10,0,-10,0,0,-19,0
2015-11-26,7,0,0,3,8,-10,0,0,0,-24,-19,0
2015-11-27,7,0,0,3,8,0,0,0,-12,-24,-19,0
2015-11-30,8,0,0,3,8,0,-13,0,0,-24,-19,0
2015-12-01,8,0,0,3,8,0,0,0,-12,-25,-19,0
2015-12-02,8,0,0,3,8,0,0,0,-12,-25,-19,0
2015-12-03,8,0,0,3,8,0,0,0,-12,-25,-19,0
2015-12-04,8,0,0,3,8,0,0,0,-12,-25,-19,0
2015-12-07,8,0,0,3,8,0,0,0,-12,-26,-19,0
2015-12-08,8,0,-6,3,8,0,0,0,0,-26,-19,0
2015-12-09,8,0,-6,3,8,0,0,0,-12,0,-19,0
2015-12-10,8,0,0,3,8,0,0,0,-12,-26,-19,0
2015-12-11,8,0,-6,3,8,0,0,0,0,-26,-19,0
2015-12-14,8,0,-6,3,8,0,0,0,0,-26,-19,0
2015-12-15,8,0,-6,3,8,0,0,0,0,-26,-19,0
2015-12-16,8,0,-6,3,8,0,0,0,0,-26,-19,0
2015-12-17,8,0,-6,3,8,0,0,0,0,-26,-19,0
2015-12-18,8,0,-6,3,8,0,0,0,0,-26,-19,0
2015-12-21,8,0,-6,3,8,0,0,0,-12,-26,0,0
2015-12-22,8,0,-6,3,8,0,0,0,0,-26,-19,0
2015-12-23,0,0,-6,3,9,0,0,0,0,-26,-19,0
2015-12-24,0,0,-6,3,9,0,0,0,0,-26,-19,0
2015-12-25,0,0,-6,3,9,0,0,0,0,-26,-19,0
2015-12-28,0,0,-6,3,9,0,0,0,0,-26,-19,0
2015-12-29,0,0,-6,3,9,0,0,0,0,-26,-19,0
2015-12-30,0,0,-6,3,9,0,0,0,0,-26,-19,0
2015-12-31,0,0,-6,3,9,0,0,0,0,-26,-19,0
2016-01-04,0,0,-6,3,9,0,0,0,0,-26,-19,0
2016-01-05,0,0,-6,3,9,0,0,0,0,-26,-19,0
2016-01-06,0,0,-6,3,9,0,0,0,0,-26,-19,0
2016-01-07,0,0,0,3,9,0,-13,0,0,-26,-19,0
2016-01-08,0,0,0,3,9,0,-13,0,0,-26,-19,0
2016-01-11,0,0,0,3,9,0,-13,0,0,-26,-19,0
2016-01-12,0,0,0,3,9,0,-13,0,0,-26,-19,0
2016-01-13,0,0,0,3,9,0,-13,0,0,-26,-18,0
2016-01-14,0,0,0,3,9,0,-13,0,0,-25,-18,0
2016-01-15,0,0,0,3,9,0,-13,0,0,-25,-18,0
2016-01-18,0,0,-7,3,9,0,0,0,0,-25,-18,0
2016-01-19,0,0,-7,3,9,0,-12,0,0,-25,0,0
2016-01-20,0,0,-7,3,9,0,-12,0,0,-25,0,0
2016-01-21,0,0,-7,3,9,0,0,0,0,-25,-18,0
2016-01-22,0,0,0,3,9,0,-12,0,0,-25,-18,0
2016-01-25,0,0,0,3,9,0,-12,0,0,-24,-18,0
2016-01-26,0,0,-7,3,9,0,0,0,0,-24,-18,0
2016-01-27,-7,0,-7,3,9,0,0,0,0,-24,0,0
2016-01-28,-7,0,-7,3,9,0,0,0,0,-24,0,0
2016-01-29,-7,0,-7,3,9,0,0,0,0,-24,0,0
2016-02-01,0,0,-7,3,9,0,0,0,0,-24,-18,0
2016-02-02,0,0,-7,3,9,0,0,0,0,-24,-18,0
2016-02-03,0,0,-7,3,9,0,0,0,0,-24,-18,0
2016-02-04,0,0,-7,3,9,0,0,0,0,-23,-17,0
2016-02-05,0,0,-7,3,9,0,0,0,0,-23,-17,0
2016-02-15,0,0,-7,3,9,0,0,0,0,-23,-17,0
2016-02-16,0,0,0,3,9,0,-12,0,0,-23,-17,0
2016-02-17,0,0,-7,3,9,0,-11,0,0,-23,0,0
2016-02-18,0,0,-7,3,9,0,-11,0,0,-23,0,0
2016-02-19,0,0,-7,3,9,0,-11,0,0,-23,0,0
2016-02-22,-6,0,0,3,9,-9,0,0,0,-22,0,0
2016-02-23,-6,0,-7,3,9,0,0,0,-13,0,0,0
2016-02-24,-6,0,-7,3,9,0,0,0,0,-22,0,0
2016-02-25,-6,0,0,3,9,0,0,-6,0,-22,0,0
2016-02-26,-6,0,0,3,9,0,0,-6,0,-22,0,0
2016-02-29,-6,0,0,3,9,0,0,-6,0,-22,0,0
2016-03-01,-6,0,-7,3,9,0,0,0,0,-22,0,0
2016-03-02,-6,0,-7,3,9,0,0,0,0,-21,0,0
2016-03-03,-6,0,-7,3,9,0,0,0,0,-21,0,0
2016-03-04,-6,0,-7,3,9,0,0,0,0,-21,0,0
2016-03-07,-6,0,-7,3,9,0,0,-6,0,0,0,0
2016-03-08,-6,0,-7,3,9,0,0,0,0,-21,0,0
2016-03-09,-6,12,-7,3,9,0,0,0,0,-21,0,0
2016-03-10,-6,12,7,0,0,0,-10,-6,13,0,0,0
2016-03-11,-6,0,7,3,0,0,-10,0,0,-20,0,0
2016-03-14,-6,12,7,3,0,0,0,0,0,-20,-15,0
2016-03-15,-6,12,0,3,0,0,-10,0,13,-20,0,0
2016-03-16,-5,12,0,3,0,0,0,-6,13,-20,0,0
2016-03-17,-5,12,0,3,9,-8,0,-6,0,0,0,0
2016-03-18,-5,0,-7,3,9,0,0,-6,0,0,0,0
2016-03-21,-5,0,-7,3,9,0,0,-6,0,0,0,0
2016-03-22,-5,0,0,3,9,-8,-10,0,0,0,0,0
2016-03-23,-5,0,0,3,9,0,-10,0,0,-19,0,0
2016-03-24,-5,0,0,3,9,0,-10,0,0,-19,0,0
2016-03-25,-5,0,6,3,9,-8,0,-5,0,0,0,0
2016-03-28,-5,0,6,3,9,0,0,-5,0,-19,0,0
2016-03-29,-5,0,0,0,9,8,-10,0,0,-19,0,0
2016-03-30,-5,0,0,0,9,8,-10,5,0,-19,0,0
2016-03-31,-5,0,0,0,9,8,-10,0,13,-19,0,0
2016-04-01,-5,0,0,0,0,8,-10,5,13,-19,0,0
2016-04-05,-5,0,0,0,0,8,-10,0,13,-19,0,0
2016-04-06,0,-12,0,-3,0,8,0,5,13,-19,0,0
2016-04-07,-5,0,0,0,0,8,-10,5,13,-18,0,0
2016-04-08,0,0,6,-3,0,8,-10,5,0,-18,0,0
2016-04-11,0,0,0,-3,0,8,-10,5,13,-19,0,0
2016-04-12,-5,0,6,-3,0,8,0,0,0,-19,15,0
2016-04-13,-5,0,0,-3,-9,8,0,0,13,0,15,0
2016-04-14,-5,11,0,-3,-9,8,0,0,0,0,15,0
2016-04-15,-5,11,0,-3,0,8,-10,0,13,0,0,0
2016-04-18,-5,11,6,-3,0,0,-10,0,13,0,0,0
2016-04-19,-5,11,0,-3,-9,8,0,0,13,0,0,0
2016-04-20,-6,11,0,-3,-9,8,0,0,0,0,15,0
2016-04-21,-6,11,0,-3,-9,8,0,0,13,0,0,0
2016-04-22,-6,11,0,-3,-9,8,0,0,13,0,0,0
2016-04-25,-6,11,0,-3,-9,8,0,0,13,0,0,0
2016-04-26,-6,11,6,-3,-9,0,0,0,13,0,0,0
2016-04-27,-6,11,6,-3,-8,0,0,0,13,0,0,0
2016-04-28,-6,11,6,0,-8,0,-11,0,13,0,0,0
2016-04-29,-6,11,6,0,-8,0,-12,0,13,0,0,0
2016-05-03,-7,11,0,0,-8,10,-12,0,13,0,0,0
2016-05-04,-7,11,7,0,0,0,-12,0,13,-25,0,0
2016-05-05,-7,12,7,0,0,0,-12,0,13,-25,0,0
2016-05-06,-7,12,7,0,0,0,-13,0,14,-26,0,0
2016-05-09,-7,12,7,0,0,0,-13,0,14,-27,0,0
2016-05-10,-7,12,0,3,0,0,-13,0,14,-27,0,0
2016-05-11,-7,12,7,3,0,0,-13,0,0,-28,0,0
2016-05-12,-7,12,7,3,0,0,-13,0,0,-28,0,0
2016-05-13,-8,12,0,3,0,0,-13,0,14,-28,0,0
2016-05-16,-8,12,0,3,0,0,-13,0,14,-28,0,0
2016-05-17,-8,12,7,3,0,0,-14,0,0,-29,0,0
2016-05-18,-8,12,0,3,0,0,0,0,14,-29,0,-8
2016-05-19,-8,12,0,3,0,0,0,0,14,-29,0,-8
2016-05-20,-8,12,7,3,0,0,0,0,0,-29,0,-8
2016-05-23,-8,12,0,3,0,0,0,0,14,-29,0,-8
2016-05-24,-8,12,7,3,0,0,0,0,0,-29,0,-8
2016-05-25,-8,12,7,3,0,0,0,0,0,-29,0,-9
2016-05-26,-8,12,0,3,8,0,-14,0,0,-30,0,0
2016-05-27,-8,12,0,3,8,0,0,0,0,-30,0,-9
2016-05-30,-8,12,0,3,8,0,0,0,-15,0,0,-9
2016-05-31,-8,12,0,3,8,0,0,0,0,-31,0,-9
2016-06-01,-8,12,0,3,8,0,0,0,0,-31,0,-9
2016-06-02,-8,12,0,3,8,0,0,0,0,-31,0,-9
2016-06-03,-9,12,0,3,8,0,-15,0,0,0,0,-9
2016-06-06,-9,12,0,3,8,0,0,0,0,-32,0,-9
2016-06-07,-9,12,0,3,8,0,0,0,-15,0,0,-9
2016-06-08,-9,12,-7,3,8,0,0,0,0,0,0,-9
2016-06-13,-9,12,0,3,8,0,0,0,0,-33,0,-9
2016-06-14,-9,12,0,3,8,0,0,0,-15,0,0,-9
2016-06-15,-9,12,0,3,8,0,0,0,0,-34,0,-9
2016-06-16,-9,12,0,3,8,0,0,0,0,-34,0,-9
2016-06-17,-9,12,0,3,8,0,0,0,0,-35,0,-9
2016-06-20,-10,12,0,3,8,0,0,0,0,-35,0,-9
2016-06-21,-10,12,0,3,8,0,0,0,0,-36,0,-9
2016-06-22,-10,12,0,3,8,0,0,0,0,0,-24,-9
2016-06-23,-10,12,0,3,8,0,0,0,0,0,-24,-9
2016-06-24,-10,12,0,3,8,0,0,0,0,0,-24,-8
2016-06-27,-10,12,0,3,8,0,0,0,0,0,-24,-8
2016-06-28,-10,12,0,3,8,0,0,0,-15,0,0,-8
2016-06-29,-11,12,-8,3,8,0,0,0,0,0,-24,0
2016-06-30,-11,12,0,3,8,0,0,0,0,0,-24,-8
2016-07-01,-11,12,0,3,8,0,0,0,-15,0,0,-8
2016-07-04,-11,12,0,3,8,0,0,0,-15,0,-24,0
2016-07-05,-11,12,0,3,8,0,0,0,-15,0,-24,0
2016-07-06,-11,12,-8,3,8,0,0,0,-15,0,0,0
2016-07-07,-11,12,0,3,8,0,0,0,-15,0,-23,0
2016-07-08,-12,12,0,3,8,0,-24,0,-15,0,0,0
2016-07-11,-12,0,-8,3,0,13,0,9,-15,0,0,0
2016-07-12,-12,12,0,3,0,0,0,0,-15,0,-23,8
2016-07-13,-12,12,-8,3,0,0,0,9,-15,0,0,0
2016-07-14,-12,12,-8,3,0,0,0,9,-15,0,0,0
2016-07-15,-12,12,-8,3,8,0,0,0,-15,0,0,0
2016-07-18,-13,12,-8,3,8,0,0,0,-15,0,0,0
2016-07-19,-13,12,0,3,8,0,0,0,0,0,-23,-8
2016-07-20,-13,12,0,3,8,0,0,0,0,0,-23,-8
2016-07-21,-13,12,0,3,8,0,0,0,-15,0,-23,0
2016-07-22,-14,12,-8,3,8,0,0,0,-15,0,0,0
2016-07-25,-14,12,-8,0,8,0,32,0,0,0,-22,0
2016-07-26,-14,12,-8,0,0,15,0,9,-15,0,0,0
2016-07-27,-14,12,-8,0,8,15,0,0,-15,0,0,0
2016-07-28,-14,12,-8,0,8,15,0,0,-15,0,0,0
2016-07-29,0,12,-8,3,0,0,0,-10,-15,43,0,0
2016-08-01,0,13,-8,3,0,15,0,0,-15,0,-23,0
2016-08-02,15,13,-8,0,0,0,-36,0,-15,0,0,9
2016-08-03,0,13,-8,0,0,16,0,0,-15,0,-23,9
2016-08-04,0,13,-8,0,0,16,0,0,-15,0,-23,9
2016-08-05,-16,13,-8,0,8,0,0,0,0,0,-23,9
2016-08-08,0,13,-8,0,8,0,0,0,-16,-47,0,9
2016-08-09,0,13,-8,0,-8,17,0,0,-16,0,0,9
2016-08-10,0,13,-8,0,0,17,-41,0,-16,0,0,9
2016-08-11,0,13,0,-3,0,17,-42,11,-16,0,0,0
2016-08-12,0,13,8,-3,0,0,-43,11,-16,0,0,0
2016-08-15,-20,14,8,-3,0,0,-44,11,0,0,0,0
2016-08-16,-20,0,8,0,-9,0,-45,11,0,0,0,9
2016-08-17,0,0,9,0,-9,18,-45,11,0,0,0,-9
2016-08-18,-21,14,9,0,-9,0,-46,12,0,0,0,0
2016-08-19,-21,0,9,0,-9,0,-46,12,0,0,25,0
2016-08-22,-22,14,0,0,-9,0,-47,12,0,0,25,0
2016-08-23,0,14,0,-3,0,0,-47,12,-17,0,25,0
2016-08-24,0,14,0,-3,0,0,-48,12,0,-56,25,0
2016-08-25,-23,15,0,0,0,0,-49,13,0,-57,26,0
2016-08-26,0,0,0,0,9,0,-49,13,-17,-58,26,0
2016-08-29,-24,0,0,0,9,0,-50,13,0,-58,26,0
2016-08-30,-25,0,0,0,9,0,-51,13,0,-59,26,0
2016-08-31,-25,0,10,3,0,0,-51,13,0,-60,0,0
2016-09-01,-25,0,0,3,9,0,-52,13,0,-60,0,0
2016-09-02,-26,0,0,3,9,0,-52,14,0,-61,0,0
2016-09-05,-26,0,0,3,9,0,-53,14,0,-61,0,0
2016-09-06,0,0,0,3,9,0,-53,14,0,-61,0,-9
2016-09-07,-28,15,0,3,9,0,-53,0,0,-62,0,0
2016-09-08,-28,16,0,3,9,0,-54,0,0,-62,0,0
2016-09-09,-29,16,0,3,9,0,-54,0,0,-63,0,0
2016-09-12,-29,0,0,3,9,0,-54,14,0,-63,0,0
2016-09-13,-30,0,0,3,9,0,-54,15,0,-63,0,0
2016-09-14,-30,0,0,3,8,0,-54,15,0,-63,0,0
2016-09-19,-31,0,0,3,8,0,-55,15,0,-64,0,0
2016-09-20,-31,0,0,3,8,0,-55,15,0,-64,0,0
2016-09-21,-32,0,0,3,8,0,-55,15,0,-64,0,0
2016-09-22,-32,16,0,3,8,0,-55,0,0,-64,0,0
2016-09-23,-33,0,0,3,8,0,-55,15,0,-65,0,0
2016-09-26,-33,0,0,3,8,0,-55,15,0,-65,0,0
2016-09-27,-34,0,0,3,8,0,-55,0,0,-66,28,0
2016-09-28,-35,0,0,3,8,0,-55,0,0,-66,28,0
2016-09-29,0,0,0,3,8,-23,-56,0,0,-67,28,0
2016-09-30,0,0,0,3,8,-24,-56,0,0,-68,28,0
2016-10-10,0,0,0,3,8,-24,-56,0,0,-68,28,0
2016-10-11,0,0,0,3,8,-24,-57,0,0,-69,28,0
2016-10-12,0,0,0,3,8,-24,-56,0,0,-69,28,0
2016-10-13,0,0,0,3,8,-24,-56,0,0,-70,28,0
2016-10-14,0,0,0,3,8,-24,-55,0,0,-71,28,0
2016-10-17,0,0,0,3,8,-25,-55,0,0,-71,28,0
2016-10-18,0,0,0,3,8,-25,-55,0,0,-72,28,0
2016-10-19,0,19,0,3,8,-25,-54,0,0,-73,0,0
2016-10-20,0,19,0,3,8,-25,-54,0,0,-74,0,0
2016-10-21,-48,19,0,3,8,-26,0,0,0,-75,0,0
2016-10-24,-49,19,0,3,7,-26,0,0,0,-76,0,0
2016-10-25,0,20,0,3,7,-26,-54,0,0,-77,0,0
2016-10-26,0,20,0,3,7,0,-54,0,-24,-78,0,0
2016-10-27,0,20,-13,3,7,0,-54,0,0,-79,0,0
2016-10-28,0,21,0,3,7,-27,-54,0,0,-81,0,0
2016-10-31,0,0,0,3,7,-27,-54,0,0,-82,0,9
2016-11-01,0,0,0,3,7,-27,-54,-19,0,0,0,9
2016-11-02,0,0,-14,3,7,0,-53,0,-26,0,0,9
2016-11-03,-63,0,0,3,7,-28,0,0,0,-87,0,9
2016-11-04,0,0,0,3,7,-28,0,0,-27,-88,0,9
2016-11-07,0,0,-14,0,7,0,0,0,-28,-90,28,9
2016-11-08,0,0,-15,0,7,0,0,0,-28,-92,28,9
2016-11-09,0,24,-15,0,7,-29,0,0,0,-94,0,9
2016-11-10,0,24,-15,0,7,-30,0,0,-29,0,0,9
2016-11-11,-82,25,-15,0,7,0,0,0,0,-98,0,10
2016-11-14,-85,0,-15,0,7,0,0,0,0,-100,28,10
2016-11-15,-85,0,-15,-3,7,0,0,0,0,101,0,10
2016-11-16,-87,0,0,3,7,0,0,-23,0,-104,0,10
2016-11-17,-89,0,0,3,7,0,-57,0,0,-105,0,10
2016-11-18,-89,0,0,3,7,0,-57,0,0,-107,0,10
2016-11-21,-89,0,0,3,7,0,-57,0,0,-108,0,10
2016-11-22,-89,0,0,3,7,0,-57,0,0,-109,0,11
2016-11-23,-89,0,0,3,7,-34,0,0,0,-110,0,11
2016-11-24,-88,0,-16,3,7,0,0,0,0,-111,0,11
2016-11-25,-87,0,-16,3,7,0,0,0,0,-112,0,11
2016-11-28,-87,0,0,3,7,0,0,0,-35,-113,0,11
2016-11-29,-86,0,0,0,7,0,0,0,-35,-114,29,11
2016-11-30,-86,0,0,3,7,-38,0,0,0,-114,0,11
2016-12-01,-85,0,16,3,7,-39,0,0,0,-114,0,0
2016-12-02,-85,0,0,3,7,0,0,0,-35,-115,0,12
2016-12-05,-84,0,16,3,7,0,-58,0,0,-115,0,0
2016-12-06,-83,0,0,3,7,-41,0,0,0,-115,0,12
2016-12-07,-82,0,0,3,7,0,0,-28,0,-114,0,12
2016-12-08,-80,0,0,3,7,0,0,-28,0,-114,0,12
2016-12-09,-79,0,0,3,7,-41,0,0,0,-114,0,12
2016-12-12,-78,0,0,3,7,0,0,-28,0,-113,0,12
2016-12-13,-77,0,0,3,7,0,0,-28,0,-112,0,12
2016-12-14,-75,0,0,3,7,-41,0,0,0,-110,0,12
2016-12-15,-73,0,0,3,7,0,0,-28,0,-108,0,12
2016-12-16,-72,0,0,3,7,0,0,-27,0,-106,0,12
2016-12-19,-70,0,0,3,7,-41,0,0,0,-105,0,12
2016-12-20,-69,0,0,3,7,-41,0,0,0,-103,0,12
2016-12-21,-67,0,0,3,7,-41,0,0,0,-102,0,12
2016-12-22,0,0,0,3,7,-41,0,0,0,-101,-31,12
2016-12-23,0,0,0,3,7,-41,0,0,0,-101,-31,12
2016-12-26,0,0,0,3,7,-41,0,0,0,-100,-31,12
2016-12-27,0,0,0,3,7,-41,0,0,0,-99,-31,12
2016-12-28,0,0,0,3,7,-41,0,-27,0,-99,0,12
2016-12-29,-60,0,0,3,7,-40,0,0,0,-98,0,13
2016-12-30,-59,0,0,3,7,-40,0,0,0,-97,0,13
2017-01-03,-57,0,0,3,7,0,0,0,0,-95,-31,13
2017-01-04,-56,0,0,3,7,-40,0,0,0,-94,0,13
2017-01-05,-55,0,0,3,7,-40,0,0,0,-93,0,13
2017-01-06,0,0,0,3,7,-40,0,-27,0,-93,0,13
2017-01-09,-53,0,0,3,7,0,0,0,0,-92,-31,13
2017-01-10,-52,0,0,3,7,0,0,0,0,-92,-31,13
2017-01-11,0,0,0,3,7,0,0,0,-32,-92,-31,13
2017-01-12,0,0,0,3,7,0,0,0,-32,-92,-31,13
2017-01-13,0,0,0,3,7,0,0,-28,0,-92,-31,13
2017-01-16,0,0,0,3,7,-41,0,0,0,-91,-32,13
2017-01-17,0,0,0,3,7,0,0,-28,-31,0,-32,13
2017-01-18,0,0,0,3,7,0,0,0,-31,-91,-32,13
2017-01-19,0,0,0,3,7,-40,0,0,0,-90,-32,13
2017-01-20,0,0,0,3,7,-40,0,0,0,-90,-32,13
2017-01-23,0,0,0,3,7,-40,0,-28,0,0,-32,13
2017-01-24,0,0,0,3,7,0,0,-28,0,-89,-32,13
2017-01-25,0,0,0,3,7,0,0,-28,0,-88,-32,13
2017-01-26,0,0,0,3,7,0,0,-28,0,-88,-32,13
2017-02-03,0,0,0,3,7,0,0,-28,-30,0,-32,13
2017-02-06,-44,25,0,3,7,0,0,0,0,-86,-32,0
2017-02-07,0,25,0,3,7,-38,0,0,0,-85,-32,0
2017-02-08,0,25,0,3,7,-38,0,-27,0,0,-32,0
2017-02-09,-42,25,0,3,7,0,0,0,0,-82,-32,0
2017-02-10,-42,25,0,3,7,0,0,-27,0,0,-32,0
2017-02-13,-41,0,-14,3,7,0,0,0,0,0,-31,13
2017-02-14,-41,0,-14,3,7,0,0,-27,0,0,0,13
2017-02-15,-40,0,-13,3,7,0,0,-27,0,0,0,13
2017-02-16,-39,0,-13,3,7,0,0,0,0,0,-31,13
2017-02-17,-39,25,0,3,0,0,0,0,0,-75,-31,14
2017-02-20,-38,0,-13,3,7,0,0,0,0,-75,0,14
2017-02-21,-38,0,-13,3,0,0,32,0,0,-74,0,14
2017-02-22,-38,0,-13,3,0,0,32,0,0,-74,0,14
2017-02-23,-37,24,-12,3,0,0,0,-27,0,0,0,14
2017-02-24,-37,24,-12,3,0,0,32,-27,0,0,0,0
2017-02-27,-36,24,0,3,0,0,0,-27,0,-72,0,14
2017-02-28,-36,0,0,3,7,0,0,-27,0,-72,0,14
2017-03-01,-36,24,0,3,7,0,0,0,0,-71,-31,0
2017-03-02,-35,24,0,0,0,0,31,-27,27,-71,0,0
2017-03-03,-35,24,0,0,0,0,31,-27,0,0,-31,14
2017-03-06,-34,24,0,0,0,0,30,-27,0,0,-31,14
2017-03-07,0,24,0,0,0,0,30,-27,26,-70,-31,0
2017-03-08,-34,24,0,0,0,0,0,0,26,-69,-31,14
2017-03-09,-33,24,0,0,0,0,30,-27,26,0,-31,0
2017-03-10,0,24,0,0,0,-34,0,-27,26,0,-31,14
2017-03-13,0,24,0,0,0,-34,0,-27,26,0,-31,14
2017-03-14,0,24,-11,0,0,0,30,-27,0,0,-31,14
2017-03-15,33,0,-11,0,0,0,30,-27,0,0,-31,14
2017-03-16,0,0,-11,0,7,0,30,-27,0,0,-31,14
2017-03-17,0,0,-11,0,0,0,30,-27,25,0,-31,14
2017-03-20,0,0,-11,0,7,0,30,-27,0,0,-31,14
2017-03-21,0,0,-11,0,0,0,29,-27,25,0,-31,14
2017-03-22,0,0,-10,0,0,0,29,-27,25,0,-31,14
2017-03-23,0,0,10,0,0,0,0,-27,24,-69,-31,14
2017-03-24,0,0,10,0,0,-34,0,-27,24,-69,0,14
2017-03-27,0,0,10,0,0,0,0,-27,24,-69,-31,14
2017-03-28,0,0,10,0,0,-34,0,-27,24,-69,0,14
2017-03-29,-32,24,10,0,0,0,0,-27,24,-69,0,0
2017-03-30,0,0,10,0,0,-34,0,-27,24,-69,0,14
2017-03-31,-32,24,10,0,0,0,0,-27,24,-69,0,0
2017-04-05,-32,0,10,3,0,-34,0,-27,24,0,0,0
2017-04-06,-32,24,10,0,0,-34,0,-27,24,0,0,0
2017-04-07,-32,24,10,0,0,-34,0,-27,24,0,0,0
2017-04-10,-32,0,10,3,0,0,0,-27,24,-69,0,0
2017-04-11,-31,0,10,0,7,0,0,-27,24,-69,0,0
2017-04-12,0,0,0,3,7,-34,0,-27,24,-69,0,0
2017-04-13,0,0,0,3,7,-34,0,-27,24,-69,0,0
2017-04-14,0,0,0,3,7,-34,0,-27,24,-69,0,0
2017-04-17,0,-23,0,3,7,0,0,-27,24,-69,0,0
2017-04-18,0,0,0,3,7,-35,0,-28,24,-69,0,0
2017-04-19,0,0,0,3,7,-35,0,-28,24,-69,0,0
2017-04-20,0,0,0,3,7,0,0,-28,0,-68,-32,14
2017-04-21,0,0,-10,3,7,0,0,0,0,-68,-32,14
2017-04-24,0,0,-10,3,7,0,0,0,0,-68,-32,14
2017-04-25,0,0,-10,3,7,0,0,0,0,-68,-32,14
2017-04-26,0,0,0,3,7,-35,0,-28,0,-68,0,14
2017-04-27,0,0,-10,3,7,0,0,-28,0,-68,0,14
2017-04-28,0,0,-10,3,7,0,0,0,0,-68,-32,14
2017-05-02,0,0,-10,3,7,0,0,0,0,-68,-32,14
2017-05-03,0,0,-10,3,7,0,0,0,0,-68,-33,14
2017-05-04,-30,0,0,3,7,0,0,0,0,-68,-33,14
2017-05-05,0,0,0,3,7,-35,0,-28,0,-67,0,14
2017-05-08,0,0,0,3,7,-35,0,-28,0,-67,0,14
2017-05-09,0,0,0,3,7,-35,0,0,0,-67,-33,14
2017-05-10,0,0,0,3,7,0,0,-28,0,-67,-33,14
2017-05-11,0,0,-10,3,7,0,0,0,0,-67,-33,14
2017-05-12,0,0,0,3,7,-35,0,0,0,-66,-33,15
2017-05-15,0,0,0,3,7,-35,0,0,23,-66,-33,0
2017-05-16,0,0,0,3,7,-35,0,0,23,-66,-33,0
2017-05-17,0,0,0,3,7,-35,0,0,23,-66,-33,0
2017-05-18,0,0,-10,3,7,0,0,0,23,-65,-33,0
2017-05-19,0,0,-10,3,7,0,0,0,23,-65,-33,0
2017-05-22,0,0,0,3,7,0,0,-29,23,-65,-33,0
2017-05-23,-29,0,-10,3,7,0,0,0,23,0,-33,0
2017-05-24,-28,0,0,3,7,0,0,0,23,-65,-33,0
2017-05-25,-28,0,0,3,7,0,0,-29,23,-65,0,0
2017-05-26,-28,0,0,3,7,0,-28,0,23,-65,0,0
2017-05-31,-28,0,0,3,7,0,0,-30,23,0,-33,0
2017-06-01,0,0,0,3,7,0,0,-30,23,-64,-32,0
2017-06-02,0,0,0,3,7,-37,0,-30,23,0,-32,0
2017-06-05,0,0,0,3,7,0,0,-30,23,-64,-32,0
2017-06-06,0,0,-10,3,7,0,0,0,23,-63,-32,0
2017-06-07,0,0,0,3,7,0,-28,-30,23,-63,0,0
2017-06-08,0,0,0,3,7,0,0,-30,23,-63,-32,0
2017-06-09,0,0,0,3,7,0,0,-30,23,-62,-32,0
2017-06-12,0,0,0,3,7,0,0,-30,23,-62,-32,0
2017-06-13,0,0,0,3,7,0,0,-30,23,-62,-32,0
2017-06-14,-27,0,0,3,7,0,0,0,23,-61,-32,0
2017-06-15,-26,0,0,3,7,0,0,0,23,-61,-32,0
2017-06-16,-26,0,0,3,7,0,0,0,23,-60,-32,0
2017-06-19,-26,0,0,3,6,0,0,-29,23,-60,0,0
2017-06-20,-26,0,0,3,6,0,0,-29,23,-59,0,0
2017-06-21,-26,0,-9,3,6,0,0,0,23,-59,0,0
2017-06-22,0,0,0,3,6,0,0,-29,23,-58,-31,0
2017-06-23,0,0,0,3,6,0,0,-29,23,-58,-31,0
2017-06-26,0,0,0,3,6,0,0,-28,23,-57,-31,0
2017-06-27,-25,0,0,3,6,0,0,-28,23,0,-31,0
2017-06-28,-25,0,-9,3,6,0,0,0,23,0,-31,0
2017-06-29,-24,0,-9,3,6,0,0,0,22,0,-30,0
2017-06-30,-24,23,-9,3,0,0,0,0,22,0,-30,0
2017-07-03,-24,23,-9,0,6,0,0,0,22,0,-30,0
2017-07-04,-24,23,-9,3,0,0,0,0,22,0,-30,0
2017-07-05,-24,23,0,0,6,0,0,0,22,-54,-30,0
2017-07-06,-24,23,0,0,6,0,0,0,22,-54,-29,0
2017-07-07,-24,22,0,0,6,0,0,-26,22,0,-29,0
2017-07-10,-23,22,0,0,6,0,0,-26,21,0,-29,0
2017-07-11,-23,22,-9,0,6,0,0,0,21,0,-29,0
2017-07-12,-23,22,-8,0,6,0,0,0,21,-53,0,0
2017-07-13,-23,22,-8,0,0,0,0,0,21,-53,0,15
2017-07-14,-23,22,0,0,0,-30,0,-25,21,0,0,15
2017-07-17,-23,22,0,0,6,0,0,-25,20,-52,0,0
2017-07-18,-22,22,-8,0,0,0,0,-25,20,0,0,15
2017-07-19,0,21,-8,0,0,-30,0,-25,20,0,0,15
2017-07-20,0,21,-8,-3,0,0,0,0,20,0,-28,15
2017-07-21,0,21,0,0,0,-29,0,-24,20,0,-27,15
2017-07-24,0,21,0,0,-6,0,0,-24,20,0,-27,15
2017-07-25,0,21,0,0,0,-29,0,-24,20,0,-27,15
2017-07-26,0,21,-8,0,0,-29,0,-24,19,0,0,15
2017-07-27,0,21,-8,0,-6,-29,0,0,19,0,0,15
2017-07-28,0,21,0,0,-6,-29,0,0,19,0,-27,15
2017-07-31,0,21,-8,0,-6,-29,0,0,19,0,0,15
2017-08-01,21,21,-8,-3,-6,0,0,0,0,0,0,15
2017-08-02,0,21,-8,-3,0,-29,0,0,19,0,0,15
2017-08-03,0,20,0,-3,-6,0,0,0,19,0,-26,15
2017-08-04,0,20,0,-3,7,-29,0,0,0,0,-26,15
2017-08-07,0,0,8,0,7,-29,0,-23,0,0,-26,16
2017-08-08,21,0,0,-3,7,0,-26,0,-18,0,0,16
2017-08-09,0,0,8,-3,0,-29,-26,0,18,0,0,16
2017-08-10,0,0,8,-3,0,0,-26,-23,18,0,0,16
2017-08-11,0,20,8,-3,0,0,-26,-23,0,0,0,16
2017-08-14,21,0,8,-3,0,0,-26,-23,18,0,0,0
2017-08-15,0,20,8,0,0,-29,-26,-23,18,0,0,0
2017-08-16,0,20,8,-3,0,0,-26,-23,18,0,0,0
2017-08-17,0,20,8,0,0,-29,-27,-23,18,0,0,0
2017-08-18,0,20,8,0,-7,0,-27,-23,18,0,0,0
2017-08-21,0,20,0,0,-7,0,-27,-24,18,0,0,17
2017-08-22,22,20,0,-3,-7,0,-27,0,0,0,0,17
2017-08-23,0,20,0,0,-7,-30,0,-24,18,0,0,17
2017-08-24,0,20,8,0,-7,0,-28,-24,18,0,0,0
2017-08-25,0,20,8,-3,-7,-30,0,0,18,0,0,0
2017-08-28,0,20,8,-3,-7,0,-29,0,18,0,0,0
2017-08-29,0,20,8,-3,-7,0,-30,0,18,0,0,0
2017-08-30,0,20,9,-3,0,0,-30,-25,18,0,0,0
2017-08-31,0,20,9,0,0,-31,-30,-25,18,0,0,0
2017-09-01,24,0,9,0,-8,-31,0,-25,19,0,0,0
2017-09-04,24,0,9,3,-8,-32,0,-25,0,0,0,0
2017-09-05,25,0,9,3,0,-32,-31,-25,0,0,0,0
2017-09-06,0,20,9,0,0,-31,0,-25,19,0,-27,0
2017-09-07,0,20,9,0,0,-31,-31,-25,19,0,0,0
2017-09-08,25,0,9,-3,0,-31,0,-25,19,0,0,0
2017-09-11,25,0,9,-3,0,0,0,-25,19,0,0,-18
2017-09-12,25,0,9,-3,0,-31,0,0,19,0,0,-18
2017-09-13,26,0,9,-3,0,-31,0,-26,19,0,0,0
2017-09-14,26,0,9,-3,0,-32,0,-26,19,0,0,0
2017-09-15,0,20,9,0,0,-32,0,-26,19,-58,0,0
2017-09-18,-27,0,9,0,8,-32,0,-26,19,0,0,0
2017-09-19,-27,0,10,3,8,-32,0,-26,0,0,0,0
2017-09-20,0,0,10,3,8,-32,0,-27,0,-59,0,0
2017-09-21,-27,0,10,3,8,-32,0,-27,0,0,0,0
2017-09-22,-27,0,10,3,8,-32,0,0,0,-59,0,0
2017-09-25,-27,0,10,3,8,-32,0,-27,0,0,0,0
2017-09-26,-28,0,10,3,8,-32,0,-27,0,0,0,0
2017-09-27,-28,0,0,3,8,-32,0,-27,0,0,0,17
2017-09-28,-28,0,0,3,8,-32,0,-27,0,0,0,17
2017-09-29,-28,0,0,3,8,-32,0,-27,0,0,0,17
2017-10-09,0,0,0,3,8,-32,-34,-27,0,0,0,17
2017-10-10,0,0,0,3,8,-32,-34,-27,0,0,0,17
2017-10-11,0,0,0,3,8,-32,0,-27,0,-58,0,17
2017-10-12,0,0,0,3,8,-32,0,-27,0,-58,0,17
2017-10-13,0,0,0,3,8,-31,0,-27,0,-59,0,17
2017-10-16,0,0,0,3,8,-31,0,-27,0,-59,0,17
2017-10-17,0,0,0,3,8,-31,0,-27,0,-59,0,17
2017-10-18,0,0,0,3,8,-31,0,-27,0,-59,0,17
2017-10-19,0,0,0,3,8,-31,0,-27,0,-59,0,16
2017-10-20,0,0,0,3,8,-31,0,-27,0,-59,0,17
2017-10-23,0,0,0,3,8,-31,-34,-27,0,0,0,17
2017-10-24,0,0,0,3,8,-31,0,-27,0,-59,0,16
2017-10-25,0,0,0,3,8,-31,0,-27,0,-59,0,16
2017-10-26,-36,0,0,3,8,-31,0,-27,0,0,0,17
2017-10-27,-36,0,0,3,8,-31,0,-27,0,0,0,17
2017-10-30,-37,0,0,3,8,-31,0,-26,0,0,0,17
2017-10-31,-38,0,0,3,8,0,0,-26,0,0,-26,17
2017-11-01,-40,0,0,3,8,-31,0,-26,0,0,0,17
2017-11-02,-41,0,0,3,8,-31,0,-26,0,0,0,17
2017-11-03,-42,0,0,3,8,-31,0,-26,0,0,0,17
2017-11-06,-44,0,0,3,8,-31,0,-26,0,0,0,17
2017-11-07,0,0,0,3,8,-31,0,-26,0,-61,0,17
2017-11-08,-45,0,0,0,8,-31,0,-26,23,0,0,17
2017-11-09,-46,20,0,0,8,-31,0,-26,23,0,0,0
2017-11-10,-46,20,0,0,8,-31,0,-26,23,0,0,0
2017-11-13,-47,0,0,0,9,0,0,-26,23,0,-28,17
2017-11-14,0,0,0,0,9,-31,0,-26,23,-61,0,17
2017-11-15,0,20,0,0,9,-31,0,-26,23,-61,0,0
2017-11-16,0,20,0,0,9,-31,0,-26,23,-60,0,0
2017-11-17,0,0,0,0,9,-31,0,-25,23,-60,0,16
2017-11-20,0,20,0,0,9,-31,0,-25,23,0,-29,0
2017-11-21,0,20,0,-3,9,-31,0,-25,23,0,0,0
2017-11-22,-48,0,0,-3,9,0,0,-25,23,0,0,16
2017-11-23,-48,19,0,-3,0,0,0,0,22,0,-29,16
2017-11-24,-48,19,-8,-3,0,0,33,0,22,0,0,0
2017-11-27,-48,19,-8,-3,0,0,32,0,22,0,0,0
2017-11-28,-48,19,-8,-3,0,0,32,0,22,0,0,0
2017-11-29,-48,19,-8,-3,0,0,32,0,22,0,0,0
2017-11-30,-48,19,0,-3,0,0,32,0,22,0,-29,0
2017-12-01,-49,19,-9,-3,0,0,32,0,22,0,0,0
2017-12-04,-49,19,0,-3,0,0,32,0,22,0,-29,0
2017-12-05,0,19,-9,-3,0,0,32,0,22,0,-29,0
2017-12-06,0,19,-9,-3,0,0,32,0,22,0,-29,0
2017-12-07,-49,19,0,-3,0,0,32,0,22,0,-30,0
2017-12-08,-49,19,0,-3,0,0,32,0,22,0,-30,0
2017-12-11,0,19,0,-3,10,0,0,-26,22,0,-30,0
2017-12-12,0,19,0,0,0,0,32,-26,22,0,-30,-15
2017-12-13,0,19,0,0,0,-33,32,-26,22,0,-30,0
2017-12-14,0,20,-9,0,0,0,32,-27,22,0,-30,0
2017-12-15,0,0,0,0,10,0,32,-27,22,0,-30,-15
2017-12-18,0,0,-9,0,10,0,32,0,22,0,-30,-15
2017-12-19,0,20,-9,0,0,0,32,-27,22,0,-30,0
2017-12-20,0,20,-9,0,0,0,32,-27,22,0,-30,0
2017-12-21,0,20,0,0,0,-33,32,-27,22,0,-30,0
2017-12-22,0,20,-9,0,0,-33,32,-27,22,0,0,0
2017-12-25,0,0,-9,3,0,0,32,-27,22,0,-30,0
2017-12-26,0,0,0,0,10,-34,32,-27,22,0,-30,0
2017-12-27,0,0,0,3,0,-34,31,-26,22,0,-30,0
2017-12-28,0,0,0,3,9,-34,31,-26,0,0,-30,0
2017-12-29,0,0,0,3,9,-33,31,-26,0,0,-30,0
2018-01-02,0,0,-9,3,9,0,0,-26,0,0,-30,15
2018-01-03,0,0,-9,3,9,-33,0,0,0,0,-30,15
2018-01-04,0,0,0,3,9,-33,31,-26,0,0,-30,0
2018-01-05,0,0,0,3,9,-33,31,-26,0,0,-30,0
2018-01-08,0,0,0,3,9,-33,31,-25,0,0,-30,0
2018-01-09,0,0,-9,3,9,-33,31,0,0,0,-30,0
2018-01-10,-50,0,-9,3,9,0,31,0,0,0,-30,0
2018-01-11,-50,0,0,3,9,-33,31,-25,0,0,0,0
2018-01-12,-50,0,0,3,9,-33,30,-25,0,0,0,0
2018-01-15,-50,0,0,3,9,-33,30,0,0,0,-30,0
2018-01-16,-49,0,0,3,9,-33,30,0,0,0,-30,0
2018-01-17,-49,0,0,3,9,-33,30,0,-22,0,0,0
2018-01-18,-49,0,0,3,9,-34,30,0,-22,0,0,0
2018-01-19,-49,0,0,3,9,-34,30,0,-22,0,0,0
2018-01-22,-49,0,0,3,9,0,30,0,-22,0,-29,0
2018-01-23,-48,0,0,3,9,-34,30,0,0,0,-29,0
2018-01-24,-48,0,0,3,9,-34,30,0,0,0,-29,0
2018-01-25,-48,0,0,3,9,-34,30,0,0,0,-29,0
2018-01-26,-48,0,0,0,9,-34,30,0,0,0,-29,16
2018-01-29,-47,0,0,3,9,-34,30,0,0,0,-29,0
2018-01-30,-47,0,0,0,9,-34,30,0,0,0,-29,16
2018-01-31,-46,0,0,0,9,-35,30,0,0,0,-29,16
2018-02-01,-47,0,0,0,9,-35,30,0,0,0,-29,16
2018-02-02,-47,0,0,0,9,-35,30,0,-22,0,0,16
2018-02-05,-46,0,0,0,9,0,30,0,-22,0,-29,16
2018-02-06,-46,0,0,0,9,-36,31,0,0,0,-29,16
2018-02-07,-46,0,0,-3,9,0,31,0,0,0,-29,16
2018-02-08,-46,0,0,-3,9,0,31,0,0,0,-29,16
2018-02-09,-47,0,0,-3,9,0,31,0,0,0,-29,16
2018-02-12,-47,0,0,0,9,0,31,-23,0,0,-29,16
2018-02-13,0,0,0,0,9,0,31,-23,-21,0,-29,16
2018-02-14,0,0,0,0,9,0,31,-23,-21,0,-29,16
2018-02-22,0,0,0,0,9,-36,31,-23,-21,0,0,16
2018-02-23,-48,0,0,0,9,-36,32,-23,0,0,0,16
2018-02-26,-49,0,-12,-3,9,0,32,0,0,0,0,16
2018-02-27,-49,0,0,-3,9,0,32,0,-21,0,0,16
2018-02-28,-49,0,0,-3,9,-36,32,0,0,0,0,17
2018-03-01,-50,18,0,0,9,-37,0,0,0,0,-30,17
2018-03-02,-50,18,0,0,9,-37,0,0,0,0,-30,17
2018-03-05,-50,19,0,0,9,-37,0,-23,0,0,0,17
2018-03-06,-50,0,13,0,9,-37,0,-23,0,0,0,17
2018-03-07,-50,0,13,0,9,-37,0,-23,0,0,0,17
2018-03-08,0,19,0,0,9,-37,0,-23,0,0,-30,17
2018-03-09,-50,19,14,0,9,-37,0,-24,0,0,0,0
2018-03-12,0,0,15,3,9,-37,0,-24,0,0,-30,0
2018-03-13,-50,0,15,3,9,-37,0,-24,0,0,0,0
2018-03-14,0,19,0,3,9,-37,0,-24,0,0,-30,0
2018-03-15,0,0,0,3,9,-37,0,-24,0,0,-30,17
2018-03-16,0,0,0,3,9,-37,33,-24,0,0,-30,0
2018-03-19,0,0,0,3,9,-37,33,-24,0,0,-30,0
2018-03-20,0,0,17,3,9,-37,0,-24,0,0,-30,0
2018-03-21,-50,0,0,3,9,-37,0,-24,0,0,0,17
2018-03-22,-50,0,0,3,9,-37,0,-24,0,0,0,17
2018-03-23,-50,0,0,3,9,0,0,-24,0,0,-30,17
2018-03-26,-50,19,0,3,9,-37,0,0,0,0,-30,0
2018-03-27,-50,19,0,3,9,0,0,-24,0,0,-30,0
2018-03-28,-49,0,0,3,9,-37,33,-24,0,0,0,0
2018-03-29,-49,0,0,3,9,-37,0,-24,22,0,0,0
2018-03-30,-49,0,0,3,9,-37,0,-24,22,0,0,0
2018-04-02,-49,0,0,3,9,-37,33,0,0,0,-30,0
2018-04-03,-49,0,0,3,9,0,0,-24,22,0,-30,0
2018-04-04,0,19,0,0,9,-37,0,-24,22,0,-30,0
2018-04-09,-48,0,0,3,9,0,0,-24,22,0,-30,0
2018-04-10,0,20,0,0,9,-37,0,-24,22,0,-30,0
2018-04-11,0,20,-17,0,9,0,0,-24,23,0,-30,0
2018-04-12,-47,20,-17,3,9,0,0,-24,0,0,0,0
2018-04-13,-47,20,0,3,9,0,0,-24,0,0,-31,0
2018-04-16,-47,20,0,3,9,0,0,-24,0,0,-31,0
2018-04-17,-47,20,0,0,9,0,0,-24,23,0,0,-16
2018-04-18,-46,20,0,0,9,0,33,-24,0,0,0,-17
2018-04-19,-46,21,-17,0,9,0,33,0,0,0,0,-17
2018-04-20,0,21,-17,0,9,0,33,0,0,0,-32,-17
2018-04-23,0,21,-17,0,9,0,33,0,0,0,-32,-17
2018-04-24,0,21,-16,0,9,0,33,0,0,0,-32,-17
2018-04-25,0,21,-16,0,9,0,33,0,0,0,-32,-17
2018-04-26,0,21,0,0,9,0,33,-25,0,0,-32,-17
2018-04-27,0,21,0,0,9,0,33,-25,0,0,-32,-17
2018-05-02,0,21,0,0,9,0,33,-25,0,0,-32,-17
2018-05-03,0,21,-16,-3,9,0,33,-25,0,0,0,0
2018-05-04,-43,21,-16,0,9,0,33,-25,0,0,0,0
2018-05-07,-42,22,0,0,9,0,33,-25,0,0,0,-17
2018-05-08,-42,22,0,-3,8,0,33,0,0,0,0,-17
2018-05-09,0,22,-16,-3,8,0,33,0,0,0,0,-18
2018-05-10,-41,22,0,0,8,0,34,-25,0,0,0,-18
2018-05-11,0,22,0,0,8,0,34,-25,0,-51,0,-18
2018-05-14,0,23,-15,-3,8,0,34,0,0,0,0,-18
2018-05-15,0,23,-15,-3,8,0,34,0,0,0,0,-18
2018-05-16,0,23,-15,-3,8,0,34,0,0,0,0,-18
2018-05-17,0,23,0,-3,8,0,34,-25,0,0,0,-18
2018-05-18,0,23,-15,-3,8,0,34,0,0,0,0,-18
2018-05-21,-36,23,0,0,8,0,34,-25,0,0,0,-18
2018-05-22,-35,23,0,0,8,0,34,-25,0,-49,0,0
2018-05-23,-34,24,0,0,8,0,34,-25,0,-48,0,0
2018-05-24,-33,24,0,0,8,0,34,-25,0,-48,0,0
2018-05-25,-32,24,-15,0,8,0,34,-25,0,0,0,0
2018-05-28,-32,24,-14,0,8,0,33,0,0,-47,0,0
2018-05-29,-31,24,-14,0,8,0,33,-25,0,0,0,0
2018-05-30,0,24,-14,0,8,0,33,-25,0,-47,0,0
2018-05-31,0,24,-14,0,8,0,33,-24,0,0,-30,0
2018-06-01,0,25,-14,0,8,0,33,-24,0,-46,0,0
2018-06-04,0,25,-14,0,8,0,33,-24,0,0,-30,0
2018-06-05,0,25,-13,0,8,0,33,-24,0,0,-30,0
2018-06-06,0,25,-13,0,8,0,32,-24,0,0,-29,0
2018-06-07,0,25,-13,0,8,0,32,-24,0,0,-29,0
2018-06-08,0,26,-13,3,8,0,0,-24,0,0,-29,0
2018-06-11,0,26,-13,0,8,0,32,-24,0,0,-29,0
2018-06-12,0,26,-13,0,8,0,0,-24,0,0,-29,18
2018-06-13,0,26,-13,0,8,0,0,-24,0,0,-28,18
2018-06-14,0,26,-13,0,8,-33,32,-24,0,0,0,0
2018-06-15,0,27,-13,0,8,0,32,-24,0,-43,0,0
2018-06-19,0,27,-13,0,8,-33,32,-25,0,0,0,0
2018-06-20,0,28,-13,3,8,-33,0,-25,0,0,0,0
2018-06-21,0,28,0,3,8,-33,0,-25,0,0,-28,0
2018-06-22,0,28,-12,3,8,0,0,-26,0,0,-28,0
2018-06-25,0,28,-12,3,8,0,0,-26,0,0,-28,0
2018-06-26,0,29,-12,3,8,0,0,-26,0,-45,0,0
2018-06-27,0,29,-12,3,8,-33,0,-27,0,0,0,0
2018-06-28,0,29,-12,3,8,0,0,-27,0,-46,0,0
2018-06-29,0,30,-12,3,8,0,0,-28,0,-46,0,0
2018-07-02,0,30,-12,3,8,-33,0,-28,0,0,0,0
2018-07-03,0,30,-12,3,8,0,0,-28,0,0,-28,0
2018-07-04,0,31,-12,3,8,0,0,-29,0,0,-28,0
2018-07-05,0,31,-12,3,8,0,0,-29,0,0,-28,0
2018-07-06,0,31,-12,3,8,0,0,-30,0,0,-28,0
2018-07-09,0,31,-12,3,8,0,0,-30,0,0,-28,0
2018-07-10,0,31,-12,3,8,0,0,-31,0,0,-27,0
2018-07-11,0,32,-12,3,8,-33,0,-31,0,0,0,0
2018-07-12,0,32,-12,3,8,0,0,-32,0,0,-27,0
2018-07-13,0,0,-12,3,8,-33,37,-32,0,0,0,0
2018-07-16,0,0,-12,3,8,-33,37,-33,0,0,0,0
2018-07-17,0,0,-12,3,8,-33,37,-33,0,0,0,0
2018-07-18,0,0,-12,3,8,-33,0,-33,0,0,0,17
2018-07-19,0,0,-11,3,8,0,0,-33,0,0,-27,17
2018-07-20,0,32,-11,3,8,0,0,-33,0,0,-27,0
2018-07-23,0,0,-11,3,8,0,39,-34,0,0,-27,0
2018-07-24,0,0,-11,0,8,0,40,-34,0,0,-27,17
2018-07-25,0,33,-11,0,8,-33,41,-35,0,0,0,0
2018-07-26,0,32,-12,0,8,-33,42,-35,0,0,0,0
2018-07-27,0,32,-12,0,8,-33,42,-36,0,0,0,0
2018-07-30,0,0,-12,0,8,0,43,-36,0,0,-27,17
2018-07-31,0,32,-12,-3,8,0,0,-37,0,0,0,18
2018-08-01,0,0,-12,0,8,0,0,-37,0,41,-28,18
2018-08-02,0,32,0,-3,8,0,45,-38,0,0,-28,0
2018-08-03,0,32,0,-3,8,0,0,-38,0,0,-28,18
2018-08-06,0,32,-12,-3,8,0,0,-38,0,0,0,18
2018-08-07,0,32,-12,-3,8,0,45,-38,0,0,0,0
2018-08-08,0,32,-13,-3,8,0,0,0,0,35,0,-18
2018-08-09,0,32,-13,-3,8,0,0,0,0,35,-30,0
2018-08-10,0,33,-13,-3,8,0,0,0,0,34,0,-19
2018-08-13,0,33,-13,-3,9,0,0,0,0,34,-30,0
2018-08-14,0,33,-13,-3,9,0,-43,0,0,33,0,0
2018-08-15,0,33,0,-3,9,0,-42,-36,0,32,0,0
2018-08-16,0,33,0,0,9,-36,0,-36,0,31,-31,0
2018-08-17,19,0,0,-3,9,0,-40,0,0,31,-31,0
2018-08-20,19,0,-15,-3,9,0,-39,0,0,29,0,0
2018-08-21,20,0,-15,-3,10,0,-39,0,0,29,0,0
2018-08-22,20,0,0,0,10,-39,-39,-35,0,28,0,0
2018-08-23,20,0,0,-3,10,-39,-38,0,0,27,0,0
2018-08-24,20,0,-16,0,10,-40,0,0,0,26,0,-21
2018-08-27,20,0,-16,0,10,-40,0,0,0,25,0,-21
2018-08-28,0,0,0,0,11,-41,0,-35,27,25,-34,0
2018-08-29,20,0,-17,0,11,-42,0,-35,0,24,0,0
2018-08-30,0,0,-17,0,11,-43,0,-35,27,23,0,0
2018-08-31,0,0,-18,0,11,-45,0,0,27,23,0,-22
2018-09-03,0,0,-18,0,11,-46,0,-36,27,22,0,0
2018-09-04,0,0,-18,3,11,-47,0,-36,0,21,0,0
2018-09-05,0,0,-18,3,12,-47,0,-35,0,21,0,0
2018-09-06,0,0,-18,3,12,-47,0,-35,0,20,0,0
2018-09-07,0,0,-18,3,12,0,0,-35,0,20,0,-22
2018-09-10,0,0,-18,3,12,0,0,-35,0,19,0,-22
2018-09-11,-19,0,0,3,12,0,0,-34,0,19,0,-22
2018-09-12,0,0,-18,3,12,-48,0,0,0,19,0,-22
2018-09-13,0,0,-19,3,12,-48,0,0,0,18,0,-22
2018-09-14,0,0,-19,3,12,-48,0,-34,0,18,0,0
2018-09-17,0,0,-19,3,12,-48,0,0,0,18,0,-22
2018-09-18,0,0,-19,3,12,0,0,-34,0,18,0,-22
2018-09-19,0,0,-19,3,12,-49,0,0,0,18,0,-22
2018-09-20,0,0,-19,3,12,-49,0,0,0,18,0,-22
2018-09-21,0,0,-19,3,12,-49,0,0,26,0,0,-22
2018-09-25,0,0,-19,3,12,0,0,0,26,0,-43,-22
2018-09-26,0,0,0,3,12,-49,0,0,26,0,-44,-23
2018-09-27,0,0,-19,3,12,-49,0,0,26,0,0,-23
2018-09-28,0,0,-19,3,13,-49,0,0,26,0,0,-23
2018-10-08,0,0,0,3,13,-49,0,0,26,0,-44,-23
2018-10-09,0,36,0,0,13,-49,-30,0,26,0,0,-23
2018-10-10,0,36,0,0,13,-49,-30,0,26,0,0,-23
2018-10-11,0,36,-19,0,13,0,0,0,26,0,-44,-23
2018-10-12,0,36,0,0,13,-50,0,0,26,0,-45,-23
2018-10-15,0,37,0,0,13,0,-29,0,26,0,-45,-23
2018-10-16,0,37,0,0,13,-51,0,0,27,0,-45,-23
2018-10-17,0,37,0,0,13,-51,0,0,27,0,-45,-23
2018-10-18,0,37,0,-3,13,0,0,0,26,0,-45,-22
2018-10-19,0,37,0,0,13,-51,0,0,26,0,-45,-22
2018-10-22,0,37,0,0,13,-51,-28,0,26,0,0,-22
2018-10-23,0,0,0,3,13,-51,0,0,26,-16,-45,0
2018-10-24,0,0,0,3,13,-51,0,0,26,-16,-45,0
2018-10-25,17,0,0,3,13,-51,-27,0,0,0,-45,0
2018-10-26,17,0,0,0,13,-51,0,0,26,0,-44,-22
2018-10-29,17,0,0,3,13,-51,0,0,0,0,-44,-22
2018-10-30,17,0,0,3,13,0,0,0,0,-16,-44,-22
2018-10-31,0,0,0,3,13,0,0,0,25,-16,-44,-22
2018-11-01,0,0,0,3,13,0,0,0,25,-16,-44,-22
2018-11-02,0,0,0,3,13,0,0,0,25,-16,-44,-22
2018-11-05,0,0,19,3,13,-50,0,0,0,0,-44,-22
2018-11-06,0,0,0,3,13,-50,0,0,25,-16,0,-22
2018-11-07,0,0,0,3,13,0,0,0,25,-16,-44,-22
2018-11-08,0,0,0,3,13,-50,0,0,25,0,-44,-22
2018-11-09,0,0,0,3,13,-49,-26,0,25,0,-43,0
