,HC.SHF,I.DCE,J.DCE,JM.DCE,RB.SHF,ZC.CZC
2013-01-04,0.0,0.0,0.0,0.0,0.0,0.0
2013-01-07,0.0,0.0,0.0,0.0,0.0,0.0
2013-01-08,0.0,0.0,3.0,0.0,-12.0,0.0
2013-01-09,0.0,0.0,3.0,0.0,-12.0,0.0
2013-01-10,0.0,0.0,3.0,0.0,-13.0,0.0
2013-01-11,0.0,0.0,3.0,0.0,-12.0,0.0
2013-01-14,0.0,0.0,3.0,0.0,-13.0,0.0
2013-01-15,0.0,0.0,3.0,0.0,-12.0,0.0
2013-01-16,0.0,0.0,3.0,0.0,-13.0,0.0
2013-01-17,0.0,0.0,3.0,0.0,-13.0,0.0
2013-01-18,0.0,0.0,3.0,0.0,-13.0,0.0
2013-01-21,0.0,0.0,3.0,0.0,-12.0,0.0
2013-01-22,0.0,0.0,3.0,0.0,-13.0,0.0
2013-01-23,0.0,0.0,3.0,0.0,-13.0,0.0
2013-01-24,0.0,0.0,3.0,0.0,-12.0,0.0
2013-01-25,0.0,0.0,3.0,0.0,-12.0,0.0
2013-01-28,0.0,0.0,3.0,0.0,-12.0,0.0
2013-01-29,0.0,0.0,3.0,0.0,-12.0,0.0
2013-01-30,0.0,0.0,3.0,0.0,-12.0,0.0
2013-01-31,0.0,0.0,3.0,0.0,-12.0,0.0
2013-02-01,0.0,0.0,3.0,0.0,-12.0,0.0
2013-02-04,0.0,0.0,3.0,0.0,-12.0,0.0
2013-02-05,0.0,0.0,3.0,0.0,-12.0,0.0
2013-02-06,0.0,0.0,3.0,0.0,-12.0,0.0
2013-02-07,0.0,0.0,3.0,0.0,-12.0,0.0
2013-02-08,0.0,0.0,2.0,0.0,-12.0,0.0
2013-02-18,0.0,0.0,2.0,0.0,-12.0,0.0
2013-02-19,0.0,0.0,3.0,0.0,-12.0,0.0
2013-02-20,0.0,0.0,3.0,0.0,-12.0,0.0
2013-02-21,0.0,0.0,3.0,0.0,-12.0,0.0
2013-02-22,0.0,0.0,3.0,0.0,-12.0,0.0
2013-02-25,0.0,0.0,3.0,0.0,-12.0,0.0
2013-02-26,0.0,0.0,3.0,0.0,-12.0,0.0
2013-02-27,0.0,0.0,3.0,0.0,-13.0,0.0
2013-02-28,0.0,0.0,3.0,0.0,-13.0,0.0
2013-03-01,0.0,0.0,3.0,0.0,-12.0,0.0
2013-03-04,0.0,0.0,3.0,0.0,-12.0,0.0
2013-03-05,0.0,0.0,3.0,0.0,-13.0,0.0
2013-03-06,0.0,0.0,3.0,0.0,-13.0,0.0
2013-03-07,0.0,0.0,3.0,0.0,-13.0,0.0
2013-03-08,0.0,0.0,3.0,0.0,-13.0,0.0
2013-03-11,0.0,0.0,3.0,0.0,-13.0,0.0
2013-03-12,0.0,0.0,3.0,0.0,-13.0,0.0
2013-03-13,0.0,0.0,3.0,0.0,-13.0,0.0
2013-03-14,0.0,0.0,3.0,0.0,-13.0,0.0
2013-03-15,0.0,0.0,3.0,0.0,-13.0,0.0
2013-03-18,0.0,0.0,3.0,0.0,-13.0,0.0
2013-03-19,0.0,0.0,3.0,0.0,-13.0,0.0
2013-03-20,0.0,0.0,3.0,0.0,-13.0,0.0
2013-03-21,0.0,0.0,3.0,0.0,-13.0,0.0
2013-03-22,0.0,0.0,3.0,0.0,-13.0,0.0
2013-03-25,0.0,0.0,3.0,0.0,-13.0,0.0
2013-03-26,0.0,0.0,3.0,0.0,-13.0,0.0
2013-03-27,0.0,0.0,3.0,0.0,-13.0,0.0
2013-03-28,0.0,0.0,3.0,0.0,-13.0,0.0
2013-03-29,0.0,0.0,3.0,0.0,-13.0,0.0
2013-04-01,0.0,0.0,3.0,0.0,-13.0,0.0
2013-04-02,0.0,0.0,3.0,0.0,-13.0,0.0
2013-04-03,0.0,0.0,0.0,7.0,-13.0,0.0
2013-04-08,0.0,0.0,0.0,7.0,-13.0,0.0
2013-04-09,0.0,0.0,0.0,7.0,-13.0,0.0
2013-04-10,0.0,0.0,0.0,7.0,-13.0,0.0
2013-04-11,0.0,0.0,0.0,7.0,-13.0,0.0
2013-04-12,0.0,0.0,0.0,7.0,-13.0,0.0
2013-04-15,0.0,0.0,3.0,0.0,-13.0,0.0
2013-04-16,0.0,0.0,3.0,0.0,-13.0,0.0
2013-04-17,0.0,0.0,3.0,0.0,-13.0,0.0
2013-04-18,0.0,0.0,3.0,0.0,-14.0,0.0
2013-04-19,0.0,0.0,3.0,0.0,-14.0,0.0
2013-04-22,0.0,0.0,0.0,7.0,-14.0,0.0
2013-04-23,0.0,0.0,3.0,0.0,-14.0,0.0
2013-04-24,0.0,0.0,3.0,0.0,-14.0,0.0
2013-04-25,0.0,0.0,3.0,0.0,-14.0,0.0
2013-04-26,0.0,0.0,3.0,0.0,-14.0,0.0
2013-05-02,0.0,0.0,3.0,0.0,-14.0,0.0
2013-05-03,0.0,0.0,3.0,0.0,-14.0,0.0
2013-05-06,0.0,0.0,0.0,7.0,-14.0,0.0
2013-05-07,0.0,0.0,0.0,7.0,-14.0,0.0
2013-05-08,0.0,0.0,0.0,7.0,-14.0,0.0
2013-05-09,0.0,0.0,0.0,7.0,-14.0,0.0
2013-05-10,0.0,0.0,0.0,7.0,-14.0,0.0
2013-05-13,0.0,0.0,0.0,7.0,-14.0,0.0
2013-05-14,0.0,0.0,0.0,7.0,-14.0,0.0
2013-05-15,0.0,0.0,0.0,7.0,-14.0,0.0
2013-05-16,0.0,0.0,3.0,0.0,-14.0,0.0
2013-05-17,0.0,0.0,3.0,0.0,-14.0,0.0
2013-05-20,0.0,0.0,0.0,7.0,-14.0,0.0
2013-05-21,0.0,0.0,0.0,7.0,-14.0,0.0
2013-05-22,0.0,0.0,0.0,7.0,-14.0,0.0
2013-05-23,0.0,0.0,0.0,7.0,-14.0,0.0
2013-05-24,0.0,0.0,0.0,7.0,-14.0,0.0
2013-05-27,0.0,0.0,0.0,7.0,-14.0,0.0
2013-05-28,0.0,0.0,0.0,7.0,-14.0,0.0
2013-05-29,0.0,0.0,0.0,7.0,-14.0,0.0
2013-05-30,0.0,0.0,0.0,8.0,-15.0,0.0
2013-05-31,0.0,0.0,0.0,8.0,-15.0,0.0
2013-06-03,0.0,0.0,0.0,8.0,-15.0,0.0
2013-06-04,0.0,0.0,0.0,8.0,-14.0,0.0
2013-06-05,0.0,0.0,0.0,8.0,-14.0,0.0
2013-06-06,0.0,0.0,0.0,8.0,-14.0,0.0
2013-06-07,0.0,0.0,0.0,8.0,-15.0,0.0
2013-06-13,0.0,0.0,0.0,8.0,-15.0,0.0
2013-06-14,0.0,0.0,0.0,8.0,-15.0,0.0
2013-06-17,0.0,0.0,0.0,8.0,-15.0,0.0
2013-06-18,0.0,0.0,0.0,8.0,-14.0,0.0
2013-06-19,0.0,0.0,0.0,8.0,-14.0,0.0
2013-06-20,0.0,0.0,0.0,8.0,-14.0,0.0
2013-06-21,0.0,0.0,0.0,8.0,-14.0,0.0
2013-06-24,0.0,0.0,0.0,8.0,-14.0,0.0
2013-06-25,0.0,0.0,0.0,8.0,-14.0,0.0
2013-06-26,0.0,0.0,0.0,8.0,-14.0,0.0
2013-06-27,0.0,0.0,0.0,8.0,-15.0,0.0
2013-06-28,0.0,0.0,0.0,8.0,-14.0,0.0
2013-07-01,0.0,0.0,0.0,8.0,-14.0,0.0
2013-07-02,0.0,0.0,0.0,8.0,-14.0,0.0
2013-07-03,0.0,0.0,0.0,8.0,-14.0,0.0
2013-07-04,0.0,0.0,0.0,8.0,-14.0,0.0
2013-07-05,0.0,0.0,0.0,8.0,-14.0,0.0
2013-07-08,0.0,0.0,0.0,8.0,-14.0,0.0
2013-07-09,0.0,0.0,0.0,8.0,-14.0,0.0
2013-07-10,0.0,0.0,0.0,8.0,-14.0,0.0
2013-07-11,0.0,0.0,0.0,8.0,-14.0,0.0
2013-07-12,0.0,0.0,0.0,8.0,-14.0,0.0
2013-07-15,0.0,0.0,0.0,8.0,-14.0,0.0
2013-07-16,0.0,0.0,0.0,8.0,-14.0,0.0
2013-07-17,0.0,0.0,0.0,8.0,-14.0,0.0
2013-07-18,0.0,0.0,0.0,8.0,-14.0,0.0
2013-07-19,0.0,0.0,0.0,8.0,-14.0,0.0
2013-07-22,0.0,0.0,0.0,8.0,-14.0,0.0
2013-07-23,0.0,0.0,0.0,8.0,-14.0,0.0
2013-07-24,0.0,0.0,-3.0,8.0,0.0,0.0
2013-07-25,0.0,0.0,-3.0,8.0,0.0,0.0
2013-07-26,0.0,0.0,0.0,8.0,-14.0,0.0
2013-07-29,0.0,0.0,0.0,8.0,-14.0,0.0
2013-07-30,0.0,0.0,0.0,8.0,-14.0,0.0
2013-07-31,0.0,0.0,0.0,8.0,-14.0,0.0
2013-08-01,0.0,0.0,0.0,8.0,-14.0,0.0
2013-08-02,0.0,0.0,0.0,8.0,-14.0,0.0
2013-08-05,0.0,0.0,0.0,8.0,-14.0,0.0
2013-08-06,0.0,0.0,0.0,8.0,-14.0,0.0
2013-08-07,0.0,0.0,3.0,0.0,-14.0,0.0
2013-08-08,0.0,0.0,3.0,0.0,-13.0,0.0
2013-08-09,0.0,0.0,3.0,0.0,-13.0,0.0
2013-08-12,0.0,0.0,3.0,-7.0,0.0,0.0
2013-08-13,0.0,0.0,-3.0,0.0,13.0,0.0
2013-08-14,0.0,0.0,0.0,-7.0,13.0,0.0
2013-08-15,0.0,0.0,0.0,-7.0,13.0,0.0
2013-08-16,0.0,0.0,0.0,-7.0,13.0,0.0
2013-08-19,0.0,0.0,0.0,-7.0,13.0,0.0
2013-08-20,0.0,0.0,0.0,-7.0,13.0,0.0
2013-08-21,0.0,0.0,0.0,-7.0,13.0,0.0
2013-08-22,0.0,0.0,0.0,-7.0,13.0,0.0
2013-08-23,0.0,0.0,0.0,-7.0,13.0,0.0
2013-08-26,0.0,0.0,0.0,-7.0,13.0,0.0
2013-08-27,0.0,0.0,-3.0,7.0,0.0,0.0
2013-08-28,0.0,0.0,-3.0,7.0,0.0,0.0
2013-08-29,0.0,0.0,0.0,7.0,-13.0,0.0
2013-08-30,0.0,0.0,0.0,7.0,-13.0,0.0
2013-09-02,0.0,0.0,0.0,7.0,-13.0,0.0
2013-09-03,0.0,0.0,-3.0,7.0,0.0,0.0
2013-09-04,0.0,0.0,-3.0,7.0,0.0,0.0
2013-09-05,0.0,0.0,0.0,7.0,-13.0,0.0
2013-09-06,0.0,0.0,0.0,7.0,-13.0,0.0
2013-09-09,0.0,0.0,0.0,7.0,-13.0,0.0
2013-09-10,0.0,0.0,0.0,7.0,-13.0,0.0
2013-09-11,0.0,0.0,0.0,7.0,-13.0,0.0
2013-09-12,0.0,0.0,0.0,7.0,-13.0,0.0
2013-09-13,0.0,0.0,0.0,7.0,-13.0,0.0
2013-09-16,0.0,0.0,0.0,7.0,-14.0,0.0
2013-09-17,0.0,0.0,0.0,7.0,-14.0,0.0
2013-09-18,0.0,0.0,0.0,7.0,-14.0,0.0
2013-09-23,0.0,0.0,0.0,7.0,-14.0,0.0
2013-09-24,0.0,0.0,0.0,7.0,-14.0,0.0
2013-09-25,0.0,0.0,0.0,7.0,-14.0,0.0
2013-09-26,0.0,0.0,0.0,7.0,-14.0,0.0
2013-09-27,0.0,0.0,0.0,7.0,-14.0,0.0
2013-09-30,0.0,0.0,0.0,7.0,-14.0,0.0
2013-10-08,0.0,0.0,0.0,7.0,-14.0,0.0
2013-10-09,0.0,0.0,0.0,7.0,-14.0,0.0
2013-10-10,0.0,0.0,0.0,7.0,-14.0,0.0
2013-10-11,0.0,0.0,0.0,7.0,-14.0,0.0
2013-10-14,0.0,0.0,0.0,7.0,-14.0,0.0
2013-10-15,0.0,0.0,-3.0,7.0,0.0,0.0
2013-10-16,0.0,0.0,-3.0,7.0,0.0,0.0
2013-10-17,0.0,0.0,0.0,7.0,-14.0,0.0
2013-10-18,0.0,0.0,0.0,7.0,-14.0,0.0
2013-10-21,0.0,-3.0,2.0,4.0,-7.0,0.0
2013-10-22,0.0,-3.0,-2.0,4.0,7.0,0.0
2013-10-23,0.0,-3.0,2.0,4.0,-7.0,0.0
2013-10-24,0.0,-3.0,2.0,4.0,-7.0,0.0
2013-10-25,0.0,-3.0,2.0,4.0,-7.0,0.0
2013-10-28,0.0,-3.0,2.0,4.0,-7.0,0.0
2013-10-29,0.0,-3.0,2.0,4.0,-7.0,0.0
2013-10-30,0.0,-3.0,2.0,4.0,-7.0,0.0
2013-10-31,0.0,-3.0,-2.0,4.0,7.0,0.0
2013-11-01,0.0,3.0,-2.0,4.0,-7.0,0.0
2013-11-04,0.0,3.0,-2.0,4.0,-7.0,0.0
2013-11-05,0.0,-3.0,2.0,4.0,-7.0,0.0
2013-11-06,0.0,3.0,-2.0,4.0,-7.0,0.0
2013-11-07,0.0,3.0,-2.0,4.0,-7.0,0.0
2013-11-08,0.0,3.0,-2.0,4.0,-7.0,0.0
2013-11-11,0.0,3.0,-2.0,4.0,-7.0,0.0
2013-11-12,0.0,3.0,-2.0,4.0,-7.0,0.0
2013-11-13,0.0,-3.0,-2.0,4.0,7.0,0.0
2013-11-14,0.0,-3.0,-2.0,4.0,7.0,0.0
2013-11-15,0.0,-3.0,-2.0,4.0,7.0,0.0
2013-11-18,0.0,-3.0,-2.0,4.0,7.0,0.0
2013-11-19,0.0,-3.0,-2.0,4.0,7.0,0.0
2013-11-20,0.0,-3.0,-2.0,4.0,7.0,0.0
2013-11-21,0.0,-3.0,-2.0,4.0,7.0,0.0
2013-11-22,0.0,-3.0,-2.0,4.0,7.0,0.0
2013-11-25,0.0,-3.0,-2.0,4.0,7.0,0.0
2013-11-26,0.0,-3.0,-2.0,4.0,7.0,0.0
2013-11-27,0.0,-3.0,-2.0,4.0,7.0,0.0
2013-11-28,0.0,-3.0,-2.0,4.0,7.0,0.0
2013-11-29,0.0,-3.0,-2.0,4.0,7.0,0.0
2013-12-02,0.0,-3.0,-2.0,4.0,7.0,0.0
2013-12-03,0.0,-3.0,-2.0,4.0,7.0,0.0
2013-12-04,0.0,-3.0,-2.0,4.0,7.0,0.0
2013-12-05,0.0,-3.0,-2.0,4.0,7.0,0.0
2013-12-06,0.0,-3.0,-2.0,4.0,7.0,0.0
2013-12-09,0.0,-3.0,-2.0,4.0,7.0,0.0
2013-12-10,0.0,-3.0,-2.0,4.0,7.0,0.0
2013-12-11,0.0,-3.0,-2.0,4.0,7.0,0.0
2013-12-12,0.0,-3.0,-2.0,4.0,7.0,0.0
2013-12-13,0.0,-3.0,-2.0,4.0,7.0,0.0
2013-12-16,0.0,-3.0,2.0,4.0,-7.0,0.0
2013-12-17,0.0,-3.0,2.0,4.0,-7.0,0.0
2013-12-18,0.0,-3.0,2.0,4.0,-7.0,0.0
2013-12-19,0.0,-3.0,2.0,4.0,-7.0,0.0
2013-12-20,0.0,-3.0,2.0,4.0,-7.0,0.0
2013-12-23,0.0,-3.0,2.0,4.0,-7.0,0.0
2013-12-24,0.0,-3.0,2.0,4.0,-7.0,0.0
2013-12-25,0.0,-3.0,2.0,4.0,-7.0,0.0
2013-12-26,0.0,-3.0,2.0,4.0,-7.0,0.0
2013-12-27,0.0,-3.0,2.0,4.0,-7.0,0.0
2013-12-30,0.0,-3.0,2.0,4.0,-7.0,0.0
2013-12-31,0.0,-3.0,2.0,4.0,-7.0,0.0
2014-01-02,0.0,-3.0,2.0,4.0,-7.0,0.0
2014-01-03,0.0,-3.0,2.0,4.0,-7.0,0.0
2014-01-06,0.0,-3.0,2.0,4.0,-7.0,0.0
2014-01-07,0.0,-3.0,2.0,4.0,-7.0,0.0
2014-01-08,0.0,-3.0,2.0,4.0,-7.0,0.0
2014-01-09,0.0,-3.0,2.0,4.0,-7.0,0.0
2014-01-10,0.0,-3.0,2.0,4.0,-7.0,0.0
2014-01-13,0.0,-3.0,2.0,4.0,-7.0,0.0
2014-01-14,0.0,-3.0,2.0,4.0,-7.0,0.0
2014-01-15,0.0,-3.0,2.0,4.0,-7.0,0.0
2014-01-16,0.0,-3.0,2.0,4.0,-7.0,0.0
2014-01-17,0.0,-3.0,2.0,4.0,-7.0,0.0
2014-01-20,0.0,-3.0,2.0,4.0,-7.0,0.0
2014-01-21,0.0,-3.0,2.0,4.0,-7.0,0.0
2014-01-22,0.0,-3.0,2.0,4.0,-7.0,0.0
2014-01-23,0.0,-3.0,2.0,4.0,-7.0,0.0
2014-01-24,0.0,-3.0,2.0,4.0,-7.0,0.0
2014-01-27,0.0,-3.0,2.0,4.0,-7.0,0.0
2014-01-28,0.0,-3.0,2.0,4.0,-7.0,0.0
2014-01-29,0.0,-3.0,2.0,5.0,-7.0,0.0
2014-01-30,0.0,0.0,4.0,0.0,-15.0,0.0
2014-02-07,0.0,6.0,0.0,0.0,-14.0,0.0
2014-02-10,0.0,-3.0,2.0,5.0,-7.0,0.0
2014-02-11,0.0,-3.0,2.0,4.0,-7.0,0.0
2014-02-12,0.0,-3.0,2.0,5.0,-7.0,0.0
2014-02-13,0.0,-3.0,2.0,4.0,-7.0,0.0
2014-02-14,0.0,-3.0,2.0,5.0,-7.0,0.0
2014-02-17,0.0,-3.0,2.0,4.0,-7.0,0.0
2014-02-18,0.0,-3.0,2.0,4.0,-7.0,0.0
2014-02-19,0.0,-3.0,2.0,4.0,-7.0,0.0
2014-02-20,0.0,-3.0,2.0,4.0,-7.0,0.0
2014-02-21,0.0,-3.0,2.0,4.0,-7.0,0.0
2014-02-24,0.0,-3.0,2.0,4.0,-7.0,0.0
2014-02-25,0.0,-3.0,2.0,5.0,-8.0,0.0
2014-02-26,0.0,-3.0,2.0,5.0,-8.0,0.0
2014-02-27,0.0,-3.0,2.0,5.0,-8.0,0.0
2014-02-28,0.0,-3.0,2.0,5.0,-7.0,0.0
2014-03-03,0.0,-3.0,2.0,5.0,-8.0,0.0
2014-03-04,0.0,-3.0,2.0,5.0,-8.0,0.0
2014-03-05,0.0,-3.0,2.0,5.0,-7.0,0.0
2014-03-06,0.0,-3.0,2.0,5.0,-7.0,0.0
2014-03-07,0.0,-3.0,2.0,5.0,-7.0,0.0
2014-03-10,0.0,-3.0,2.0,5.0,-7.0,0.0
2014-03-11,0.0,-3.0,2.0,5.0,-8.0,0.0
2014-03-12,0.0,-3.0,2.0,5.0,-8.0,0.0
2014-03-13,0.0,-3.0,2.0,5.0,-8.0,0.0
2014-03-14,0.0,-3.0,2.0,5.0,-8.0,0.0
2014-03-17,0.0,-3.0,2.0,5.0,-8.0,0.0
2014-03-18,0.0,-3.0,2.0,5.0,-8.0,0.0
2014-03-19,0.0,-3.0,2.0,5.0,-8.0,0.0
2014-03-20,0.0,-3.0,2.0,5.0,-8.0,0.0
2014-03-21,0.0,-3.0,2.0,5.0,-8.0,0.0
2014-03-24,0.0,-3.0,2.0,5.0,-8.0,0.0
2014-03-25,0.0,-3.0,2.0,5.0,-8.0,0.0
2014-03-26,0.0,-3.0,2.0,5.0,-8.0,0.0
2014-03-27,0.0,-3.0,2.0,5.0,-8.0,0.0
2014-03-28,0.0,-3.0,2.0,5.0,-8.0,0.0
2014-03-31,0.0,-3.0,2.0,5.0,-8.0,0.0
2014-04-01,0.0,-3.0,2.0,5.0,-8.0,0.0
2014-04-02,0.0,-3.0,2.0,5.0,-8.0,0.0
2014-04-03,0.0,-3.0,2.0,5.0,-8.0,0.0
2014-04-04,0.0,-3.0,2.0,5.0,-7.0,0.0
2014-04-08,0.0,-3.0,2.0,5.0,-7.0,0.0
2014-04-09,0.0,-3.0,2.0,5.0,-7.0,0.0
2014-04-10,0.0,-3.0,2.0,5.0,-7.0,0.0
2014-04-11,0.0,-3.0,2.0,5.0,-7.0,0.0
2014-04-14,0.0,-3.0,2.0,5.0,-7.0,0.0
2014-04-15,0.0,-3.0,2.0,5.0,-7.0,0.0
2014-04-16,0.0,-3.0,2.0,5.0,-7.0,0.0
2014-04-17,7.0,-3.0,0.0,5.0,-8.0,0.0
2014-04-18,0.0,-3.0,2.0,5.0,-8.0,0.0
2014-04-21,0.0,-3.0,2.0,5.0,-8.0,0.0
2014-04-22,0.0,-3.0,2.0,5.0,-8.0,0.0
2014-04-23,0.0,-3.0,2.0,5.0,-8.0,0.0
2014-04-24,0.0,-3.0,2.0,5.0,-8.0,0.0
2014-04-25,0.0,-3.0,2.0,5.0,-8.0,0.0
2014-04-28,0.0,-3.0,2.0,5.0,-8.0,0.0
2014-04-29,0.0,-3.0,2.0,5.0,-8.0,0.0
2014-04-30,0.0,-3.0,2.0,5.0,-8.0,0.0
2014-05-05,0.0,-3.0,2.0,5.0,-8.0,0.0
2014-05-06,0.0,-3.0,2.0,5.0,-8.0,0.0
2014-05-07,0.0,-3.0,2.0,5.0,-8.0,0.0
2014-05-08,8.0,-3.0,2.0,0.0,-8.0,0.0
2014-05-09,0.0,-3.0,2.0,5.0,-8.0,0.0
2014-05-12,0.0,-3.0,2.0,5.0,-8.0,0.0
2014-05-13,0.0,-3.0,2.0,5.0,-8.0,0.0
2014-05-14,0.0,-3.0,2.0,5.0,-8.0,0.0
2014-05-15,0.0,-3.0,2.0,5.0,-8.0,0.0
2014-05-16,0.0,-3.0,2.0,5.0,-8.0,0.0
2014-05-19,0.0,-3.0,2.0,5.0,-8.0,0.0
2014-05-20,0.0,-4.0,2.0,5.0,-8.0,0.0
2014-05-21,0.0,-4.0,2.0,5.0,-8.0,0.0
2014-05-22,0.0,-4.0,2.0,5.0,-8.0,0.0
2014-05-23,0.0,-4.0,2.0,5.0,-8.0,0.0
2014-05-26,0.0,-4.0,2.0,5.0,-8.0,0.0
2014-05-27,0.0,-3.0,2.0,5.0,-8.0,0.0
2014-05-28,0.0,-3.0,2.0,5.0,-8.0,0.0
2014-05-29,0.0,-4.0,2.0,5.0,-8.0,0.0
2014-05-30,0.0,-4.0,2.0,5.0,-8.0,0.0
2014-06-03,0.0,-4.0,2.0,5.0,-8.0,0.0
2014-06-04,0.0,-4.0,2.0,5.0,-8.0,0.0
2014-06-05,0.0,-4.0,2.0,5.0,-8.0,0.0
2014-06-06,0.0,-4.0,2.0,5.0,-8.0,0.0
2014-06-09,0.0,-4.0,2.0,5.0,-8.0,0.0
2014-06-10,0.0,-4.0,2.0,5.0,-8.0,0.0
2014-06-11,0.0,-4.0,2.0,5.0,-8.0,0.0
2014-06-12,0.0,-4.0,2.0,5.0,-8.0,0.0
2014-06-13,0.0,-4.0,2.0,5.0,-8.0,0.0
2014-06-16,0.0,-4.0,2.0,5.0,-8.0,0.0
2014-06-17,0.0,-4.0,2.0,5.0,-8.0,0.0
2014-06-18,0.0,-4.0,2.0,5.0,-8.0,0.0
2014-06-19,0.0,-4.0,2.0,5.0,-8.0,0.0
2014-06-20,0.0,-4.0,2.0,5.0,-8.0,0.0
2014-06-23,0.0,-4.0,2.0,5.0,-8.0,0.0
2014-06-24,0.0,-4.0,2.0,5.0,-8.0,0.0
2014-06-25,0.0,-4.0,2.0,5.0,-8.0,0.0
2014-06-26,0.0,-4.0,2.0,5.0,-8.0,0.0
2014-06-27,0.0,-3.0,2.0,5.0,-8.0,0.0
2014-06-30,0.0,-4.0,2.0,5.0,-8.0,0.0
2014-07-01,0.0,-4.0,2.0,5.0,-8.0,0.0
2014-07-02,0.0,-4.0,2.0,5.0,-8.0,0.0
2014-07-03,0.0,-3.0,2.0,5.0,-8.0,0.0
2014-07-04,0.0,-4.0,2.0,5.0,-8.0,0.0
2014-07-07,0.0,-4.0,2.0,5.0,-8.0,0.0
2014-07-08,0.0,-4.0,2.0,5.0,-8.0,0.0
2014-07-09,0.0,-3.0,2.0,5.0,-8.0,0.0
2014-07-10,0.0,-4.0,2.0,5.0,-8.0,0.0
2014-07-11,0.0,-4.0,2.0,5.0,-8.0,0.0
2014-07-14,0.0,-4.0,2.0,5.0,-8.0,0.0
2014-07-15,0.0,-4.0,2.0,5.0,-8.0,0.0
2014-07-16,0.0,-3.0,2.0,5.0,-8.0,0.0
2014-07-17,0.0,-3.0,2.0,5.0,-8.0,0.0
2014-07-18,0.0,-4.0,2.0,5.0,-8.0,0.0
2014-07-21,0.0,-4.0,2.0,6.0,-8.0,0.0
2014-07-22,0.0,-4.0,2.0,5.0,-8.0,0.0
2014-07-23,8.0,-4.0,-2.0,6.0,0.0,0.0
2014-07-24,8.0,-4.0,0.0,5.0,-8.0,0.0
2014-07-25,8.0,-4.0,0.0,5.0,-8.0,0.0
2014-07-28,8.0,-4.0,2.0,0.0,-8.0,0.0
2014-07-29,8.0,-4.0,0.0,5.0,-8.0,0.0
2014-07-30,8.0,-4.0,0.0,5.0,-8.0,0.0
2014-07-31,8.0,-4.0,0.0,5.0,-8.0,0.0
2014-08-01,8.0,-4.0,0.0,5.0,-8.0,0.0
2014-08-04,0.0,-4.0,2.0,5.0,-8.0,0.0
2014-08-05,8.0,-4.0,0.0,5.0,-8.0,0.0
2014-08-06,0.0,-4.0,2.0,5.0,-8.0,0.0
2014-08-07,0.0,-4.0,2.0,5.0,-8.0,0.0
2014-08-08,0.0,-4.0,2.0,5.0,-8.0,0.0
2014-08-11,0.0,-4.0,2.0,5.0,-8.0,0.0
2014-08-12,0.0,-4.0,2.0,5.0,-8.0,0.0
2014-08-13,0.0,-4.0,2.0,5.0,-8.0,0.0
2014-08-14,0.0,-4.0,2.0,5.0,-8.0,0.0
2014-08-15,0.0,-4.0,2.0,5.0,-8.0,0.0
2014-08-18,0.0,-4.0,2.0,5.0,-8.0,0.0
2014-08-19,0.0,-4.0,2.0,5.0,-8.0,0.0
2014-08-20,0.0,-4.0,2.0,5.0,-8.0,0.0
2014-08-21,0.0,-4.0,2.0,5.0,-8.0,0.0
2014-08-22,0.0,-4.0,2.0,5.0,-8.0,0.0
2014-08-25,0.0,-4.0,2.0,5.0,-8.0,0.0
2014-08-26,0.0,-4.0,2.0,5.0,-8.0,0.0
2014-08-27,0.0,-4.0,2.0,5.0,-8.0,0.0
2014-08-28,0.0,-4.0,2.0,5.0,-8.0,0.0
2014-08-29,0.0,-4.0,2.0,5.0,-9.0,0.0
2014-09-01,0.0,-4.0,2.0,5.0,-9.0,0.0
2014-09-02,0.0,-4.0,2.0,5.0,-9.0,0.0
2014-09-03,0.0,-4.0,2.0,5.0,-9.0,0.0
2014-09-04,0.0,-4.0,2.0,5.0,-9.0,0.0
2014-09-05,0.0,-4.0,2.0,5.0,-9.0,0.0
2014-09-09,0.0,-4.0,2.0,5.0,-9.0,0.0
2014-09-10,0.0,-4.0,2.0,5.0,-9.0,0.0
2014-09-11,0.0,-4.0,2.0,5.0,-9.0,0.0
2014-09-12,0.0,-4.0,2.0,5.0,-9.0,0.0
2014-09-15,0.0,-4.0,2.0,5.0,-9.0,0.0
2014-09-16,0.0,-4.0,2.0,5.0,-9.0,0.0
2014-09-17,0.0,-4.0,2.0,5.0,-9.0,0.0
2014-09-18,0.0,-4.0,2.0,5.0,-9.0,0.0
2014-09-19,0.0,-4.0,2.0,5.0,-9.0,0.0
2014-09-22,0.0,-4.0,2.0,5.0,-9.0,0.0
2014-09-23,0.0,-4.0,2.0,5.0,-10.0,0.0
2014-09-24,0.0,-4.0,2.0,5.0,-10.0,0.0
2014-09-25,0.0,-4.0,2.0,5.0,-10.0,0.0
2014-09-26,-9.0,-5.0,2.0,5.0,0.0,0.0
2014-09-29,-9.0,-4.0,2.0,5.0,0.0,0.0
2014-09-30,-9.0,-5.0,2.0,5.0,0.0,0.0
2014-10-08,-9.0,-5.0,2.0,5.0,0.0,0.0
2014-10-09,-9.0,-5.0,0.0,5.0,10.0,0.0
2014-10-10,-9.0,-4.0,0.0,5.0,10.0,0.0
2014-10-13,-9.0,-4.0,0.0,5.0,10.0,0.0
2014-10-14,-9.0,-4.0,0.0,5.0,9.0,0.0
2014-10-15,-9.0,-4.0,0.0,5.0,9.0,0.0
2014-10-16,-9.0,-4.0,0.0,5.0,9.0,0.0
2014-10-17,-9.0,-4.0,2.0,5.0,0.0,0.0
2014-10-20,-9.0,-4.0,0.0,5.0,9.0,0.0
2014-10-21,-9.0,-4.0,0.0,5.0,10.0,0.0
2014-10-22,-9.0,-4.0,0.0,5.0,10.0,0.0
2014-10-23,-9.0,-4.0,0.0,5.0,10.0,0.0
2014-10-24,0.0,-5.0,-2.0,5.0,10.0,0.0
2014-10-27,-9.0,-5.0,0.0,5.0,10.0,0.0
2014-10-28,-9.0,-5.0,0.0,5.0,10.0,0.0
2014-10-29,-9.0,-5.0,0.0,5.0,10.0,0.0
2014-10-30,-9.0,-5.0,0.0,5.0,10.0,0.0
2014-10-31,-9.0,-5.0,0.0,5.0,10.0,0.0
2014-11-03,-9.0,-5.0,0.0,5.0,10.0,0.0
2014-11-04,-9.0,-5.0,0.0,5.0,10.0,0.0
2014-11-05,-9.0,-5.0,0.0,6.0,10.0,0.0
2014-11-06,-9.0,-5.0,0.0,6.0,10.0,0.0
2014-11-07,-9.0,-5.0,0.0,6.0,10.0,0.0
2014-11-10,-9.0,-5.0,0.0,5.0,10.0,0.0
2014-11-11,-9.0,-5.0,0.0,5.0,10.0,0.0
2014-11-12,-9.0,-5.0,0.0,5.0,10.0,0.0
2014-11-13,-9.0,-5.0,0.0,5.0,10.0,0.0
2014-11-14,-9.0,-5.0,0.0,5.0,10.0,0.0
2014-11-17,-9.0,-5.0,0.0,5.0,10.0,0.0
2014-11-18,-9.0,-5.0,0.0,5.0,10.0,0.0
2014-11-19,-9.0,-5.0,0.0,6.0,10.0,0.0
2014-11-20,-9.0,-5.0,0.0,6.0,10.0,0.0
2014-11-21,-9.0,-5.0,0.0,6.0,10.0,0.0
2014-11-24,-9.0,-5.0,0.0,6.0,10.0,0.0
2014-11-25,-9.0,-5.0,0.0,6.0,10.0,0.0
2014-11-26,-9.0,-5.0,2.0,6.0,0.0,0.0
2014-11-27,-9.0,-5.0,2.0,6.0,0.0,0.0
2014-11-28,-8.0,-5.0,2.0,5.0,0.0,0.0
2014-12-01,-8.0,-5.0,2.0,6.0,0.0,0.0
2014-12-02,-8.0,-5.0,2.0,5.0,0.0,0.0
2014-12-03,-8.0,-5.0,2.0,6.0,0.0,0.0
2014-12-04,-8.0,-5.0,2.0,5.0,0.0,0.0
2014-12-05,-8.0,-5.0,2.0,5.0,0.0,0.0
2014-12-08,-8.0,-5.0,2.0,5.0,0.0,0.0
2014-12-09,-8.0,-5.0,2.0,5.0,0.0,0.0
2014-12-10,-8.0,-5.0,2.0,5.0,0.0,0.0
2014-12-11,-8.0,-5.0,2.0,5.0,0.0,0.0
2014-12-12,-8.0,-5.0,2.0,5.0,0.0,0.0
2014-12-15,-8.0,-5.0,2.0,5.0,0.0,0.0
2014-12-16,0.0,-5.0,2.0,5.0,-10.0,0.0
2014-12-17,0.0,-5.0,2.0,5.0,-10.0,0.0
2014-12-18,0.0,-5.0,2.0,6.0,-10.0,0.0
2014-12-19,0.0,-5.0,2.0,6.0,-10.0,0.0
2014-12-22,9.0,-5.0,0.0,5.0,-10.0,0.0
2014-12-23,0.0,-5.0,2.0,6.0,-10.0,0.0
2014-12-24,0.0,-5.0,3.0,6.0,-10.0,0.0
2014-12-25,0.0,-5.0,2.0,6.0,-10.0,0.0
2014-12-26,0.0,-5.0,2.0,6.0,-10.0,0.0
2014-12-29,0.0,-5.0,2.0,6.0,-10.0,0.0
2014-12-30,0.0,-5.0,2.0,6.0,-10.0,0.0
2014-12-31,0.0,-5.0,2.0,6.0,-10.0,0.0
2015-01-05,0.0,-5.0,2.0,6.0,-10.0,0.0
2015-01-06,0.0,-5.0,2.0,6.0,-10.0,0.0
2015-01-07,9.0,-5.0,0.0,6.0,-10.0,0.0
2015-01-08,0.0,-5.0,2.0,6.0,-10.0,0.0
2015-01-09,0.0,-5.0,2.0,6.0,-10.0,0.0
2015-01-12,9.0,-5.0,0.0,6.0,-10.0,0.0
2015-01-13,0.0,-5.0,2.0,6.0,-10.0,0.0
2015-01-14,0.0,-5.0,2.0,6.0,-10.0,0.0
2015-01-15,9.0,-5.0,2.0,0.0,-10.0,0.0
2015-01-16,9.0,-5.0,2.0,0.0,-10.0,0.0
2015-01-19,0.0,-5.0,2.0,6.0,-10.0,0.0
2015-01-20,0.0,-5.0,2.0,6.0,-10.0,0.0
2015-01-21,0.0,-5.0,2.0,6.0,-10.0,0.0
2015-01-22,0.0,-5.0,2.0,6.0,-10.0,0.0
2015-01-23,0.0,-5.0,2.0,6.0,-10.0,0.0
2015-01-26,0.0,-5.0,2.0,6.0,-10.0,0.0
2015-01-27,0.0,-5.0,2.0,6.0,-10.0,0.0
2015-01-28,0.0,-5.0,2.0,6.0,-10.0,0.0
2015-01-29,0.0,-5.0,2.0,6.0,-10.0,0.0
2015-01-30,0.0,-5.0,2.0,6.0,-10.0,0.0
2015-02-02,0.0,-5.0,2.0,6.0,-10.0,0.0
2015-02-03,0.0,-5.0,2.0,6.0,-10.0,0.0
2015-02-04,0.0,-5.0,2.0,6.0,-10.0,0.0
2015-02-05,0.0,-5.0,2.0,6.0,-10.0,0.0
2015-02-06,0.0,-5.0,2.0,6.0,-10.0,0.0
2015-02-09,0.0,-5.0,2.0,6.0,-10.0,0.0
2015-02-10,0.0,-5.0,2.0,6.0,-10.0,0.0
2015-02-11,0.0,-5.0,2.0,6.0,-10.0,0.0
2015-02-12,0.0,-5.0,2.0,6.0,-10.0,0.0
2015-02-13,0.0,-5.0,2.0,6.0,-10.0,0.0
2015-02-16,0.0,-5.0,2.0,6.0,-10.0,0.0
2015-02-17,0.0,-5.0,2.0,6.0,-10.0,0.0
2015-02-25,0.0,-5.0,2.0,6.0,-10.0,0.0
2015-02-26,0.0,-5.0,2.0,6.0,-10.0,0.0
2015-02-27,0.0,-5.0,2.0,6.0,-10.0,0.0
2015-03-02,0.0,-5.0,2.0,6.0,-10.0,0.0
2015-03-03,0.0,-5.0,2.0,6.0,-10.0,0.0
2015-03-04,0.0,-5.0,2.0,6.0,-10.0,0.0
2015-03-05,0.0,-5.0,2.0,6.0,-10.0,0.0
2015-03-06,0.0,-5.0,2.0,6.0,-10.0,0.0
2015-03-09,0.0,-5.0,2.0,6.0,-10.0,0.0
2015-03-10,0.0,-6.0,2.0,6.0,-10.0,0.0
2015-03-11,10.0,-6.0,0.0,6.0,-10.0,0.0
2015-03-12,10.0,-6.0,0.0,6.0,-10.0,0.0
2015-03-13,10.0,-5.0,0.0,6.0,-10.0,0.0
2015-03-16,10.0,-6.0,0.0,6.0,-10.0,0.0
2015-03-17,0.0,-5.0,2.0,6.0,-10.0,0.0
2015-03-18,0.0,-6.0,3.0,6.0,-10.0,0.0
2015-03-19,0.0,-6.0,3.0,6.0,-10.0,0.0
2015-03-20,0.0,-6.0,3.0,6.0,-10.0,0.0
2015-03-23,0.0,-6.0,3.0,6.0,-10.0,0.0
2015-03-24,10.0,-6.0,0.0,6.0,-10.0,0.0
2015-03-25,0.0,-6.0,3.0,6.0,-10.0,0.0
2015-03-26,0.0,-6.0,3.0,6.0,-10.0,0.0
2015-03-27,0.0,-6.0,3.0,6.0,-10.0,0.0
2015-03-30,0.0,-6.0,3.0,6.0,-10.0,0.0
2015-03-31,0.0,-6.0,3.0,6.0,-10.0,0.0
2015-04-01,0.0,-6.0,3.0,6.0,-10.0,0.0
2015-04-02,0.0,-6.0,3.0,6.0,-10.0,0.0
2015-04-03,-10.0,-7.0,3.0,6.0,0.0,0.0
2015-04-07,0.0,-7.0,3.0,6.0,-11.0,0.0
2015-04-08,0.0,-6.0,3.0,6.0,-11.0,0.0
2015-04-09,0.0,-6.0,3.0,6.0,-11.0,0.0
2015-04-10,0.0,-7.0,3.0,6.0,-11.0,0.0
2015-04-13,0.0,-7.0,3.0,6.0,-11.0,0.0
2015-04-14,0.0,-6.0,3.0,6.0,-11.0,0.0
2015-04-15,0.0,-6.0,3.0,6.0,-11.0,0.0
2015-04-16,0.0,-6.0,3.0,6.0,-11.0,0.0
2015-04-17,0.0,-6.0,3.0,6.0,-11.0,0.0
2015-04-20,0.0,-6.0,3.0,6.0,-11.0,0.0
2015-04-21,0.0,-6.0,3.0,6.0,-11.0,0.0
2015-04-22,0.0,-6.0,3.0,6.0,-11.0,0.0
2015-04-23,0.0,-6.0,3.0,6.0,-11.0,0.0
2015-04-24,0.0,-6.0,3.0,6.0,-11.0,0.0
2015-04-27,0.0,-6.0,3.0,6.0,-11.0,0.0
2015-04-28,0.0,-6.0,3.0,6.0,-10.0,0.0
2015-04-29,0.0,-6.0,3.0,6.0,-10.0,0.0
2015-04-30,-10.0,0.0,3.0,6.0,-11.0,0.0
2015-05-04,0.0,-6.0,3.0,6.0,-11.0,0.0
2015-05-05,0.0,-6.0,3.0,6.0,-10.0,0.0
2015-05-06,0.0,-6.0,3.0,6.0,-10.0,0.0
2015-05-07,0.0,-6.0,3.0,6.0,-10.0,0.0
2015-05-08,0.0,-6.0,3.0,6.0,-10.0,0.0
2015-05-11,0.0,-6.0,3.0,6.0,-10.0,0.0
2015-05-12,0.0,-6.0,3.0,6.0,-10.0,0.0
2015-05-13,0.0,-6.0,3.0,6.0,-10.0,0.0
2015-05-14,-10.0,0.0,3.0,6.0,-10.0,0.0
2015-05-15,-10.0,0.0,3.0,6.0,-11.0,0.0
2015-05-18,0.0,-6.0,3.0,6.0,-11.0,0.0
2015-05-19,7.0,-4.0,2.0,4.0,-7.0,-4.0
2015-05-20,7.0,-4.0,2.0,4.0,-7.0,-4.0
2015-05-21,-7.0,4.0,2.0,4.0,-7.0,-4.0
2015-05-22,7.0,-4.0,2.0,4.0,-7.0,-4.0
2015-05-25,-7.0,4.0,2.0,4.0,-7.0,-4.0
2015-05-26,7.0,-4.0,2.0,4.0,-7.0,-4.0
2015-05-27,7.0,-4.0,2.0,4.0,-7.0,-4.0
2015-05-28,-7.0,4.0,2.0,4.0,-7.0,-4.0
2015-05-29,-7.0,4.0,2.0,4.0,-7.0,-4.0
2015-06-01,7.0,-4.0,2.0,4.0,-7.0,-4.0
2015-06-02,7.0,-4.0,2.0,4.0,-7.0,-4.0
2015-06-03,-7.0,4.0,2.0,4.0,-7.0,-4.0
2015-06-04,-7.0,4.0,2.0,4.0,-7.0,-4.0
2015-06-05,-7.0,4.0,2.0,4.0,-7.0,-4.0
2015-06-08,-7.0,4.0,2.0,4.0,-7.0,-4.0
2015-06-09,-7.0,4.0,2.0,4.0,-7.0,-4.0
2015-06-10,-7.0,4.0,2.0,4.0,-7.0,-4.0
2015-06-11,-7.0,4.0,2.0,4.0,-7.0,-4.0
2015-06-12,-7.0,4.0,2.0,4.0,-7.0,-4.0
2015-06-15,-7.0,4.0,2.0,4.0,-7.0,-4.0
2015-06-16,-7.0,4.0,2.0,4.0,-7.0,-4.0
2015-06-17,-7.0,4.0,2.0,4.0,-7.0,-4.0
2015-06-18,-7.0,4.0,2.0,4.0,-7.0,-4.0
2015-06-19,-7.0,4.0,2.0,4.0,-7.0,-4.0
2015-06-23,-7.0,4.0,2.0,4.0,-7.0,-4.0
2015-06-24,-7.0,4.0,2.0,4.0,-7.0,-4.0
2015-06-25,-7.0,4.0,2.0,4.0,-7.0,-4.0
2015-06-26,-7.0,4.0,2.0,4.0,-8.0,-4.0
2015-06-29,-7.0,4.0,2.0,4.0,-8.0,-4.0
2015-06-30,-7.0,4.0,2.0,4.0,-8.0,-4.0
2015-07-01,-8.0,4.0,2.0,4.0,-8.0,-4.0
2015-07-02,-8.0,4.0,2.0,4.0,-8.0,-4.0
2015-07-03,-8.0,4.0,2.0,4.0,-8.0,-4.0
2015-07-06,-8.0,4.0,2.0,4.0,-8.0,-4.0
2015-07-07,-8.0,4.0,2.0,4.0,-8.0,-4.0
2015-07-08,-8.0,4.0,2.0,4.0,-9.0,-4.0
2015-07-09,-8.0,5.0,2.0,4.0,-9.0,-4.0
2015-07-10,-8.0,-5.0,2.0,4.0,-8.0,4.0
2015-07-13,-8.0,5.0,2.0,4.0,-8.0,-4.0
2015-07-14,-8.0,5.0,2.0,4.0,-8.0,-4.0
2015-07-15,-8.0,5.0,2.0,5.0,-8.0,-4.0
2015-07-16,-8.0,5.0,2.0,4.0,-8.0,-4.0
2015-07-17,-8.0,5.0,2.0,4.0,-8.0,-4.0
2015-07-20,-8.0,5.0,2.0,4.0,-8.0,-4.0
2015-07-21,-8.0,-4.0,2.0,4.0,-8.0,4.0
2015-07-22,-8.0,5.0,2.0,4.0,-8.0,-4.0
2015-07-23,-8.0,5.0,2.0,5.0,-8.0,-4.0
2015-07-24,-8.0,5.0,2.0,5.0,-8.0,-4.0
2015-07-27,-8.0,5.0,2.0,5.0,-8.0,-4.0
2015-07-28,-8.0,5.0,2.0,5.0,-8.0,-4.0
2015-07-29,-8.0,5.0,2.0,5.0,-8.0,-4.0
2015-07-30,-8.0,5.0,2.0,4.0,-8.0,-4.0
2015-07-31,-8.0,5.0,2.0,5.0,-8.0,-4.0
2015-08-03,-8.0,5.0,2.0,5.0,-8.0,-4.0
2015-08-04,-8.0,5.0,2.0,5.0,-8.0,-4.0
2015-08-05,-8.0,5.0,2.0,5.0,-8.0,-4.0
2015-08-06,-8.0,4.0,2.0,5.0,-8.0,-4.0
2015-08-07,-8.0,4.0,2.0,5.0,-8.0,-4.0
2015-08-10,-8.0,4.0,2.0,5.0,-8.0,-4.0
2015-08-11,-8.0,5.0,2.0,5.0,-8.0,-4.0
2015-08-12,-8.0,4.0,2.0,5.0,-8.0,-4.0
2015-08-13,-8.0,4.0,2.0,4.0,-8.0,-4.0
2015-08-14,-8.0,4.0,2.0,4.0,-8.0,-4.0
2015-08-17,-8.0,4.0,2.0,4.0,-8.0,-4.0
2015-08-18,-8.0,4.0,2.0,5.0,-8.0,-4.0
2015-08-19,-8.0,4.0,2.0,5.0,-8.0,-4.0
2015-08-20,-8.0,4.0,2.0,5.0,-8.0,-4.0
2015-08-21,-8.0,4.0,2.0,5.0,-8.0,-4.0
2015-08-24,-8.0,4.0,2.0,5.0,-8.0,-4.0
2015-08-25,-9.0,5.0,2.0,5.0,-9.0,-4.0
2015-08-26,-9.0,5.0,2.0,5.0,-9.0,-4.0
2015-08-27,-9.0,5.0,2.0,5.0,-9.0,-5.0
2015-08-28,-8.0,4.0,2.0,5.0,-8.0,-4.0
2015-08-31,-8.0,4.0,2.0,5.0,-8.0,-4.0
2015-09-01,-9.0,4.0,2.0,5.0,-9.0,-4.0
2015-09-02,-8.0,4.0,2.0,5.0,-8.0,-4.0
2015-09-07,-8.0,4.0,2.0,5.0,-9.0,-4.0
2015-09-08,-9.0,4.0,2.0,5.0,-9.0,-4.0
2015-09-09,-9.0,4.0,2.0,5.0,-9.0,-4.0
2015-09-10,-9.0,4.0,2.0,5.0,-9.0,-4.0
2015-09-11,-8.0,4.0,2.0,5.0,-9.0,-4.0
2015-09-14,-8.0,4.0,2.0,5.0,-9.0,-4.0
2015-09-15,-9.0,4.0,2.0,5.0,-9.0,-4.0
2015-09-16,-9.0,4.0,2.0,5.0,-9.0,-4.0
2015-09-17,-9.0,4.0,2.0,5.0,-9.0,-4.0
2015-09-18,-9.0,4.0,2.0,5.0,-9.0,-4.0
2015-09-21,-9.0,4.0,2.0,5.0,-9.0,-4.0
2015-09-22,-9.0,4.0,2.0,5.0,-9.0,-4.0
2015-09-23,-9.0,4.0,2.0,5.0,-9.0,-4.0
2015-09-24,-9.0,4.0,2.0,5.0,-9.0,-5.0
2015-09-25,-9.0,4.0,2.0,5.0,-9.0,-5.0
2015-09-28,-9.0,4.0,2.0,5.0,-9.0,-5.0
2015-09-29,-9.0,5.0,2.0,5.0,-9.0,-5.0
2015-09-30,-9.0,5.0,2.0,5.0,-9.0,-5.0
2015-10-08,-9.0,5.0,2.0,5.0,-9.0,-5.0
2015-10-09,-9.0,4.0,2.0,5.0,-9.0,-5.0
2015-10-12,-9.0,4.0,2.0,5.0,-9.0,-5.0
2015-10-13,-9.0,4.0,2.0,5.0,-9.0,-5.0
2015-10-14,-9.0,4.0,2.0,5.0,-9.0,-5.0
2015-10-15,-9.0,4.0,2.0,5.0,-9.0,-5.0
2015-10-16,-9.0,4.0,2.0,5.0,-9.0,-5.0
2015-10-19,-9.0,5.0,2.0,5.0,-9.0,-5.0
2015-10-20,-9.0,4.0,2.0,5.0,-9.0,-5.0
2015-10-21,-9.0,4.0,2.0,5.0,-9.0,-5.0
2015-10-22,-9.0,5.0,2.0,5.0,-9.0,-5.0
2015-10-23,-9.0,5.0,2.0,5.0,-9.0,-5.0
2015-10-26,9.0,-5.0,2.0,5.0,-9.0,-5.0
2015-10-27,-9.0,-5.0,2.0,5.0,-9.0,5.0
2015-10-28,9.0,-5.0,2.0,5.0,-9.0,-5.0
2015-10-29,9.0,-5.0,2.0,5.0,-9.0,-5.0
2015-10-30,9.0,-5.0,2.0,5.0,-9.0,-5.0
2015-11-02,-9.0,-5.0,2.0,5.0,9.0,-5.0
2015-11-03,-9.0,-5.0,2.0,5.0,-9.0,5.0
2015-11-04,-9.0,-5.0,2.0,5.0,9.0,-5.0
2015-11-05,-9.0,-5.0,2.0,5.0,9.0,-5.0
2015-11-06,-9.0,-5.0,2.0,5.0,9.0,-5.0
2015-11-09,9.0,-5.0,2.0,5.0,-9.0,-5.0
2015-11-10,-9.0,-5.0,2.0,5.0,-9.0,5.0
2015-11-11,-9.0,-5.0,2.0,5.0,-9.0,5.0
2015-11-12,-9.0,-5.0,2.0,5.0,-9.0,6.0
2015-11-13,-9.0,-5.0,2.0,5.0,-9.0,6.0
2015-11-16,-9.0,-5.0,2.0,5.0,-9.0,6.0
2015-11-17,-9.0,-5.0,2.0,5.0,-10.0,6.0
2015-11-18,-9.0,-5.0,2.0,5.0,-10.0,6.0
2015-11-19,-9.0,-5.0,2.0,5.0,-10.0,6.0
2015-11-20,-10.0,-5.0,2.0,5.0,-10.0,6.0
2015-11-23,-10.0,-5.0,2.0,5.0,-10.0,6.0
2015-11-24,-10.0,-6.0,2.0,5.0,-10.0,6.0
2015-11-25,-10.0,-6.0,2.0,6.0,-10.0,6.0
2015-11-26,-10.0,-5.0,3.0,5.0,-10.0,6.0
2015-11-27,-10.0,-5.0,3.0,5.0,-10.0,6.0
2015-11-30,-10.0,-6.0,3.0,5.0,-10.0,6.0
2015-12-01,-10.0,-6.0,3.0,5.0,-10.0,6.0
2015-12-02,-10.0,-6.0,3.0,5.0,-10.0,6.0
2015-12-03,-10.0,-6.0,3.0,5.0,-10.0,6.0
2015-12-04,-10.0,-6.0,3.0,5.0,-10.0,6.0
2015-12-07,-10.0,-6.0,3.0,5.0,-10.0,6.0
2015-12-08,-10.0,-6.0,3.0,5.0,-10.0,6.0
2015-12-09,-10.0,-6.0,3.0,5.0,-10.0,6.0
2015-12-10,-10.0,-6.0,3.0,5.0,-10.0,6.0
2015-12-11,-10.0,-6.0,3.0,5.0,-10.0,6.0
2015-12-14,-9.0,-6.0,3.0,5.0,-10.0,6.0
2015-12-15,-9.0,-6.0,3.0,5.0,-10.0,6.0
2015-12-16,-9.0,-6.0,3.0,5.0,-10.0,6.0
2015-12-17,-9.0,-6.0,3.0,5.0,-10.0,6.0
2015-12-18,-9.0,-6.0,3.0,5.0,-10.0,6.0
2015-12-21,-9.0,-6.0,3.0,5.0,-10.0,6.0
2015-12-22,-9.0,-5.0,3.0,5.0,-10.0,5.0
2015-12-23,-9.0,-5.0,3.0,5.0,-10.0,5.0
2015-12-24,-9.0,-6.0,3.0,5.0,-10.0,5.0
2015-12-25,-9.0,-5.0,3.0,5.0,-10.0,5.0
2015-12-28,-9.0,-5.0,3.0,5.0,-10.0,6.0
2015-12-29,-9.0,-5.0,3.0,5.0,-10.0,6.0
2015-12-30,-9.0,-5.0,3.0,5.0,-9.0,5.0
2015-12-31,-9.0,-5.0,3.0,5.0,-9.0,5.0
2016-01-04,-9.0,-5.0,3.0,5.0,-9.0,5.0
2016-01-05,-9.0,-5.0,3.0,5.0,-9.0,5.0
2016-01-06,-9.0,-5.0,3.0,5.0,-9.0,5.0
2016-01-07,-9.0,-5.0,3.0,5.0,-9.0,5.0
2016-01-08,-9.0,-5.0,3.0,5.0,-9.0,5.0
2016-01-11,-9.0,-5.0,3.0,5.0,-9.0,5.0
2016-01-12,-9.0,-5.0,3.0,5.0,-9.0,5.0
2016-01-13,-9.0,-6.0,3.0,5.0,-10.0,5.0
2016-01-14,-9.0,-6.0,3.0,5.0,-10.0,6.0
2016-01-15,-9.0,-5.0,3.0,5.0,-9.0,6.0
2016-01-18,-9.0,-5.0,3.0,5.0,-9.0,6.0
2016-01-19,-9.0,-5.0,3.0,5.0,-9.0,5.0
2016-01-20,-9.0,-5.0,3.0,5.0,-9.0,5.0
2016-01-21,-9.0,-5.0,3.0,5.0,-9.0,5.0
2016-01-22,-9.0,-5.0,3.0,5.0,-9.0,5.0
2016-01-25,-9.0,-5.0,3.0,5.0,-9.0,5.0
2016-01-26,-9.0,-5.0,3.0,5.0,-9.0,5.0
2016-01-27,-9.0,-5.0,3.0,5.0,-9.0,5.0
2016-01-28,-9.0,-5.0,3.0,5.0,-9.0,5.0
2016-01-29,-9.0,-5.0,3.0,5.0,-9.0,5.0
2016-02-01,-9.0,-5.0,3.0,5.0,-9.0,5.0
2016-02-02,-9.0,-5.0,3.0,5.0,-9.0,5.0
2016-02-03,-9.0,-5.0,3.0,5.0,-9.0,5.0
2016-02-04,-9.0,-5.0,3.0,5.0,-9.0,5.0
2016-02-05,-8.0,-5.0,3.0,5.0,-9.0,5.0
2016-02-15,-9.0,-5.0,3.0,5.0,-9.0,5.0
2016-02-16,-9.0,-5.0,3.0,5.0,-9.0,5.0
2016-02-17,-8.0,-5.0,3.0,5.0,-9.0,5.0
2016-02-18,-8.0,-5.0,3.0,5.0,-9.0,5.0
2016-02-19,-8.0,-5.0,3.0,5.0,-9.0,5.0
2016-02-22,-8.0,-5.0,2.0,5.0,-9.0,5.0
2016-02-23,-8.0,-5.0,2.0,5.0,-8.0,5.0
2016-02-24,-8.0,-5.0,2.0,5.0,-9.0,5.0
2016-02-25,-8.0,-4.0,2.0,5.0,-9.0,5.0
2016-02-26,-8.0,-5.0,2.0,5.0,-9.0,5.0
2016-02-29,-8.0,-5.0,2.0,5.0,-9.0,5.0
2016-03-01,-8.0,-5.0,2.0,5.0,-8.0,5.0
2016-03-02,-8.0,-4.0,2.0,5.0,-8.0,5.0
2016-03-03,-8.0,-4.0,2.0,5.0,-8.0,5.0
2016-03-04,-8.0,-4.0,2.0,5.0,-8.0,5.0
2016-03-07,-8.0,-4.0,2.0,5.0,-8.0,5.0
2016-03-08,7.0,-4.0,2.0,-5.0,8.0,-5.0
2016-03-09,7.0,4.0,-2.0,-4.0,8.0,-5.0
2016-03-10,8.0,4.0,2.0,-5.0,-8.0,-5.0
2016-03-11,-7.0,-4.0,2.0,5.0,-8.0,5.0
2016-03-14,7.0,-4.0,2.0,-5.0,8.0,-5.0
2016-03-15,8.0,-4.0,2.0,-5.0,8.0,-5.0
2016-03-16,8.0,-4.0,2.0,-5.0,8.0,-5.0
2016-03-17,-8.0,-4.0,2.0,5.0,8.0,-5.0
2016-03-18,-7.0,-4.0,2.0,4.0,-8.0,5.0
2016-03-21,-7.0,-4.0,2.0,4.0,-8.0,5.0
2016-03-22,-7.0,-4.0,2.0,4.0,-8.0,5.0
2016-03-23,-7.0,-4.0,2.0,4.0,-8.0,5.0
2016-03-24,-7.0,-4.0,2.0,4.0,-8.0,5.0
2016-03-25,-7.0,4.0,2.0,5.0,-8.0,-5.0
2016-03-28,-7.0,-4.0,2.0,5.0,-8.0,5.0
2016-03-29,-7.0,-4.0,-2.0,5.0,8.0,5.0
2016-03-30,-7.0,4.0,-2.0,5.0,8.0,-5.0
2016-03-31,-7.0,-4.0,-2.0,5.0,8.0,5.0
2016-04-01,-7.0,4.0,-2.0,-4.0,8.0,5.0
2016-04-05,-7.0,4.0,-2.0,-4.0,8.0,5.0
2016-04-06,-7.0,4.0,-2.0,-4.0,8.0,5.0
2016-04-07,-7.0,4.0,-2.0,-4.0,8.0,5.0
2016-04-08,-7.0,4.0,-2.0,-4.0,8.0,5.0
2016-04-11,-6.0,4.0,-2.0,-4.0,8.0,5.0
2016-04-12,-6.0,4.0,-2.0,-4.0,7.0,5.0
2016-04-13,6.0,-4.0,-2.0,-4.0,7.0,5.0
2016-04-14,7.0,4.0,-2.0,-4.0,7.0,-4.0
2016-04-15,7.0,4.0,-2.0,-4.0,7.0,-4.0
2016-04-18,7.0,4.0,-2.0,-4.0,7.0,-5.0
2016-04-19,6.0,4.0,-2.0,-4.0,7.0,-4.0
2016-04-20,6.0,4.0,-2.0,-4.0,7.0,-4.0
2016-04-21,6.0,4.0,-2.0,-4.0,6.0,-4.0
2016-04-22,6.0,4.0,-2.0,-4.0,6.0,-4.0
2016-04-25,6.0,4.0,-2.0,-4.0,6.0,-4.0
2016-04-26,6.0,4.0,-2.0,-3.0,6.0,-4.0
2016-04-27,6.0,4.0,-2.0,-3.0,7.0,-4.0
2016-04-28,6.0,4.0,-2.0,-4.0,7.0,-4.0
2016-04-29,6.0,4.0,-2.0,-4.0,7.0,-4.0
2016-05-03,6.0,4.0,-2.0,-4.0,6.0,-4.0
2016-05-04,6.0,4.0,-2.0,-4.0,7.0,-4.0
2016-05-05,7.0,4.0,-2.0,-4.0,7.0,-4.0
2016-05-06,7.0,4.0,-2.0,-4.0,7.0,-4.0
2016-05-09,7.0,-4.0,2.0,-4.0,7.0,-4.0
2016-05-10,7.0,4.0,2.0,-4.0,-8.0,-4.0
2016-05-11,7.0,4.0,2.0,-4.0,-8.0,-4.0
2016-05-12,7.0,-4.0,2.0,-4.0,8.0,-4.0
2016-05-13,7.0,-4.0,2.0,-4.0,8.0,-4.0
2016-05-16,8.0,5.0,2.0,-4.0,-8.0,-5.0
2016-05-17,7.0,-5.0,2.0,-4.0,8.0,-4.0
2016-05-18,7.0,-4.0,2.0,-4.0,8.0,-4.0
2016-05-19,7.0,4.0,2.0,-4.0,-8.0,-4.0
2016-05-20,7.0,5.0,2.0,-4.0,-8.0,-4.0
2016-05-23,7.0,-4.0,2.0,-4.0,8.0,-4.0
2016-05-24,8.0,5.0,2.0,-4.0,-9.0,-4.0
2016-05-25,8.0,-5.0,2.0,4.0,-9.0,-4.0
2016-05-26,8.0,-5.0,2.0,4.0,-9.0,-4.0
2016-05-27,8.0,-5.0,2.0,4.0,-9.0,-4.0
2016-05-30,7.0,-5.0,2.0,4.0,-8.0,-4.0
2016-05-31,7.0,-5.0,2.0,4.0,-8.0,-4.0
2016-06-01,8.0,-5.0,2.0,4.0,-8.0,-4.0
2016-06-02,8.0,-5.0,2.0,4.0,-9.0,-4.0
2016-06-03,8.0,-5.0,2.0,4.0,-9.0,-4.0
2016-06-06,8.0,-5.0,2.0,4.0,-8.0,-4.0
2016-06-07,7.0,-5.0,2.0,4.0,-8.0,-4.0
2016-06-08,7.0,-5.0,2.0,4.0,-8.0,-4.0
2016-06-13,7.0,-5.0,2.0,4.0,-8.0,-4.0
2016-06-14,7.0,-4.0,2.0,4.0,-8.0,-4.0
2016-06-15,7.0,-5.0,2.0,4.0,-8.0,-4.0
2016-06-16,7.0,-5.0,2.0,4.0,-8.0,-4.0
2016-06-17,7.0,-5.0,2.0,4.0,-8.0,-4.0
2016-06-20,7.0,-4.0,2.0,4.0,-8.0,-4.0
2016-06-21,7.0,-5.0,2.0,4.0,-8.0,-4.0
2016-06-22,7.0,-4.0,2.0,4.0,-8.0,-4.0
2016-06-23,7.0,-4.0,2.0,4.0,-8.0,-4.0
2016-06-24,7.0,-4.0,2.0,4.0,-8.0,-4.0
2016-06-27,7.0,-4.0,2.0,4.0,-8.0,-4.0
2016-06-28,7.0,-4.0,2.0,4.0,-7.0,-4.0
2016-06-29,7.0,-4.0,2.0,4.0,-7.0,-4.0
2016-06-30,7.0,-4.0,2.0,4.0,-7.0,-4.0
2016-07-01,7.0,-4.0,2.0,4.0,-7.0,-4.0
2016-07-04,7.0,-4.0,2.0,4.0,-7.0,-4.0
2016-07-05,6.0,-4.0,2.0,4.0,-7.0,-4.0
2016-07-06,7.0,-4.0,2.0,4.0,-7.0,-4.0
2016-07-07,7.0,-4.0,2.0,4.0,-7.0,-4.0
2016-07-08,7.0,-4.0,2.0,4.0,-7.0,-4.0
2016-07-11,6.0,-4.0,2.0,4.0,-7.0,-4.0
2016-07-12,6.0,-4.0,2.0,-4.0,-7.0,4.0
2016-07-13,6.0,-4.0,2.0,-4.0,-7.0,4.0
2016-07-14,6.0,-4.0,2.0,4.0,-7.0,-4.0
2016-07-15,6.0,-4.0,2.0,4.0,-7.0,-4.0
2016-07-18,6.0,-4.0,2.0,4.0,-7.0,-4.0
2016-07-19,7.0,-4.0,2.0,4.0,-7.0,-4.0
2016-07-20,7.0,-4.0,2.0,4.0,-7.0,-4.0
2016-07-21,7.0,-4.0,2.0,4.0,-7.0,-4.0
2016-07-22,10.0,-6.0,0.0,6.0,-10.0,0.0
2016-07-25,7.0,-4.0,2.0,4.0,-7.0,-4.0
2016-07-26,7.0,-4.0,2.0,4.0,-7.0,-4.0
2016-07-27,10.0,-6.0,0.0,6.0,-11.0,0.0
2016-07-28,6.0,-4.0,2.0,-4.0,-7.0,4.0
2016-07-29,6.0,-4.0,2.0,4.0,-7.0,-4.0
2016-08-01,6.0,-4.0,2.0,-4.0,-7.0,4.0
2016-08-02,6.0,-3.0,2.0,-4.0,-7.0,4.0
2016-08-03,6.0,-3.0,1.0,-4.0,-7.0,4.0
2016-08-04,6.0,-3.0,-1.0,4.0,-7.0,4.0
2016-08-05,6.0,-4.0,-1.0,4.0,-7.0,4.0
2016-08-08,6.0,-3.0,1.0,-4.0,-7.0,4.0
2016-08-09,6.0,-3.0,1.0,-3.0,-6.0,4.0
2016-08-10,6.0,-3.0,-1.0,3.0,-6.0,4.0
2016-08-11,6.0,-3.0,-1.0,3.0,-6.0,3.0
2016-08-12,6.0,4.0,-1.0,-3.0,-6.0,4.0
2016-08-15,6.0,4.0,-1.0,-3.0,-6.0,4.0
2016-08-16,6.0,4.0,-1.0,-3.0,-6.0,4.0
2016-08-17,6.0,4.0,1.0,-3.0,-6.0,-3.0
2016-08-18,6.0,4.0,-1.0,-3.0,6.0,-3.0
2016-08-19,6.0,4.0,1.0,-3.0,-7.0,-3.0
2016-08-22,6.0,4.0,-1.0,3.0,-6.0,-3.0
2016-08-23,6.0,4.0,-1.0,3.0,-7.0,-3.0
2016-08-24,6.0,4.0,-1.0,3.0,-6.0,-3.0
2016-08-25,6.0,4.0,-1.0,3.0,-6.0,-3.0
2016-08-26,6.0,4.0,-1.0,3.0,-6.0,-3.0
2016-08-29,6.0,-4.0,1.0,3.0,-7.0,-3.0
2016-08-30,-6.0,4.0,1.0,3.0,-7.0,-3.0
2016-08-31,-6.0,4.0,1.0,3.0,-7.0,-3.0
2016-09-01,-6.0,4.0,1.0,3.0,-7.0,-3.0
2016-09-02,6.0,-4.0,1.0,3.0,-7.0,-3.0
2016-09-05,6.0,-4.0,1.0,3.0,-7.0,-3.0
2016-09-06,6.0,-4.0,1.0,3.0,-7.0,-3.0
2016-09-07,6.0,-4.0,1.0,3.0,-7.0,-3.0
2016-09-08,7.0,-4.0,1.0,3.0,-7.0,-3.0
2016-09-09,6.0,-4.0,1.0,3.0,-7.0,-3.0
2016-09-12,-6.0,-4.0,1.0,3.0,-7.0,3.0
2016-09-13,-7.0,-4.0,1.0,3.0,-7.0,3.0
2016-09-14,-7.0,-4.0,1.0,3.0,-7.0,3.0
2016-09-19,-7.0,-4.0,1.0,3.0,-7.0,3.0
2016-09-20,-7.0,4.0,1.0,3.0,-7.0,-3.0
2016-09-21,7.0,-4.0,1.0,3.0,-7.0,-3.0
2016-09-22,7.0,-4.0,1.0,3.0,-7.0,-3.0
2016-09-23,6.0,-4.0,1.0,3.0,-7.0,-3.0
2016-09-26,-6.0,-4.0,1.0,3.0,-7.0,3.0
2016-09-27,-6.0,-4.0,1.0,3.0,-7.0,3.0
2016-09-28,6.0,-4.0,1.0,3.0,-7.0,-3.0
2016-09-29,-6.0,-4.0,1.0,3.0,-7.0,3.0
2016-09-30,6.0,-4.0,1.0,3.0,-7.0,-3.0
2016-10-10,7.0,-4.0,1.0,3.0,-7.0,-3.0
2016-10-11,6.0,-4.0,1.0,3.0,-7.0,-3.0
2016-10-12,-6.0,-4.0,1.0,3.0,-7.0,3.0
2016-10-13,-6.0,-4.0,1.0,3.0,-7.0,3.0
2016-10-14,-6.0,-4.0,1.0,3.0,-7.0,3.0
2016-10-17,-6.0,-4.0,1.0,3.0,-7.0,3.0
2016-10-18,6.0,-4.0,1.0,2.0,-7.0,-3.0
2016-10-19,6.0,-4.0,1.0,2.0,-7.0,-3.0
2016-10-20,6.0,-4.0,1.0,2.0,-7.0,-3.0
2016-10-21,6.0,-4.0,1.0,2.0,-7.0,-3.0
2016-10-24,6.0,-4.0,1.0,2.0,-7.0,-3.0
2016-10-25,6.0,-4.0,1.0,2.0,-7.0,-3.0
2016-10-26,6.0,-4.0,1.0,2.0,-6.0,-3.0
2016-10-27,6.0,-4.0,1.0,2.0,-7.0,-3.0
2016-10-28,-6.0,-3.0,1.0,2.0,-7.0,3.0
2016-10-31,-6.0,-3.0,1.0,2.0,-6.0,3.0
2016-11-01,6.0,-3.0,-1.0,2.0,-6.0,3.0
2016-11-02,-5.0,-3.0,1.0,2.0,-6.0,3.0
2016-11-03,-5.0,-3.0,1.0,2.0,-6.0,3.0
2016-11-04,-5.0,-3.0,1.0,2.0,-6.0,3.0
2016-11-07,5.0,-3.0,-1.0,2.0,-6.0,3.0
2016-11-08,5.0,-3.0,-1.0,2.0,-6.0,2.0
2016-11-09,-5.0,-3.0,1.0,2.0,-6.0,3.0
2016-11-10,5.0,-3.0,-1.0,2.0,-6.0,3.0
2016-11-11,5.0,-3.0,-1.0,2.0,-6.0,3.0
2016-11-14,-5.0,-3.0,1.0,2.0,-5.0,3.0
2016-11-15,5.0,-3.0,-1.0,2.0,-6.0,3.0
2016-11-16,-5.0,-3.0,1.0,2.0,-6.0,3.0
2016-11-17,-5.0,-3.0,1.0,2.0,-6.0,3.0
2016-11-18,-5.0,-3.0,1.0,2.0,-6.0,3.0
2016-11-21,-5.0,-3.0,1.0,2.0,-6.0,3.0
2016-11-22,-5.0,-3.0,1.0,2.0,-6.0,3.0
2016-11-23,-5.0,-3.0,1.0,2.0,-6.0,3.0
2016-11-24,-5.0,-3.0,1.0,2.0,-6.0,3.0
2016-11-25,-5.0,-3.0,1.0,2.0,-6.0,3.0
2016-11-28,-5.0,-3.0,1.0,2.0,-5.0,3.0
2016-11-29,-5.0,-3.0,1.0,2.0,-5.0,3.0
2016-11-30,-5.0,3.0,1.0,2.0,-5.0,-3.0
2016-12-01,-5.0,3.0,1.0,2.0,-6.0,-3.0
2016-12-02,-5.0,-3.0,1.0,2.0,-5.0,3.0
2016-12-05,-5.0,3.0,1.0,2.0,-5.0,-3.0
2016-12-06,-5.0,-3.0,1.0,2.0,-5.0,3.0
2016-12-07,-5.0,-3.0,1.0,2.0,-5.0,3.0
2016-12-08,-4.0,-3.0,1.0,2.0,-5.0,3.0
2016-12-09,-4.0,-3.0,1.0,2.0,-5.0,3.0
2016-12-12,-4.0,-3.0,1.0,2.0,-5.0,3.0
2016-12-13,-4.0,-3.0,1.0,2.0,-5.0,3.0
2016-12-14,-4.0,-3.0,1.0,2.0,-5.0,3.0
2016-12-15,-4.0,-3.0,1.0,2.0,-5.0,3.0
2016-12-16,-4.0,-3.0,1.0,2.0,-5.0,3.0
2016-12-19,-5.0,-3.0,1.0,2.0,-5.0,3.0
2016-12-20,-5.0,-3.0,1.0,2.0,-5.0,3.0
2016-12-21,-5.0,-3.0,1.0,2.0,-5.0,3.0
2016-12-22,-5.0,-3.0,1.0,2.0,-5.0,3.0
2016-12-23,-5.0,-3.0,1.0,2.0,-6.0,3.0
2016-12-26,-5.0,-3.0,1.0,2.0,-6.0,3.0
2016-12-27,-5.0,-3.0,1.0,2.0,-6.0,3.0
2016-12-28,-5.0,-3.0,1.0,2.0,-6.0,3.0
2016-12-29,-5.0,-3.0,1.0,2.0,-6.0,3.0
2016-12-30,-5.0,-3.0,1.0,2.0,-6.0,3.0
2017-01-03,-5.0,-3.0,1.0,2.0,-6.0,3.0
2017-01-04,-5.0,-3.0,1.0,2.0,-6.0,3.0
2017-01-05,-5.0,-3.0,1.0,2.0,-6.0,3.0
2017-01-06,-5.0,-3.0,1.0,2.0,-6.0,3.0
2017-01-09,-5.0,-3.0,1.0,2.0,-6.0,3.0
2017-01-10,-5.0,-3.0,1.0,2.0,-5.0,3.0
2017-01-11,-5.0,-3.0,1.0,2.0,-5.0,3.0
2017-01-12,-5.0,-3.0,1.0,2.0,-5.0,3.0
2017-01-13,-5.0,-3.0,1.0,2.0,-5.0,3.0
2017-01-16,-5.0,-3.0,1.0,2.0,-5.0,3.0
2017-01-17,-4.0,-3.0,1.0,2.0,-5.0,3.0
2017-01-18,-5.0,-3.0,1.0,2.0,-5.0,3.0
2017-01-19,-5.0,-3.0,1.0,2.0,-5.0,3.0
2017-01-20,-5.0,-3.0,1.0,2.0,-5.0,3.0
2017-01-23,-5.0,-3.0,1.0,2.0,-5.0,3.0
2017-01-24,-5.0,-3.0,1.0,2.0,-5.0,3.0
2017-01-25,-5.0,-3.0,1.0,2.0,-5.0,3.0
2017-01-26,-5.0,-3.0,1.0,2.0,-5.0,3.0
2017-02-03,-5.0,-3.0,1.0,2.0,-5.0,3.0
2017-02-06,5.0,-3.0,1.0,2.0,-5.0,-3.0
2017-02-07,5.0,-3.0,1.0,2.0,-5.0,-3.0
2017-02-08,5.0,-3.0,1.0,2.0,-5.0,-3.0
2017-02-09,5.0,-3.0,1.0,2.0,-5.0,-3.0
2017-02-10,-5.0,-3.0,1.0,2.0,-5.0,3.0
2017-02-13,-5.0,-2.0,1.0,2.0,-5.0,3.0
2017-02-14,-4.0,-2.0,1.0,2.0,-5.0,3.0
2017-02-15,-4.0,-2.0,1.0,2.0,-5.0,3.0
2017-02-16,-5.0,-2.0,1.0,2.0,-5.0,3.0
2017-02-17,5.0,-2.0,1.0,-2.0,-5.0,3.0
2017-02-20,-4.0,-2.0,1.0,2.0,-5.0,3.0
2017-02-21,4.0,-2.0,1.0,-2.0,-5.0,3.0
2017-02-22,4.0,-2.0,1.0,-2.0,-5.0,3.0
2017-02-23,5.0,-2.0,1.0,-2.0,-5.0,3.0
2017-02-24,5.0,-2.0,1.0,2.0,-5.0,-3.0
2017-02-27,-5.0,-2.0,1.0,2.0,-5.0,3.0
2017-02-28,-4.0,-2.0,1.0,2.0,-5.0,3.0
2017-03-01,5.0,-2.0,1.0,-2.0,5.0,-3.0
2017-03-02,5.0,-2.0,-1.0,-2.0,5.0,3.0
2017-03-03,5.0,-2.0,-1.0,-2.0,5.0,3.0
2017-03-06,5.0,-2.0,-1.0,-2.0,5.0,3.0
2017-03-07,5.0,-3.0,-1.0,-2.0,5.0,3.0
2017-03-08,5.0,-3.0,-1.0,-2.0,5.0,3.0
2017-03-09,5.0,-3.0,-1.0,-2.0,5.0,3.0
2017-03-10,5.0,-3.0,-1.0,-2.0,5.0,3.0
2017-03-13,5.0,-3.0,-1.0,-2.0,5.0,3.0
2017-03-14,5.0,-2.0,-1.0,-2.0,5.0,3.0
2017-03-15,5.0,-2.0,-1.0,-2.0,5.0,3.0
2017-03-16,5.0,-2.0,-1.0,-2.0,5.0,3.0
2017-03-17,-5.0,-2.0,-1.0,2.0,5.0,3.0
2017-03-20,-5.0,-2.0,-1.0,2.0,5.0,3.0
2017-03-21,5.0,-2.0,-1.0,-2.0,5.0,3.0
2017-03-22,5.0,-2.0,-1.0,-2.0,5.0,3.0
2017-03-23,-5.0,3.0,-1.0,-2.0,5.0,3.0
2017-03-24,-5.0,3.0,-1.0,-2.0,5.0,3.0
2017-03-27,-5.0,3.0,-1.0,-2.0,5.0,3.0
2017-03-28,-5.0,3.0,-1.0,-2.0,5.0,3.0
2017-03-29,5.0,3.0,-1.0,-2.0,5.0,-3.0
2017-03-30,-5.0,3.0,-1.0,-2.0,5.0,3.0
2017-03-31,5.0,3.0,-1.0,-2.0,5.0,-3.0
2017-04-05,-5.0,3.0,1.0,-2.0,5.0,-3.0
2017-04-06,5.0,3.0,-1.0,-2.0,5.0,-3.0
2017-04-07,-5.0,3.0,1.0,-2.0,5.0,-3.0
2017-04-10,-5.0,3.0,-1.0,2.0,5.0,-3.0
2017-04-11,-5.0,-3.0,1.0,2.0,6.0,-3.0
2017-04-12,-6.0,-3.0,1.0,2.0,6.0,-3.0
2017-04-13,-6.0,-3.0,1.0,2.0,6.0,-3.0
2017-04-14,-6.0,-3.0,1.0,2.0,6.0,-3.0
2017-04-17,-6.0,-3.0,1.0,3.0,6.0,-3.0
2017-04-18,-6.0,-3.0,1.0,2.0,6.0,-3.0
2017-04-19,-6.0,-4.0,1.0,3.0,6.0,-3.0
2017-04-20,-6.0,-3.0,1.0,3.0,-6.0,3.0
2017-04-21,-6.0,-3.0,1.0,2.0,-6.0,3.0
2017-04-24,-6.0,-3.0,1.0,2.0,-6.0,3.0
2017-04-25,-6.0,-3.0,1.0,3.0,-6.0,3.0
2017-04-26,-6.0,-3.0,1.0,3.0,-6.0,3.0
2017-04-27,-6.0,-3.0,1.0,3.0,-6.0,3.0
2017-04-28,-5.0,-3.0,1.0,2.0,-6.0,3.0
2017-05-02,-5.0,-3.0,1.0,2.0,-5.0,3.0
2017-05-03,-5.0,-3.0,1.0,2.0,-5.0,3.0
2017-05-04,-5.0,-3.0,1.0,3.0,-5.0,3.0
2017-05-05,-6.0,-3.0,1.0,3.0,-6.0,3.0
2017-05-08,-6.0,-4.0,1.0,3.0,-6.0,3.0
2017-05-09,-6.0,-4.0,1.0,3.0,-6.0,3.0
2017-05-10,-6.0,-4.0,1.0,3.0,-6.0,3.0
2017-05-11,-6.0,-4.0,1.0,3.0,-5.0,3.0
2017-05-12,-6.0,-4.0,1.0,3.0,-5.0,3.0
2017-05-15,-6.0,-4.0,1.0,3.0,6.0,-3.0
2017-05-16,-6.0,-4.0,1.0,3.0,6.0,-3.0
2017-05-17,-6.0,-4.0,1.0,3.0,6.0,-3.0
2017-05-18,-5.0,-3.0,1.0,3.0,5.0,-3.0
2017-05-19,-5.0,-4.0,1.0,3.0,5.0,-3.0
2017-05-22,-5.0,-3.0,1.0,3.0,5.0,-3.0
2017-05-23,-5.0,-3.0,1.0,3.0,5.0,-3.0
2017-05-24,-5.0,-3.0,1.0,3.0,5.0,-3.0
2017-05-25,-5.0,-4.0,1.0,3.0,5.0,-3.0
2017-05-26,-5.0,-4.0,1.0,3.0,5.0,-3.0
2017-05-31,-5.0,-4.0,1.0,3.0,5.0,-3.0
2017-06-01,-5.0,-4.0,1.0,3.0,5.0,-3.0
2017-06-02,-6.0,-4.0,1.0,3.0,5.0,-3.0
2017-06-05,-6.0,-4.0,1.0,3.0,6.0,-3.0
2017-06-06,-6.0,-4.0,1.0,3.0,6.0,-3.0
2017-06-07,-6.0,-4.0,1.0,3.0,6.0,-3.0
2017-06-08,-6.0,-4.0,1.0,3.0,6.0,-3.0
2017-06-09,-6.0,-4.0,1.0,3.0,6.0,-3.0
2017-06-12,-5.0,-4.0,1.0,3.0,6.0,-3.0
2017-06-13,-5.0,-4.0,1.0,3.0,5.0,-3.0
2017-06-14,-6.0,-4.0,1.0,3.0,6.0,-3.0
2017-06-15,-5.0,-4.0,1.0,3.0,5.0,-3.0
2017-06-16,-5.0,-4.0,1.0,3.0,5.0,-3.0
2017-06-19,-5.0,-4.0,1.0,3.0,5.0,-3.0
2017-06-20,-5.0,-4.0,1.0,3.0,5.0,-3.0
2017-06-21,-5.0,-4.0,1.0,3.0,5.0,-3.0
2017-06-22,-5.0,-4.0,1.0,3.0,5.0,-3.0
2017-06-23,-5.0,-4.0,1.0,3.0,5.0,-3.0
2017-06-26,-5.0,-4.0,1.0,3.0,5.0,-3.0
2017-06-27,-5.0,-4.0,1.0,3.0,5.0,-3.0
2017-06-28,-5.0,-4.0,1.0,3.0,5.0,-3.0
2017-06-29,-5.0,-4.0,1.0,3.0,5.0,-3.0
2017-06-30,5.0,-3.0,1.0,-2.0,5.0,-3.0
2017-07-03,5.0,-4.0,1.0,-2.0,5.0,-3.0
2017-07-04,5.0,-3.0,-1.0,2.0,5.0,-3.0
2017-07-05,5.0,-4.0,-1.0,3.0,5.0,-3.0
2017-07-06,5.0,-4.0,-1.0,2.0,5.0,-3.0
2017-07-07,5.0,-4.0,-1.0,2.0,5.0,-3.0
2017-07-10,5.0,-3.0,-1.0,2.0,5.0,-3.0
2017-07-11,5.0,-3.0,-1.0,2.0,5.0,-3.0
2017-07-12,5.0,-3.0,-1.0,2.0,5.0,-3.0
2017-07-13,5.0,-3.0,-1.0,2.0,-5.0,3.0
2017-07-14,5.0,-3.0,-1.0,2.0,-5.0,3.0
2017-07-17,5.0,-3.0,-1.0,2.0,5.0,-3.0
2017-07-18,5.0,-3.0,-1.0,-2.0,5.0,3.0
2017-07-19,5.0,-3.0,-1.0,-2.0,5.0,3.0
2017-07-20,4.0,-3.0,-1.0,-2.0,5.0,3.0
2017-07-21,5.0,-3.0,-1.0,-2.0,5.0,3.0
2017-07-24,5.0,-3.0,-1.0,-2.0,5.0,3.0
2017-07-25,5.0,-3.0,-1.0,-2.0,5.0,3.0
2017-07-26,5.0,-3.0,-1.0,-2.0,5.0,3.0
2017-07-27,5.0,-3.0,-1.0,-2.0,5.0,3.0
2017-07-28,5.0,-3.0,-1.0,-2.0,5.0,3.0
2017-07-31,5.0,-3.0,-1.0,-2.0,5.0,3.0
2017-08-01,4.0,-3.0,-1.0,-2.0,4.0,3.0
2017-08-02,4.0,-3.0,-1.0,-2.0,5.0,3.0
2017-08-03,4.0,-3.0,-1.0,-2.0,4.0,3.0
2017-08-04,4.0,-3.0,-1.0,2.0,-4.0,3.0
2017-08-07,-4.0,3.0,-1.0,2.0,-4.0,3.0
2017-08-08,-4.0,3.0,-1.0,2.0,-4.0,3.0
2017-08-09,-4.0,3.0,-1.0,-2.0,4.0,3.0
2017-08-10,-4.0,3.0,-1.0,-2.0,4.0,3.0
2017-08-11,-4.0,3.0,-1.0,-2.0,4.0,3.0
2017-08-14,4.0,3.0,-1.0,-2.0,4.0,-3.0
2017-08-15,4.0,3.0,-1.0,-2.0,4.0,-3.0
2017-08-16,4.0,3.0,-1.0,-2.0,4.0,-3.0
2017-08-17,4.0,3.0,-1.0,-2.0,4.0,-3.0
2017-08-18,4.0,3.0,-1.0,-2.0,4.0,-3.0
2017-08-21,4.0,3.0,-1.0,-2.0,4.0,-3.0
2017-08-22,4.0,3.0,-1.0,-2.0,4.0,-3.0
2017-08-23,4.0,-3.0,-1.0,-2.0,4.0,3.0
2017-08-24,4.0,3.0,-1.0,-2.0,4.0,-3.0
2017-08-25,4.0,-3.0,-1.0,-2.0,4.0,3.0
2017-08-28,4.0,3.0,-1.0,-2.0,4.0,-3.0
2017-08-29,4.0,3.0,-1.0,-2.0,4.0,-3.0
2017-08-30,4.0,3.0,-1.0,-2.0,4.0,-3.0
2017-08-31,4.0,3.0,-1.0,-2.0,4.0,-3.0
2017-09-01,4.0,3.0,-1.0,-2.0,4.0,-3.0
2017-09-04,4.0,3.0,-1.0,-2.0,4.0,-3.0
2017-09-05,4.0,3.0,-1.0,-2.0,4.0,-3.0
2017-09-06,4.0,3.0,-1.0,-2.0,4.0,-3.0
2017-09-07,4.0,3.0,-1.0,-2.0,4.0,-3.0
2017-09-08,4.0,3.0,-1.0,-2.0,4.0,-3.0
2017-09-11,4.0,3.0,-1.0,-2.0,4.0,-3.0
2017-09-12,4.0,3.0,-1.0,-2.0,4.0,-3.0
2017-09-13,4.0,3.0,-1.0,-2.0,4.0,-3.0
2017-09-14,4.0,3.0,-1.0,-2.0,4.0,-3.0
2017-09-15,4.0,3.0,-1.0,-2.0,4.0,-3.0
2017-09-18,-4.0,3.0,-1.0,2.0,4.0,-3.0
2017-09-19,-4.0,3.0,1.0,2.0,-4.0,-3.0
2017-09-20,-4.0,3.0,1.0,2.0,-4.0,-3.0
2017-09-21,-4.0,3.0,1.0,2.0,-4.0,-3.0
2017-09-22,-4.0,4.0,1.0,2.0,-5.0,-3.0
2017-09-25,-4.0,4.0,1.0,2.0,-5.0,-3.0
2017-09-26,-4.0,-4.0,1.0,2.0,-5.0,3.0
2017-09-27,-4.0,-4.0,1.0,2.0,-5.0,3.0
2017-09-28,-4.0,-4.0,1.0,2.0,-5.0,3.0
2017-09-29,-4.0,-4.0,1.0,2.0,-5.0,3.0
2017-10-09,-4.0,-4.0,1.0,2.0,-5.0,3.0
2017-10-10,-4.0,-4.0,1.0,3.0,-5.0,3.0
2017-10-11,-4.0,-4.0,1.0,3.0,-5.0,3.0
2017-10-12,-4.0,-4.0,1.0,3.0,-5.0,3.0
2017-10-13,-4.0,-4.0,1.0,2.0,-5.0,3.0
2017-10-16,-4.0,-4.0,1.0,2.0,-4.0,3.0
2017-10-17,-4.0,-4.0,1.0,2.0,-4.0,3.0
2017-10-18,-4.0,-4.0,1.0,2.0,-4.0,3.0
2017-10-19,-4.0,-4.0,1.0,2.0,-5.0,3.0
2017-10-20,-4.0,-4.0,1.0,3.0,-5.0,3.0
2017-10-23,-4.0,-4.0,1.0,2.0,-4.0,3.0
2017-10-24,-4.0,-4.0,1.0,2.0,-5.0,3.0
2017-10-25,-4.0,-4.0,1.0,3.0,-4.0,3.0
2017-10-26,-4.0,-4.0,1.0,3.0,-5.0,3.0
2017-10-27,-4.0,-4.0,1.0,3.0,-5.0,3.0
2017-10-30,-4.0,-4.0,1.0,3.0,-5.0,3.0
2017-10-31,-4.0,-4.0,1.0,3.0,-5.0,3.0
2017-11-01,-4.0,-4.0,1.0,3.0,-5.0,3.0
2017-11-02,-4.0,-4.0,1.0,3.0,-5.0,3.0
2017-11-03,-4.0,-4.0,1.0,2.0,-5.0,3.0
2017-11-06,-4.0,-4.0,1.0,2.0,-5.0,3.0
2017-11-07,-4.0,-4.0,1.0,2.0,-4.0,3.0
2017-11-08,-4.0,-4.0,-1.0,2.0,4.0,3.0
2017-11-09,4.0,-4.0,-1.0,2.0,4.0,-3.0
2017-11-10,4.0,-4.0,-1.0,2.0,4.0,-3.0
2017-11-13,-4.0,-4.0,-1.0,2.0,4.0,3.0
2017-11-14,-4.0,-4.0,-1.0,2.0,4.0,3.0
2017-11-15,4.0,-4.0,-1.0,2.0,4.0,-3.0
2017-11-16,-4.0,4.0,-1.0,2.0,4.0,-3.0
2017-11-17,-4.0,-4.0,-1.0,2.0,5.0,3.0
2017-11-20,4.0,-4.0,-1.0,2.0,5.0,-3.0
2017-11-21,4.0,-4.0,-1.0,2.0,5.0,-3.0
2017-11-22,4.0,-4.0,-1.0,2.0,4.0,-3.0
2017-11-23,4.0,-4.0,-1.0,-2.0,4.0,3.0
2017-11-24,4.0,-3.0,-1.0,2.0,4.0,-3.0
2017-11-27,4.0,-3.0,-1.0,-2.0,4.0,3.0
2017-11-28,4.0,-3.0,-1.0,2.0,4.0,-3.0
2017-11-29,4.0,-3.0,-1.0,-2.0,4.0,3.0
2017-11-30,4.0,-3.0,-1.0,2.0,4.0,-3.0
2017-12-01,4.0,-3.0,-1.0,2.0,4.0,-3.0
2017-12-04,4.0,-3.0,-1.0,-2.0,4.0,2.0
2017-12-05,4.0,-3.0,-1.0,-2.0,4.0,2.0
2017-12-06,4.0,-3.0,-1.0,2.0,4.0,-2.0
2017-12-07,4.0,-3.0,-1.0,2.0,4.0,-2.0
2017-12-08,4.0,-3.0,-1.0,2.0,4.0,-2.0
2017-12-11,4.0,-3.0,-1.0,2.0,4.0,-2.0
2017-12-12,4.0,-3.0,-1.0,2.0,4.0,-2.0
2017-12-13,4.0,-3.0,-1.0,2.0,4.0,-2.0
2017-12-14,4.0,-3.0,-1.0,2.0,4.0,-2.0
2017-12-15,-4.0,-3.0,1.0,2.0,4.0,-2.0
2017-12-18,-4.0,-3.0,1.0,2.0,4.0,-2.0
2017-12-19,4.0,-3.0,-1.0,2.0,4.0,-2.0
2017-12-20,4.0,-3.0,1.0,-2.0,4.0,-2.0
2017-12-21,4.0,-3.0,1.0,-2.0,4.0,-3.0
2017-12-22,4.0,-3.0,1.0,-2.0,4.0,-3.0
2017-12-25,-4.0,-3.0,1.0,2.0,4.0,-3.0
2017-12-26,-4.0,-3.0,1.0,2.0,4.0,-3.0
2017-12-27,-4.0,-3.0,1.0,2.0,4.0,-3.0
2017-12-28,-4.0,-3.0,1.0,2.0,4.0,-3.0
2017-12-29,-4.0,-3.0,1.0,2.0,-4.0,3.0
2018-01-02,-4.0,-3.0,1.0,2.0,-4.0,3.0
2018-01-03,-4.0,-3.0,1.0,2.0,-4.0,3.0
2018-01-04,-4.0,-3.0,1.0,2.0,-4.0,3.0
2018-01-05,-4.0,-3.0,1.0,2.0,-4.0,3.0
2018-01-08,4.0,-3.0,1.0,2.0,-4.0,-3.0
2018-01-09,-4.0,-3.0,1.0,2.0,-4.0,3.0
2018-01-10,-4.0,-3.0,1.0,2.0,-4.0,3.0
2018-01-11,-4.0,-3.0,1.0,2.0,-4.0,3.0
2018-01-12,-4.0,-3.0,1.0,2.0,-4.0,3.0
2018-01-15,-4.0,-3.0,1.0,2.0,-4.0,3.0
2018-01-16,-4.0,-3.0,1.0,2.0,-4.0,3.0
2018-01-17,-4.0,-3.0,1.0,2.0,-4.0,3.0
2018-01-18,-4.0,-3.0,1.0,2.0,-4.0,3.0
2018-01-19,-4.0,-3.0,1.0,2.0,-4.0,3.0
2018-01-22,-4.0,-3.0,1.0,2.0,-4.0,3.0
2018-01-23,-4.0,-3.0,1.0,2.0,-4.0,3.0
2018-01-24,-4.0,-3.0,1.0,2.0,-4.0,3.0
2018-01-25,-4.0,-3.0,1.0,2.0,-4.0,3.0
2018-01-26,-4.0,-3.0,1.0,2.0,-4.0,2.0
2018-01-29,-4.0,-3.0,1.0,2.0,-4.0,2.0
2018-01-30,-4.0,-3.0,1.0,2.0,-4.0,2.0
2018-01-31,-4.0,-3.0,1.0,2.0,-4.0,2.0
2018-02-01,-4.0,-3.0,1.0,2.0,-4.0,3.0
2018-02-02,-4.0,-3.0,1.0,2.0,-4.0,3.0
2018-02-05,-4.0,-3.0,1.0,2.0,-4.0,3.0
2018-02-06,4.0,-3.0,-1.0,2.0,-4.0,3.0
2018-02-07,4.0,-3.0,-1.0,2.0,-4.0,3.0
2018-02-08,4.0,-3.0,-1.0,2.0,-4.0,3.0
2018-02-09,4.0,-3.0,-1.0,2.0,-4.0,3.0
2018-02-12,4.0,-3.0,-1.0,2.0,-4.0,3.0
2018-02-13,4.0,-3.0,-1.0,2.0,-4.0,3.0
2018-02-14,4.0,-3.0,-1.0,2.0,-4.0,3.0
2018-02-22,4.0,-3.0,-1.0,2.0,-4.0,3.0
2018-02-23,4.0,-3.0,-1.0,2.0,-4.0,3.0
2018-02-26,4.0,-3.0,-1.0,2.0,-4.0,3.0
2018-02-27,4.0,-3.0,-1.0,2.0,-4.0,3.0
2018-02-28,4.0,-3.0,-1.0,2.0,-4.0,3.0
2018-03-01,4.0,-3.0,-1.0,2.0,-4.0,3.0
2018-03-02,4.0,-3.0,-1.0,2.0,-4.0,3.0
2018-03-05,4.0,-3.0,-1.0,2.0,-4.0,3.0
2018-03-06,-4.0,3.0,-1.0,2.0,-4.0,3.0
2018-03-07,4.0,-3.0,-1.0,2.0,-4.0,3.0
2018-03-08,4.0,-3.0,-1.0,2.0,-4.0,3.0
2018-03-09,4.0,3.0,-1.0,2.0,-4.0,-3.0
2018-03-12,4.0,-3.0,1.0,2.0,-4.0,-3.0
2018-03-13,4.0,-3.0,1.0,2.0,-4.0,-3.0
2018-03-14,-4.0,-3.0,1.0,2.0,-5.0,3.0
2018-03-15,-4.0,-3.0,1.0,2.0,-4.0,3.0
2018-03-16,-4.0,-3.0,1.0,2.0,-4.0,3.0
2018-03-19,4.0,-3.0,1.0,2.0,-4.0,-3.0
2018-03-20,-4.0,-4.0,1.0,2.0,-5.0,3.0
2018-03-21,-4.0,-4.0,1.0,2.0,-5.0,3.0
2018-03-22,-4.0,-4.0,1.0,2.0,-5.0,3.0
2018-03-23,-4.0,-4.0,1.0,2.0,-5.0,3.0
2018-03-26,5.0,-4.0,1.0,2.0,-5.0,-3.0
2018-03-27,5.0,-4.0,1.0,2.0,-5.0,-3.0
2018-03-28,5.0,-4.0,1.0,2.0,-5.0,-3.0
2018-03-29,-5.0,-4.0,1.0,2.0,5.0,-3.0
2018-03-30,-5.0,-4.0,1.0,2.0,5.0,-3.0
2018-04-02,-4.0,-4.0,1.0,2.0,5.0,-3.0
2018-04-03,-4.0,-4.0,1.0,2.0,5.0,-3.0
2018-04-04,-5.0,-4.0,1.0,2.0,5.0,-3.0
2018-04-09,4.0,-4.0,-1.0,2.0,5.0,-3.0
2018-04-10,5.0,-4.0,-1.0,2.0,5.0,-3.0
2018-04-11,5.0,-4.0,-1.0,2.0,5.0,-3.0
2018-04-12,5.0,-4.0,1.0,2.0,-5.0,-3.0
2018-04-13,5.0,-4.0,1.0,2.0,-5.0,-3.0
2018-04-16,5.0,-4.0,-1.0,2.0,5.0,-3.0
2018-04-17,5.0,-4.0,-1.0,3.0,5.0,-3.0
2018-04-18,5.0,-4.0,-1.0,2.0,5.0,-3.0
2018-04-19,5.0,-4.0,-1.0,2.0,5.0,-3.0
2018-04-20,5.0,-4.0,-1.0,2.0,5.0,-3.0
2018-04-23,5.0,-4.0,-1.0,2.0,5.0,-3.0
2018-04-24,5.0,-3.0,-1.0,2.0,5.0,-3.0
2018-04-25,5.0,-4.0,-1.0,2.0,5.0,-3.0
2018-04-26,5.0,-4.0,-1.0,2.0,5.0,-3.0
2018-04-27,5.0,-4.0,-1.0,2.0,5.0,-3.0
2018-05-02,5.0,-4.0,-1.0,2.0,5.0,-3.0
2018-05-03,4.0,-4.0,-1.0,2.0,4.0,-3.0
2018-05-04,4.0,-4.0,-1.0,2.0,5.0,-3.0
2018-05-07,4.0,-4.0,-1.0,2.0,5.0,-3.0
2018-05-08,4.0,-4.0,-1.0,2.0,5.0,-3.0
2018-05-09,4.0,-4.0,-1.0,2.0,5.0,-3.0
2018-05-10,5.0,-4.0,-1.0,2.0,5.0,-3.0
2018-05-11,4.0,-4.0,-1.0,2.0,5.0,-3.0
2018-05-14,4.0,-3.0,-1.0,2.0,5.0,-3.0
2018-05-15,4.0,-3.0,-1.0,2.0,5.0,-3.0
2018-05-16,4.0,-3.0,-1.0,2.0,5.0,-3.0
2018-05-17,4.0,-3.0,-1.0,2.0,5.0,-3.0
2018-05-18,4.0,-3.0,-1.0,2.0,5.0,-3.0
2018-05-21,4.0,-3.0,-1.0,2.0,5.0,-3.0
2018-05-22,4.0,-4.0,-1.0,2.0,5.0,-3.0
2018-05-23,4.0,-4.0,-1.0,2.0,5.0,-3.0
2018-05-24,4.0,-4.0,-1.0,2.0,-5.0,3.0
2018-05-25,4.0,-4.0,-1.0,2.0,-5.0,3.0
2018-05-28,4.0,-4.0,-1.0,2.0,-5.0,3.0
2018-05-29,4.0,-4.0,-1.0,2.0,5.0,-3.0
2018-05-30,4.0,-4.0,-1.0,2.0,5.0,-3.0
2018-05-31,4.0,-4.0,-1.0,2.0,5.0,-3.0
2018-06-01,4.0,-4.0,-1.0,2.0,5.0,-3.0
2018-06-04,4.0,-4.0,-1.0,2.0,4.0,-3.0
2018-06-05,4.0,-4.0,1.0,2.0,-4.0,-3.0
2018-06-06,4.0,-4.0,1.0,2.0,-4.0,-3.0
2018-06-07,4.0,-4.0,1.0,2.0,-4.0,-3.0
2018-06-08,4.0,-4.0,1.0,2.0,-4.0,-3.0
2018-06-11,4.0,-4.0,-1.0,2.0,-4.0,3.0
2018-06-12,4.0,-4.0,-1.0,2.0,-4.0,3.0
2018-06-13,4.0,-4.0,-1.0,2.0,4.0,-3.0
2018-06-14,4.0,-4.0,-1.0,2.0,4.0,-3.0
2018-06-15,4.0,-4.0,-1.0,2.0,4.0,-3.0
2018-06-19,4.0,-4.0,-1.0,2.0,4.0,-3.0
2018-06-20,4.0,-4.0,1.0,2.0,-4.0,-3.0
2018-06-21,4.0,-4.0,1.0,2.0,-4.0,-3.0
2018-06-22,4.0,-4.0,1.0,2.0,-4.0,-3.0
2018-06-25,4.0,-4.0,1.0,2.0,-4.0,-3.0
2018-06-26,4.0,-4.0,1.0,2.0,-4.0,-3.0
2018-06-27,4.0,-4.0,1.0,2.0,-5.0,-3.0
2018-06-28,4.0,-4.0,1.0,2.0,-5.0,-3.0
2018-06-29,4.0,-4.0,1.0,2.0,-4.0,-3.0
2018-07-02,4.0,-4.0,1.0,2.0,-4.0,-3.0
2018-07-03,4.0,-4.0,1.0,2.0,-4.0,-3.0
2018-07-04,4.0,-4.0,1.0,2.0,-4.0,-3.0
2018-07-05,4.0,-4.0,1.0,2.0,-4.0,-3.0
2018-07-06,4.0,-4.0,1.0,2.0,-4.0,-3.0
2018-07-09,4.0,-4.0,1.0,2.0,-4.0,-3.0
2018-07-10,4.0,-4.0,1.0,2.0,-4.0,-3.0
2018-07-11,4.0,-4.0,1.0,2.0,-4.0,-3.0
2018-07-12,4.0,-4.0,1.0,2.0,-4.0,-3.0
2018-07-13,4.0,-4.0,1.0,2.0,-4.0,-3.0
2018-07-16,-4.0,-4.0,1.0,2.0,-4.0,3.0
2018-07-17,-4.0,-4.0,1.0,2.0,-4.0,3.0
2018-07-18,4.0,-4.0,1.0,2.0,-4.0,-3.0
2018-07-19,-4.0,-4.0,1.0,2.0,-4.0,3.0
2018-07-20,4.0,-4.0,1.0,2.0,-4.0,-3.0
2018-07-23,4.0,-4.0,1.0,2.0,-4.0,-3.0
2018-07-24,4.0,-4.0,-1.0,2.0,-4.0,3.0
2018-07-25,4.0,-4.0,-1.0,2.0,-4.0,3.0
2018-07-26,4.0,-3.0,-1.0,2.0,-4.0,3.0
2018-07-27,4.0,-4.0,-1.0,2.0,-4.0,3.0
2018-07-30,4.0,-3.0,-1.0,2.0,-4.0,3.0
2018-07-31,4.0,-3.0,-1.0,2.0,-4.0,3.0
2018-08-01,4.0,-3.0,-1.0,2.0,-4.0,3.0
2018-08-02,4.0,-4.0,-1.0,2.0,-4.0,3.0
2018-08-03,4.0,-4.0,-1.0,2.0,-4.0,3.0
2018-08-06,4.0,-3.0,-1.0,2.0,-4.0,3.0
2018-08-07,4.0,-3.0,-1.0,2.0,4.0,-3.0
2018-08-08,4.0,-3.0,-1.0,2.0,4.0,-3.0
2018-08-09,4.0,-3.0,-1.0,2.0,4.0,-3.0
2018-08-10,4.0,-3.0,-1.0,2.0,4.0,-3.0
2018-08-13,4.0,-3.0,-1.0,2.0,4.0,-3.0
2018-08-14,4.0,-3.0,-1.0,2.0,4.0,-3.0
2018-08-15,4.0,-3.0,-1.0,2.0,4.0,-3.0
2018-08-16,4.0,-3.0,-1.0,2.0,-4.0,3.0
2018-08-17,4.0,-3.0,-1.0,2.0,-4.0,3.0
2018-08-20,-4.0,-3.0,-1.0,2.0,4.0,3.0
2018-08-21,4.0,-3.0,-1.0,2.0,-4.0,3.0
2018-08-22,4.0,-3.0,-1.0,2.0,4.0,-3.0
2018-08-23,4.0,-3.0,-1.0,2.0,4.0,-3.0
2018-08-24,4.0,-3.0,-1.0,2.0,4.0,-3.0
2018-08-27,4.0,-3.0,-1.0,2.0,4.0,-3.0
2018-08-28,4.0,-3.0,-1.0,2.0,4.0,-3.0
2018-08-29,4.0,-3.0,-1.0,2.0,4.0,-3.0
2018-08-30,4.0,-3.0,-1.0,2.0,4.0,-3.0
2018-08-31,-4.0,-3.0,1.0,2.0,4.0,-3.0
2018-09-03,4.0,-3.0,-1.0,2.0,4.0,-3.0
2018-09-04,-4.0,-3.0,1.0,2.0,4.0,-3.0
2018-09-05,-4.0,-3.0,1.0,2.0,4.0,-3.0
2018-09-06,-4.0,-3.0,1.0,2.0,4.0,-3.0
2018-09-07,-4.0,-3.0,1.0,2.0,4.0,-3.0
2018-09-10,-4.0,-3.0,1.0,2.0,4.0,-3.0
2018-09-11,-4.0,-3.0,1.0,2.0,4.0,-3.0
2018-09-12,-4.0,-3.0,1.0,2.0,4.0,-3.0
2018-09-13,-4.0,-3.0,1.0,2.0,4.0,-3.0
2018-09-14,-4.0,-3.0,1.0,2.0,4.0,-3.0
2018-09-17,-4.0,-3.0,1.0,2.0,4.0,-3.0
2018-09-18,-4.0,-3.0,1.0,2.0,4.0,-3.0
2018-09-19,-4.0,-3.0,1.0,2.0,4.0,-3.0
2018-09-20,-4.0,-3.0,1.0,2.0,4.0,-3.0
2018-09-21,-4.0,-3.0,1.0,2.0,4.0,-3.0
2018-09-25,-4.0,-3.0,1.0,2.0,4.0,-3.0
2018-09-26,-4.0,-3.0,1.0,2.0,4.0,-3.0
2018-09-27,-4.0,-3.0,1.0,2.0,4.0,-3.0
2018-09-28,-4.0,-3.0,1.0,2.0,4.0,-3.0
2018-10-08,4.0,-3.0,-1.0,2.0,4.0,-3.0
2018-10-09,4.0,-3.0,-1.0,2.0,4.0,-3.0
2018-10-10,4.0,-3.0,-1.0,2.0,4.0,-3.0
2018-10-11,4.0,-3.0,-1.0,2.0,4.0,-2.0
2018-10-12,4.0,-3.0,-1.0,2.0,4.0,-3.0
2018-10-15,4.0,-3.0,-1.0,2.0,4.0,-3.0
2018-10-16,4.0,-3.0,-1.0,2.0,4.0,-3.0
2018-10-17,4.0,-3.0,-1.0,2.0,4.0,-3.0
2018-10-18,4.0,-3.0,-1.0,2.0,4.0,-3.0
2018-10-19,4.0,-3.0,-1.0,2.0,4.0,-3.0
2018-10-22,-4.0,-3.0,1.0,2.0,4.0,-3.0
2018-10-23,-4.0,-3.0,1.0,2.0,4.0,-3.0
2018-10-24,-4.0,-3.0,1.0,2.0,4.0,-3.0
2018-10-25,-4.0,-3.0,1.0,2.0,4.0,-3.0
2018-10-26,-4.0,-3.0,1.0,2.0,4.0,-3.0
2018-10-29,-4.0,-3.0,1.0,2.0,4.0,-3.0
2018-10-30,-4.0,-3.0,1.0,2.0,4.0,-3.0
2018-10-31,-4.0,-3.0,1.0,2.0,4.0,-3.0
2018-11-01,-4.0,-3.0,1.0,2.0,4.0,-3.0
2018-11-02,-5.0,-3.0,1.0,2.0,4.0,-3.0
2018-11-05,-4.0,3.0,1.0,2.0,-4.0,-3.0
2018-11-06,-4.0,-3.0,1.0,2.0,4.0,-3.0
2018-11-07,-4.0,-3.0,1.0,2.0,4.0,-3.0
2018-11-08,-4.0,-3.0,1.0,2.0,4.0,-3.0
2018-11-09,-4.0,-3.0,1.0,2.0,4.0,-3.0
2018-11-12,-5.0,-3.0,1.0,2.0,4.0,-3.0
2018-11-13,-5.0,-3.0,1.0,2.0,4.0,-3.0
2018-11-14,-5.0,-3.0,1.0,2.0,4.0,-3.0
2018-11-15,-5.0,3.0,1.0,2.0,-4.0,-3.0
2018-11-16,-5.0,-3.0,1.0,2.0,4.0,-3.0
2018-11-19,-5.0,-3.0,1.0,2.0,4.0,-3.0
2018-11-20,-5.0,-3.0,1.0,2.0,4.0,-3.0
2018-11-21,-5.0,3.0,1.0,2.0,-4.0,-3.0
2018-11-22,-5.0,3.0,1.0,2.0,-4.0,-3.0
2018-11-23,-5.0,3.0,1.0,2.0,-4.0,-3.0
2018-11-26,-5.0,3.0,1.0,2.0,-5.0,-3.0
2018-11-27,-5.0,3.0,1.0,2.0,-5.0,-3.0
2018-11-28,-5.0,4.0,1.0,2.0,-5.0,-3.0
2018-11-29,-5.0,-4.0,1.0,2.0,5.0,-3.0
2018-11-30,-5.0,-4.0,1.0,2.0,5.0,-3.0
2018-12-03,-5.0,-4.0,1.0,2.0,5.0,-3.0
2018-12-04,5.0,-4.0,-1.0,2.0,5.0,-3.0
2018-12-05,5.0,-4.0,-1.0,2.0,5.0,-3.0
2018-12-06,5.0,-3.0,-1.0,2.0,5.0,-3.0
2018-12-07,-5.0,-4.0,1.0,2.0,5.0,-3.0
2018-12-10,-5.0,-4.0,1.0,2.0,5.0,-3.0
2018-12-11,-5.0,-4.0,1.0,2.0,5.0,-3.0
2018-12-12,5.0,-4.0,1.0,2.0,-5.0,-3.0
2018-12-13,5.0,-4.0,1.0,2.0,-5.0,-3.0
2018-12-14,-5.0,-3.0,1.0,2.0,5.0,-3.0
2018-12-17,-5.0,-3.0,1.0,2.0,5.0,-3.0
2018-12-18,-5.0,-3.0,1.0,2.0,5.0,-3.0
2018-12-19,5.0,-3.0,1.0,2.0,-5.0,-3.0
2018-12-20,5.0,-3.0,1.0,2.0,-5.0,-3.0
2018-12-21,5.0,-3.0,1.0,2.0,-5.0,-3.0
2018-12-24,5.0,-3.0,1.0,2.0,-5.0,-3.0
2018-12-25,5.0,-3.0,1.0,2.0,-5.0,-3.0
2018-12-26,5.0,-3.0,1.0,2.0,-5.0,-3.0
2018-12-27,5.0,-3.0,1.0,2.0,-5.0,-3.0
2018-12-28,5.0,-3.0,1.0,2.0,-5.0,-3.0
2019-01-02,5.0,-3.0,1.0,2.0,-5.0,-3.0
2019-01-03,5.0,-3.0,1.0,2.0,-5.0,-3.0
2019-01-04,5.0,-3.0,1.0,2.0,-5.0,-3.0
2019-01-07,5.0,-3.0,1.0,2.0,-5.0,-3.0
2019-01-08,5.0,-3.0,1.0,2.0,-5.0,-3.0
2019-01-09,5.0,-3.0,1.0,2.0,-5.0,-3.0
2019-01-10,5.0,-3.0,1.0,2.0,-5.0,-3.0
2019-01-11,-5.0,3.0,1.0,2.0,-5.0,-3.0
2019-01-14,5.0,3.0,-1.0,2.0,-5.0,-3.0
2019-01-15,5.0,3.0,-1.0,2.0,-5.0,-3.0
2019-01-16,5.0,3.0,-1.0,2.0,-5.0,-3.0
2019-01-17,5.0,3.0,-1.0,2.0,-5.0,-3.0
2019-01-18,5.0,3.0,-1.0,2.0,-5.0,-3.0
2019-01-21,5.0,3.0,-1.0,2.0,-5.0,-3.0
2019-01-22,-5.0,3.0,1.0,2.0,-5.0,-3.0
2019-01-23,-5.0,3.0,1.0,2.0,-5.0,-3.0
2019-01-24,5.0,3.0,-1.0,2.0,-5.0,-3.0
2019-01-25,5.0,-3.0,1.0,2.0,-5.0,-3.0
2019-01-28,-5.0,3.0,1.0,2.0,-4.0,-3.0
2019-01-29,5.0,-3.0,1.0,2.0,-5.0,-3.0
2019-01-30,5.0,-3.0,1.0,2.0,-5.0,-3.0
2019-01-31,5.0,-3.0,1.0,2.0,-5.0,-3.0
2019-02-01,5.0,-3.0,1.0,2.0,-4.0,-3.0
2019-02-11,5.0,-3.0,1.0,2.0,-4.0,-3.0
2019-02-12,4.0,-3.0,1.0,2.0,-4.0,-3.0
2019-02-13,5.0,3.0,-1.0,2.0,-4.0,-3.0
2019-02-14,5.0,-3.0,1.0,2.0,-5.0,-3.0
2019-02-15,5.0,-3.0,1.0,2.0,-5.0,-3.0
2019-02-18,5.0,-3.0,1.0,2.0,-5.0,-3.0
2019-02-19,-5.0,-3.0,1.0,2.0,5.0,-3.0
2019-02-20,5.0,-3.0,1.0,2.0,-5.0,-3.0
2019-02-21,-5.0,3.0,1.0,2.0,-5.0,-3.0
2019-02-22,-5.0,3.0,1.0,2.0,-5.0,-3.0
2019-02-25,-4.0,-3.0,1.0,2.0,-4.0,3.0
2019-02-26,-5.0,3.0,1.0,2.0,-5.0,-3.0
2019-02-27,-4.0,3.0,1.0,2.0,-4.0,-3.0
2019-02-28,4.0,-3.0,1.0,2.0,-4.0,-3.0
2019-03-01,4.0,-3.0,1.0,2.0,-4.0,-3.0
2019-03-04,4.0,-3.0,1.0,2.0,-4.0,-3.0
2019-03-05,4.0,-3.0,1.0,2.0,-4.0,-3.0
2019-03-06,-4.0,-3.0,1.0,2.0,-4.0,3.0
2019-03-07,4.0,-3.0,1.0,2.0,-4.0,-3.0
2019-03-08,-4.0,-3.0,1.0,2.0,-4.0,3.0
2019-03-11,-4.0,-3.0,1.0,2.0,-4.0,3.0
2019-03-12,-5.0,-3.0,1.0,2.0,-4.0,3.0
2019-03-13,-4.0,-3.0,1.0,2.0,-4.0,3.0
2019-03-14,-4.0,-3.0,1.0,2.0,-4.0,3.0
2019-03-15,-4.0,-3.0,1.0,2.0,-4.0,3.0
2019-03-18,-5.0,-3.0,1.0,2.0,-4.0,3.0
2019-03-19,5.0,-3.0,1.0,2.0,-4.0,-3.0
2019-03-20,5.0,-3.0,1.0,2.0,-4.0,-3.0
2019-03-21,5.0,-3.0,1.0,2.0,-4.0,-3.0
2019-03-22,5.0,-3.0,1.0,2.0,-4.0,-3.0
2019-03-25,4.0,-3.0,1.0,2.0,-4.0,-3.0
2019-03-26,5.0,-3.0,1.0,2.0,-5.0,-3.0
2019-03-27,5.0,-3.0,-1.0,2.0,4.0,-3.0
2019-03-28,5.0,-3.0,1.0,2.0,-4.0,-3.0
2019-03-29,5.0,-3.0,-1.0,2.0,5.0,-3.0
2019-04-01,4.0,-3.0,-1.0,2.0,-4.0,3.0
2019-04-02,4.0,-3.0,-1.0,2.0,5.0,-3.0
2019-04-03,4.0,-3.0,-1.0,2.0,5.0,-3.0
