,close,close_dt,commodity,contract,count,direction,holding_period,multiplier,open,open_dt,pnl,rtn,tcost,tcost_mode,tcost_unit,volume
0,4576.0,2016-03-04,TA,TA.CZC,1,1.0,3,5,4578.0,2016-03-02,-14610.0,-0.00043687199650502403,0,,,1461.0
1,4576.0,2016-03-04,TA,TA.CZC,2,1.0,2,5,4546.0,2016-03-03,439950.0,0.006599208095028597,0,,,2933.0
2,4796.0,2016-08-09,TA,TA.CZC,3,1.0,2,5,4778.0,2016-08-08,377370.0,0.0037672666387609877,0,,,4193.0
3,4898.0,2016-11-15,TA,TA.CZC,4,1.0,2,5,5222.0,2016-11-14,-2162700.0,-0.062045193412485634,0,,,1335.0
4,4938.0,2016-11-16,TA,TA.CZC,5,1.0,3,5,5222.0,2016-11-14,-849160.0,-0.05438529299119112,0,,,598.0
5,5652.0,2017-01-26,TA,TA.CZC,6,1.0,3,5,5564.0,2017-01-24,1579160.0,0.015815959741193385,0,,,3589.0
6,5652.0,2017-01-26,TA,TA.CZC,7,1.0,2,5,5568.0,2017-01-25,1260.0,0.015086206896551725,0,,,3.0
7,5182.0,2017-07-12,TA,TA.CZC,8,1.0,7,5,4942.0,2017-07-06,1616400.0,0.04856333468231485,0,,,1347.0
8,4948.0,2017-07-11,TA,TA.CZC,9,1.0,5,5,4972.0,2017-07-07,-120.0,-0.004827031375703942,0,,,1.0
9,4948.0,2017-07-11,TA,TA.CZC,10,1.0,2,5,4950.0,2017-07-10,-20210.0,-0.00040404040404040404,0,,,2021.0
10,5182.0,2017-07-12,TA,TA.CZC,11,1.0,6,5,4972.0,2017-07-07,708750.0,0.042236524537409496,0,,,675.0
11,5152.0,2017-10-09,TA,TA.CZC,12,-1.0,11,5,5130.0,2017-09-29,-770.0,-0.0042884990253411305,0,,,7.0
12,5140.0,2017-10-11,TA,TA.CZC,13,-1.0,13,5,5130.0,2017-09-29,-16100.0,-0.001949317738791423,0,,,322.0
13,5140.0,2017-10-11,TA,TA.CZC,14,-1.0,2,5,5140.0,2017-10-10,-0.0,-0.0,0,,,2.0
14,5128.0,2017-10-12,TA,TA.CZC,15,-1.0,14,5,5130.0,2017-09-29,9740.0,0.0003898635477582846,0,,,974.0
15,5348.0,2017-11-10,TA,TA.CZC,16,1.0,4,5,5310.0,2017-11-07,357960.0,0.007156308851224105,0,,,1884.0
16,5304.0,2017-11-09,TA,TA.CZC,17,1.0,2,5,5308.0,2017-11-08,-37500.0,-0.0007535795026375283,0,,,1875.0
17,5348.0,2017-11-10,TA,TA.CZC,18,1.0,3,5,5308.0,2017-11-08,600.0,0.007535795026375283,0,,,3.0
18,5622.0,2017-11-15,TA,TA.CZC,19,1.0,2,5,5538.0,2017-11-14,760620.0,0.015167930660888408,0,,,1811.0
19,5692.0,2018-05-30,TA,TA.CZC,20,-1.0,2,5,5690.0,2018-05-29,-11720.0,-0.000351493848857645,0,,,1172.0
20,5800.0,2018-06-29,TA,TA.CZC,21,-1.0,10,5,5562.0,2018-06-20,-474810.0,-0.042790363178712695,0,,,399.0
21,5800.0,2018-06-29,TA,TA.CZC,22,-1.0,9,5,5580.0,2018-06-21,-55000.0,-0.03942652329749104,0,,,50.0
22,5622.0,2018-06-25,TA,TA.CZC,23,-1.0,4,5,5570.0,2018-06-22,-1040.0,-0.00933572710951526,0,,,4.0
23,5800.0,2018-06-29,TA,TA.CZC,24,-1.0,8,5,5570.0,2018-06-22,-304750.0,-0.04129263913824058,0,,,265.0
24,5800.0,2018-06-29,TA,TA.CZC,25,-1.0,4,5,5626.0,2018-06-26,-153120.0,-0.030927835051546393,0,,,176.0
25,5790.0,2018-06-28,TA,TA.CZC,26,-1.0,2,5,5632.0,2018-06-27,-28440.0,-0.028053977272727272,0,,,36.0
26,5800.0,2018-06-29,TA,TA.CZC,27,-1.0,3,5,5632.0,2018-06-27,-215040.0,-0.029829545454545456,0,,,256.0
27,6882.0,2018-08-06,TA,TA.CZC,28,1.0,4,5,6652.0,2018-08-03,1152300.0,0.03457606734816596,0,,,1002.0
28,6780.0,2018-08-09,TA,TA.CZC,29,-1.0,2,5,6580.0,2018-08-08,-542000.0,-0.030395136778115502,0,,,542.0
29,6724.0,2018-08-10,TA,TA.CZC,30,-1.0,3,5,6580.0,2018-08-08,-706320.0,-0.02188449848024316,0,,,981.0
30,3476.0,2016-02-22,AG,AG.SHF,1,1.0,7,15,3464.0,2016-02-16,345780.0,0.003464203233256351,0,,,1921.0
31,3465.0,2016-02-18,AG,AG.SHF,2,1.0,2,15,3470.0,2016-02-17,-150.0,-0.001440922190201729,0,,,2.0
32,3476.0,2016-02-22,AG,AG.SHF,3,1.0,6,15,3470.0,2016-02-17,180.0,0.001729106628242075,0,,,2.0
33,3476.0,2016-02-22,AG,AG.SHF,4,1.0,4,15,3455.0,2016-02-19,2205.0,0.006078147612156295,0,,,7.0
34,3353.0,2016-03-02,AG,AG.SHF,5,-1.0,2,15,3321.0,2016-03-01,-647520.0,-0.009635651912074676,0,,,1349.0
35,3334.0,2016-03-03,AG,AG.SHF,6,-1.0,3,15,3321.0,2016-03-01,-129480.0,-0.003914483589280337,0,,,664.0
36,3701.0,2016-04-21,AG,AG.SHF,7,1.0,2,15,3689.0,2016-04-20,329040.0,0.003252914068853348,0,,,1828.0
37,3871.0,2016-06-16,AG,AG.SHF,8,1.0,3,15,3867.0,2016-06-14,103980.0,0.001034393586759762,0,,,1733.0
38,3975.0,2016-10-13,AG,AG.SHF,9,-1.0,3,15,3974.0,2016-10-11,-6285.0,-0.0002516356316054353,0,,,419.0
39,3975.0,2016-10-13,AG,AG.SHF,10,-1.0,2,15,3979.0,2016-10-12,8040.0,0.0010052777079668257,0,,,134.0
40,4391.0,2016-11-11,AG,AG.SHF,11,1.0,2,15,4251.0,2016-11-10,823200.0,0.03293342742884027,0,,,392.0
41,4425.0,2016-11-14,AG,AG.SHF,12,1.0,5,15,4251.0,2016-11-10,1017900.0,0.040931545518701484,0,,,390.0
42,4130.0,2016-11-16,AG,AG.SHF,13,-1.0,2,15,4141.0,2016-11-15,37950.0,0.0026563631972953395,0,,,230.0
43,4110.0,2016-12-20,AG,AG.SHF,14,-1.0,2,15,4112.0,2016-12-19,30.0,0.00048638132295719845,0,,,1.0
44,3960.0,2016-12-21,AG,AG.SHF,15,-1.0,3,15,4112.0,2016-12-19,3693600.0,0.03696498054474708,0,,,1620.0
45,4171.0,2017-03-07,AG,AG.SHF,16,-1.0,2,15,4155.0,2017-03-06,-960.0,-0.0038507821901323704,0,,,4.0
46,4157.0,2017-03-08,AG,AG.SHF,17,-1.0,3,15,4155.0,2017-03-06,-47970.0,-0.0004813477737665463,0,,,1599.0
47,4164.0,2017-04-12,AG,AG.SHF,18,-1.0,2,15,4150.0,2017-04-11,-168420.0,-0.0033734939759036144,0,,,802.0
48,3863.0,2017-07-06,AG,AG.SHF,19,-1.0,2,15,3882.0,2017-07-05,81225.0,0.004894384337970119,0,,,285.0
49,3885.0,2017-07-07,AG,AG.SHF,20,-1.0,3,15,3882.0,2017-07-05,-25650.0,-0.0007727975270479134,0,,,570.0
50,3840.0,2017-07-17,AG,AG.SHF,21,-1.0,7,15,3675.0,2017-07-11,-2247300.0,-0.044897959183673466,0,,,908.0
51,3831.0,2017-07-13,AG,AG.SHF,22,-1.0,2,15,3750.0,2017-07-12,-31590.0,-0.0216,0,,,26.0
52,3813.0,2017-07-14,AG,AG.SHF,23,-1.0,3,15,3750.0,2017-07-12,-13230.0,-0.0168,0,,,14.0
53,3840.0,2017-07-17,AG,AG.SHF,24,-1.0,6,15,3750.0,2017-07-12,-1131300.0,-0.024,0,,,838.0
54,3985.0,2017-11-23,AG,AG.SHF,25,1.0,2,15,3984.0,2017-11-22,6270.0,0.000251004016064257,0,,,418.0
55,3746.0,2017-12-12,AG,AG.SHF,26,1.0,21,15,3984.0,2017-11-22,-1492260.0,-0.05973895582329317,0,,,418.0
56,3984.0,2017-11-27,AG,AG.SHF,27,1.0,4,15,3988.0,2017-11-24,-50280.0,-0.0010030090270812437,0,,,838.0
57,3729.0,2017-12-08,AG,AG.SHF,28,1.0,15,15,3988.0,2017-11-24,-944055.0,-0.06494483450351053,0,,,243.0
58,3991.0,2017-11-29,AG,AG.SHF,29,1.0,2,15,3990.0,2017-11-28,12555.0,0.0002506265664160401,0,,,837.0
59,3729.0,2017-12-08,AG,AG.SHF,30,1.0,11,15,3990.0,2017-11-28,-3915.0,-0.06541353383458647,0,,,1.0
60,3882.0,2017-12-01,AG,AG.SHF,31,1.0,2,15,3951.0,2017-11-30,-855945.0,-0.017463933181473046,0,,,827.0
61,3729.0,2017-12-08,AG,AG.SHF,32,1.0,9,15,3951.0,2017-11-30,-73260.0,-0.05618830675778284,0,,,22.0
62,3847.0,2017-12-05,AG,AG.SHF,33,1.0,2,15,3845.0,2017-12-04,25830.0,0.0005201560468140442,0,,,861.0
63,3729.0,2017-12-08,AG,AG.SHF,34,1.0,5,15,3845.0,2017-12-04,-12180.0,-0.030169050715214564,0,,,7.0
64,3729.0,2017-12-08,AG,AG.SHF,35,1.0,3,15,3835.0,2017-12-06,-4770.0,-0.027640156453715776,0,,,3.0
65,3729.0,2017-12-08,AG,AG.SHF,36,1.0,2,15,3792.0,2017-12-07,-8505.0,-0.01661392405063291,0,,,9.0
66,3736.0,2017-12-11,AG,AG.SHF,37,1.0,18,15,3988.0,2017-11-24,-548100.0,-0.06318956870611836,0,,,145.0
67,3746.0,2017-12-12,AG,AG.SHF,38,1.0,19,15,3988.0,2017-11-24,-105270.0,-0.06068204613841525,0,,,29.0
68,3878.0,2018-01-29,AG,AG.SHF,39,1.0,4,15,3899.0,2018-01-26,-266175.0,-0.005385996409335727,0,,,845.0
69,3843.0,2018-01-31,AG,AG.SHF,40,1.0,6,15,3899.0,2018-01-26,-231840.0,-0.01436265709156194,0,,,276.0
70,3843.0,2018-01-31,AG,AG.SHF,41,1.0,2,15,3859.0,2018-01-30,-207120.0,-0.004146151852811609,0,,,863.0
71,3837.0,2018-02-01,AG,AG.SHF,42,1.0,7,15,3899.0,2018-01-26,-540330.0,-0.015901513208515003,0,,,581.0
72,3702.0,2018-02-08,AG,AG.SHF,43,-1.0,3,15,3739.0,2018-02-06,496170.0,0.009895694035838459,0,,,894.0
73,3702.0,2018-02-08,AG,AG.SHF,44,-1.0,2,15,3736.0,2018-02-07,446760.0,0.009100642398286937,0,,,876.0
74,3758.0,2018-05-04,AG,AG.SHF,45,1.0,15,15,3762.0,2018-04-20,-53160.0,-0.001063264221158958,0,,,886.0
75,3691.0,2018-04-24,AG,AG.SHF,46,1.0,2,15,3748.0,2018-04-23,-757530.0,-0.015208110992529349,0,,,886.0
76,3758.0,2018-05-04,AG,AG.SHF,47,1.0,12,15,3748.0,2018-04-23,900.0,0.0026680896478121665,0,,,6.0
77,3758.0,2018-05-04,AG,AG.SHF,48,1.0,10,15,3676.0,2018-04-25,15990.0,0.022306855277475515,0,,,13.0
78,3758.0,2018-05-04,AG,AG.SHF,49,1.0,9,15,3664.0,2018-04-26,2820.0,0.025655021834061136,0,,,2.0
79,3615.0,2018-05-02,AG,AG.SHF,50,1.0,6,15,3670.0,2018-04-27,-747450.0,-0.014986376021798364,0,,,906.0
80,3758.0,2018-05-04,AG,AG.SHF,51,1.0,8,15,3670.0,2018-04-27,5280.0,0.023978201634877384,0,,,4.0
81,3758.0,2018-05-04,AG,AG.SHF,52,1.0,2,15,3737.0,2018-05-03,292320.0,0.00561948086700562,0,,,928.0
82,3733.0,2018-06-19,AG,AG.SHF,53,1.0,5,15,3886.0,2018-06-15,-1982880.0,-0.03937210499227998,0,,,864.0
83,3732.0,2018-06-21,AG,AG.SHF,54,-1.0,2,15,3726.0,2018-06-20,-17820.0,-0.001610305958132045,0,,,198.0
84,3649.0,2018-07-20,AG,AG.SHF,55,-1.0,2,15,3664.0,2018-07-19,450.0,0.004093886462882096,0,,,2.0
85,3680.0,2018-07-23,AG,AG.SHF,56,-1.0,5,15,3664.0,2018-07-19,-480.0,-0.004366812227074236,0,,,2.0
86,3686.0,2018-07-24,AG,AG.SHF,57,-1.0,6,15,3664.0,2018-07-19,-2310.0,-0.006004366812227074,0,,,7.0
87,3692.0,2018-07-25,AG,AG.SHF,58,-1.0,7,15,3664.0,2018-07-19,-759360.0,-0.007641921397379912,0,,,1808.0
88,3539.0,2018-08-20,AG,AG.SHF,59,-1.0,4,15,3531.0,2018-08-17,-120.0,-0.0022656471254602095,0,,,1.0
89,3555.0,2018-08-23,AG,AG.SHF,60,-1.0,7,15,3531.0,2018-08-17,-135720.0,-0.006796941376380629,0,,,377.0
90,3555.0,2018-08-23,AG,AG.SHF,61,-1.0,3,15,3547.0,2018-08-21,-29880.0,-0.002255427121511136,0,,,249.0
91,3555.0,2018-08-23,AG,AG.SHF,62,-1.0,2,15,3547.0,2018-08-22,-150000.0,-0.002255427121511136,0,,,1250.0
92,3707.0,2019-01-03,AG,AG.SHF,63,1.0,2,15,3700.0,2019-01-02,189210.0,0.0018918918918918919,0,,,1802.0
93,2894.0,2017-05-10,HC,HC.SHF,1,-1.0,6,10,2904.0,2017-05-05,115300.0,0.003443526170798898,0,,,1153.0
94,2925.0,2017-05-09,HC,HC.SHF,2,-1.0,2,10,2905.0,2017-05-08,-5200.0,-0.0068846815834767644,0,,,26.0
95,2894.0,2017-05-10,HC,HC.SHF,3,-1.0,3,10,2905.0,2017-05-08,60830.0,0.0037865748709122204,0,,,553.0
96,4148.0,2017-10-16,HC,HC.SHF,4,1.0,4,10,4000.0,2017-10-13,925000.0,0.037,0,,,625.0
97,4089.0,2018-02-28,HC,HC.SHF,5,1.0,2,10,4085.0,2018-02-27,32680.0,0.0009791921664626683,0,,,817.0
98,3516.0,2018-04-10,HC,HC.SHF,6,-1.0,16,10,3536.0,2018-03-26,113200.0,0.005656108597285068,0,,,566.0
99,3516.0,2018-04-10,HC,HC.SHF,7,-1.0,15,10,3520.0,2018-03-27,120.0,0.0011363636363636363,0,,,3.0
100,3711.0,2018-04-02,HC,HC.SHF,8,-1.0,6,10,3593.0,2018-03-28,-30680.0,-0.0328416365154467,0,,,26.0
101,3711.0,2018-04-02,HC,HC.SHF,9,-1.0,5,10,3582.0,2018-03-29,-903000.0,-0.036013400335008376,0,,,700.0
102,3711.0,2018-04-02,HC,HC.SHF,10,-1.0,4,10,3633.0,2018-03-30,-1058460.0,-0.021469859620148638,0,,,1357.0
103,3516.0,2018-04-10,HC,HC.SHF,11,-1.0,14,10,3593.0,2018-03-28,78540.0,0.021430559421096576,0,,,102.0
104,3705.0,2018-04-04,HC,HC.SHF,12,-1.0,2,10,3718.0,2018-04-03,174460.0,0.0034965034965034965,0,,,1342.0
105,3516.0,2018-04-10,HC,HC.SHF,13,-1.0,8,10,3718.0,2018-04-03,1375620.0,0.05433028509951587,0,,,681.0
106,3516.0,2018-04-10,HC,HC.SHF,14,-1.0,2,10,3419.0,2018-04-09,-1300770.0,-0.028370868675051186,0,,,1341.0
107,3872.0,2018-06-22,HC,HC.SHF,15,-1.0,3,10,3843.0,2018-06-20,-83810.0,-0.0075461878740567265,0,,,289.0
108,3872.0,2018-06-22,HC,HC.SHF,16,-1.0,2,10,3902.0,2018-06-21,9300.0,0.007688364941055869,0,,,31.0
109,3993.0,2018-09-17,HC,HC.SHF,17,-1.0,6,10,3988.0,2018-09-12,-42000.0,-0.0012537612838515546,0,,,840.0
110,4010.0,2018-09-14,HC,HC.SHF,18,-1.0,2,10,3971.0,2018-09-13,-8190.0,-0.009821203727020902,0,,,21.0
111,3993.0,2018-09-17,HC,HC.SHF,19,-1.0,5,10,3971.0,2018-09-13,-363440.0,-0.00554016620498615,0,,,1652.0
112,3866.0,2018-10-22,HC,HC.SHF,20,-1.0,4,10,3850.0,2018-10-19,-640.0,-0.004155844155844156,0,,,4.0
113,3905.0,2018-10-23,HC,HC.SHF,21,-1.0,5,10,3850.0,2018-10-19,-15400.0,-0.014285714285714285,0,,,28.0
114,3860.0,2018-10-24,HC,HC.SHF,22,-1.0,6,10,3850.0,2018-10-19,-256300.0,-0.0025974025974025974,0,,,2563.0
115,3180.0,2018-12-03,HC,HC.SHF,23,-1.0,5,10,3201.0,2018-11-29,164010.0,0.006560449859418931,0,,,781.0
116,3180.0,2018-12-03,HC,HC.SHF,24,-1.0,4,10,3210.0,2018-11-30,77400.0,0.009345794392523364,0,,,258.0
117,5950.0,2016-09-21,V,V.DCE,1,1.0,2,5,5920.0,2016-09-20,253800.0,0.005067567567567568,0,,,1692.0
118,5880.0,2017-05-02,V,V.DCE,2,1.0,5,5,5795.0,2017-04-28,1473050.0,0.014667817083692839,0,,,3466.0
119,7395.0,2017-08-07,V,V.DCE,3,1.0,5,5,7140.0,2017-08-03,715275.0,0.03571428571428571,0,,,561.0
120,7395.0,2017-08-07,V,V.DCE,4,1.0,4,5,7100.0,2017-08-04,212400.0,0.04154929577464789,0,,,144.0
121,6755.0,2018-05-21,V,V.DCE,5,-1.0,4,5,6760.0,2018-05-18,12450.0,0.0007396449704142012,0,,,498.0
122,6825.0,2018-05-22,V,V.DCE,6,-1.0,5,5,6760.0,2018-05-18,-4225.0,-0.009615384615384616,0,,,13.0
123,6755.0,2018-05-23,V,V.DCE,7,-1.0,6,5,6760.0,2018-05-18,24450.0,0.0007396449704142012,0,,,978.0
124,6350.0,2018-12-07,V,V.DCE,8,-1.0,4,5,6355.0,2018-12-04,19725.0,0.0007867820613690008,0,,,789.0
125,6350.0,2018-12-07,V,V.DCE,9,-1.0,3,5,6405.0,2018-12-05,68475.0,0.00858704137392662,0,,,249.0
126,6350.0,2018-12-07,V,V.DCE,10,-1.0,2,5,6450.0,2018-12-06,258000.0,0.015503875968992248,0,,,516.0
127,2326.0,2016-03-25,FU,FU.SHF,1,-1.0,3,10,2444.0,2016-03-23,2493340.0,0.04828150572831424,0,,,2113.0
128,2326.0,2016-03-25,FU,FU.SHF,2,-1.0,2,10,2444.0,2016-03-24,2335220.0,0.04828150572831424,0,,,1979.0
129,2587.0,2016-06-14,FU,FU.SHF,3,1.0,8,10,2608.0,2016-06-07,-788340.0,-0.008052147239263804,0,,,3754.0
130,2587.0,2016-06-14,FU,FU.SHF,4,1.0,7,10,2585.0,2016-06-08,1220.0,0.0007736943907156673,0,,,61.0
131,2587.0,2016-06-14,FU,FU.SHF,5,1.0,2,10,2500.0,2016-06-13,10440.0,0.0348,0,,,12.0
132,2538.0,2016-08-25,FU,FU.SHF,6,-1.0,2,10,2527.0,2016-08-24,-16940.0,-0.004352987732489117,0,,,154.0
133,2610.0,2016-08-26,FU,FU.SHF,7,-1.0,3,10,2527.0,2016-08-24,-3187200.0,-0.032845271072417886,0,,,3840.0
134,2788.0,2016-11-03,FU,FU.SHF,8,1.0,2,10,2776.0,2016-11-02,215880.0,0.004322766570605188,0,,,1799.0
135,2850.0,2016-11-14,FU,FU.SHF,9,1.0,4,10,2929.0,2016-11-11,-685720.0,-0.026971662683509732,0,,,868.0
136,4093.0,2016-12-19,FU,FU.SHF,10,-1.0,4,10,4200.0,2016-12-16,2492030.0,0.025476190476190475,0,,,2329.0
137,4102.0,2017-02-16,FU,FU.SHF,11,-1.0,2,10,4428.0,2017-02-15,3690320.0,0.07362240289069558,0,,,1132.0
138,3699.0,2017-03-31,FU,FU.SHF,12,1.0,3,10,3700.0,2017-03-29,-12850.0,-0.0002702702702702703,0,,,1285.0
139,3699.0,2017-03-31,FU,FU.SHF,13,1.0,2,10,3915.0,2017-03-30,-2885760.0,-0.05517241379310345,0,,,1336.0
140,3678.0,2017-04-06,FU,FU.SHF,14,-1.0,2,10,3678.0,2017-04-05,-0.0,-0.0,0,,,461.0
141,3699.0,2017-04-13,FU,FU.SHF,15,-1.0,9,10,3678.0,2017-04-05,-190260.0,-0.005709624796084829,0,,,906.0
142,3699.0,2017-04-13,FU,FU.SHF,16,-1.0,7,10,3678.0,2017-04-07,-95130.0,-0.005709624796084829,0,,,453.0
143,3678.0,2017-04-11,FU,FU.SHF,17,-1.0,2,10,3678.0,2017-04-10,-0.0,-0.0,0,,,1360.0
144,4010.0,2017-06-05,FU,FU.SHF,18,1.0,5,10,3779.0,2017-06-01,1161930.0,0.061127282349828,0,,,503.0
145,4010.0,2017-06-05,FU,FU.SHF,19,1.0,4,10,4010.0,2017-06-02,0.0,0.0,0,,,19.0
146,3790.0,2017-07-27,FU,FU.SHF,20,-1.0,2,10,3790.0,2017-07-26,-0.0,-0.0,0,,,1319.0
147,3790.0,2017-07-31,FU,FU.SHF,21,-1.0,4,10,3790.0,2017-07-28,-0.0,-0.0,0,,,660.0
148,3978.0,2017-08-02,FU,FU.SHF,22,-1.0,2,10,3790.0,2017-08-01,-2479720.0,-0.049604221635883905,0,,,1319.0
149,3835.0,2017-08-10,FU,FU.SHF,23,1.0,8,10,3830.0,2017-08-03,25150.0,0.0013054830287206266,0,,,503.0
150,3835.0,2017-08-10,FU,FU.SHF,24,1.0,7,10,3830.0,2017-08-04,7500.0,0.0013054830287206266,0,,,150.0
151,3638.0,2017-08-08,FU,FU.SHF,25,1.0,2,10,3830.0,2017-08-07,-2507520.0,-0.050130548302872065,0,,,1306.0
152,3835.0,2017-08-10,FU,FU.SHF,26,1.0,4,10,3830.0,2017-08-07,32600.0,0.0013054830287206266,0,,,652.0
153,3835.0,2017-08-10,FU,FU.SHF,27,1.0,2,10,3653.0,2017-08-09,2628080.0,0.0498220640569395,0,,,1444.0
154,3791.0,2017-09-29,FU,FU.SHF,28,-1.0,4,10,3791.0,2017-09-26,-0.0,-0.0,0,,,1759.0
155,3791.0,2017-10-11,FU,FU.SHF,29,-1.0,16,10,3791.0,2017-09-26,-0.0,-0.0,0,,,220.0
156,3791.0,2017-10-31,FU,FU.SHF,30,-1.0,36,10,3791.0,2017-09-26,-0.0,-0.0,0,,,659.0
157,3791.0,2017-10-13,FU,FU.SHF,31,-1.0,2,10,3791.0,2017-10-12,-0.0,-0.0,0,,,220.0
158,3791.0,2017-10-31,FU,FU.SHF,32,-1.0,16,10,3791.0,2017-10-16,-0.0,-0.0,0,,,220.0
159,3791.0,2017-10-31,FU,FU.SHF,33,-1.0,12,10,3791.0,2017-10-20,-0.0,-0.0,0,,,1759.0
160,3791.0,2017-11-02,FU,FU.SHF,34,-1.0,2,10,3791.0,2017-11-01,-0.0,-0.0,0,,,2638.0
161,3791.0,2017-11-06,FU,FU.SHF,35,-1.0,4,10,3791.0,2017-11-03,-0.0,-0.0,0,,,2638.0
162,3791.0,2017-11-08,FU,FU.SHF,36,-1.0,2,10,3791.0,2017-11-07,-0.0,-0.0,0,,,1319.0
163,3791.0,2017-11-10,FU,FU.SHF,37,-1.0,2,10,3791.0,2017-11-09,-0.0,-0.0,0,,,1319.0
164,3791.0,2017-11-14,FU,FU.SHF,38,-1.0,2,10,3791.0,2017-11-13,-0.0,-0.0,0,,,2638.0
165,3791.0,2017-11-16,FU,FU.SHF,39,-1.0,2,10,3791.0,2017-11-15,-0.0,-0.0,0,,,1319.0
166,3791.0,2017-11-20,FU,FU.SHF,40,-1.0,4,10,3791.0,2017-11-17,-0.0,-0.0,0,,,879.0
167,3791.0,2017-11-22,FU,FU.SHF,41,-1.0,2,10,3791.0,2017-11-21,-0.0,-0.0,0,,,879.0
168,3791.0,2017-11-24,FU,FU.SHF,42,-1.0,2,10,3791.0,2017-11-23,-0.0,-0.0,0,,,659.0
169,3791.0,2017-11-28,FU,FU.SHF,43,-1.0,2,10,3791.0,2017-11-27,-0.0,-0.0,0,,,1319.0
170,3791.0,2017-11-30,FU,FU.SHF,44,-1.0,2,10,3791.0,2017-11-29,-0.0,-0.0,0,,,1319.0
171,3791.0,2017-12-04,FU,FU.SHF,45,-1.0,4,10,3791.0,2017-12-01,-0.0,-0.0,0,,,1319.0
172,3791.0,2017-12-06,FU,FU.SHF,46,-1.0,2,10,3791.0,2017-12-05,-0.0,-0.0,0,,,1319.0
173,3791.0,2017-12-08,FU,FU.SHF,47,-1.0,2,10,3791.0,2017-12-07,-0.0,-0.0,0,,,1319.0
174,3791.0,2017-12-12,FU,FU.SHF,48,-1.0,2,10,3791.0,2017-12-11,-0.0,-0.0,0,,,659.0
175,3791.0,2017-12-14,FU,FU.SHF,49,-1.0,2,10,3791.0,2017-12-13,-0.0,-0.0,0,,,879.0
176,3791.0,2017-12-18,FU,FU.SHF,50,-1.0,4,10,3791.0,2017-12-15,-0.0,-0.0,0,,,2638.0
177,3791.0,2017-12-20,FU,FU.SHF,51,-1.0,2,10,3791.0,2017-12-19,-0.0,-0.0,0,,,2638.0
178,3791.0,2017-12-22,FU,FU.SHF,52,-1.0,2,10,3791.0,2017-12-21,-0.0,-0.0,0,,,2638.0
179,3791.0,2017-12-26,FU,FU.SHF,53,-1.0,2,10,3791.0,2017-12-25,-0.0,-0.0,0,,,2638.0
180,3791.0,2017-12-28,FU,FU.SHF,54,-1.0,2,10,3791.0,2017-12-27,-0.0,-0.0,0,,,2638.0
181,3791.0,2018-01-02,FU,FU.SHF,55,-1.0,5,10,3791.0,2017-12-29,-0.0,-0.0,0,,,2638.0
182,3791.0,2018-01-04,FU,FU.SHF,56,-1.0,2,10,3791.0,2018-01-03,-0.0,-0.0,0,,,2638.0
183,3791.0,2018-01-08,FU,FU.SHF,57,-1.0,4,10,3791.0,2018-01-05,-0.0,-0.0,0,,,2638.0
184,3791.0,2018-01-10,FU,FU.SHF,58,-1.0,2,10,3791.0,2018-01-09,-0.0,-0.0,0,,,2638.0
185,3791.0,2018-01-12,FU,FU.SHF,59,-1.0,2,10,3791.0,2018-01-11,-0.0,-0.0,0,,,2638.0
186,3791.0,2018-01-16,FU,FU.SHF,60,-1.0,2,10,3791.0,2018-01-15,-0.0,-0.0,0,,,2638.0
187,3791.0,2018-01-18,FU,FU.SHF,61,-1.0,2,10,3791.0,2018-01-17,-0.0,-0.0,0,,,879.0
188,3791.0,2018-01-22,FU,FU.SHF,62,-1.0,4,10,3791.0,2018-01-19,-0.0,-0.0,0,,,2638.0
189,3791.0,2018-01-24,FU,FU.SHF,63,-1.0,2,10,3791.0,2018-01-23,-0.0,-0.0,0,,,2638.0
190,3791.0,2018-01-26,FU,FU.SHF,64,-1.0,2,10,3791.0,2018-01-25,-0.0,-0.0,0,,,2638.0
191,3791.0,2018-01-30,FU,FU.SHF,65,-1.0,2,10,3791.0,2018-01-29,-0.0,-0.0,0,,,1319.0
192,3791.0,2018-02-01,FU,FU.SHF,66,-1.0,2,10,3791.0,2018-01-31,-0.0,-0.0,0,,,879.0
193,3791.0,2018-02-05,FU,FU.SHF,67,-1.0,4,10,3791.0,2018-02-02,-0.0,-0.0,0,,,2638.0
194,3791.0,2018-02-07,FU,FU.SHF,68,-1.0,2,10,3791.0,2018-02-06,-0.0,-0.0,0,,,1319.0
195,3791.0,2018-02-09,FU,FU.SHF,69,-1.0,2,10,3791.0,2018-02-08,-0.0,-0.0,0,,,2638.0
196,3791.0,2018-02-13,FU,FU.SHF,70,-1.0,2,10,3791.0,2018-02-12,-0.0,-0.0,0,,,2638.0
197,3791.0,2018-02-22,FU,FU.SHF,71,-1.0,9,10,3791.0,2018-02-14,-0.0,-0.0,0,,,2638.0
198,3791.0,2018-02-26,FU,FU.SHF,72,-1.0,4,10,3791.0,2018-02-23,-0.0,-0.0,0,,,879.0
199,3791.0,2018-02-28,FU,FU.SHF,73,-1.0,2,10,3791.0,2018-02-27,-0.0,-0.0,0,,,879.0
200,3791.0,2018-03-02,FU,FU.SHF,74,-1.0,2,10,3791.0,2018-03-01,-0.0,-0.0,0,,,2638.0
201,3791.0,2018-03-06,FU,FU.SHF,75,-1.0,2,10,3791.0,2018-03-05,-0.0,-0.0,0,,,1319.0
202,3791.0,2018-03-08,FU,FU.SHF,76,-1.0,2,10,3791.0,2018-03-07,-0.0,-0.0,0,,,1319.0
203,3791.0,2018-03-12,FU,FU.SHF,77,-1.0,4,10,3791.0,2018-03-09,-0.0,-0.0,0,,,2638.0
204,3791.0,2018-03-14,FU,FU.SHF,78,-1.0,2,10,3791.0,2018-03-13,-0.0,-0.0,0,,,2638.0
205,3791.0,2018-03-16,FU,FU.SHF,79,-1.0,2,10,3791.0,2018-03-15,-0.0,-0.0,0,,,1319.0
206,3791.0,2018-03-20,FU,FU.SHF,80,-1.0,2,10,3791.0,2018-03-19,-0.0,-0.0,0,,,1319.0
207,3791.0,2018-03-22,FU,FU.SHF,81,-1.0,2,10,3791.0,2018-03-21,-0.0,-0.0,0,,,2638.0
208,3791.0,2018-03-26,FU,FU.SHF,82,-1.0,4,10,3791.0,2018-03-23,-0.0,-0.0,0,,,1319.0
209,3791.0,2018-03-28,FU,FU.SHF,83,-1.0,2,10,3791.0,2018-03-27,-0.0,-0.0,0,,,528.0
210,3791.0,2018-03-30,FU,FU.SHF,84,-1.0,2,10,3791.0,2018-03-29,-0.0,-0.0,0,,,1319.0
211,3791.0,2018-04-03,FU,FU.SHF,85,-1.0,2,10,3791.0,2018-04-02,-0.0,-0.0,0,,,659.0
212,3791.0,2018-04-09,FU,FU.SHF,86,-1.0,6,10,3791.0,2018-04-04,-0.0,-0.0,0,,,1319.0
213,3791.0,2018-04-11,FU,FU.SHF,87,-1.0,2,10,3791.0,2018-04-10,-0.0,-0.0,0,,,2638.0
214,3791.0,2018-04-13,FU,FU.SHF,88,-1.0,2,10,3791.0,2018-04-12,-0.0,-0.0,0,,,879.0
215,3791.0,2018-04-17,FU,FU.SHF,89,-1.0,2,10,3791.0,2018-04-16,-0.0,-0.0,0,,,2638.0
216,3791.0,2018-04-19,FU,FU.SHF,90,-1.0,2,10,3791.0,2018-04-18,-0.0,-0.0,0,,,2638.0
217,3791.0,2018-04-23,FU,FU.SHF,91,-1.0,4,10,3791.0,2018-04-20,-0.0,-0.0,0,,,1319.0
218,3791.0,2018-04-25,FU,FU.SHF,92,-1.0,2,10,3791.0,2018-04-24,-0.0,-0.0,0,,,1319.0
219,3791.0,2018-04-27,FU,FU.SHF,93,-1.0,2,10,3791.0,2018-04-26,-0.0,-0.0,0,,,1319.0
220,3765.0,2018-05-03,FU,FU.SHF,94,-1.0,2,10,3765.0,2018-05-02,-0.0,-0.0,0,,,1319.0
221,3846.0,2018-05-18,FU,FU.SHF,95,1.0,8,10,3846.0,2018-05-11,0.0,0.0,0,,,1300.0
222,3846.0,2018-05-21,FU,FU.SHF,96,1.0,11,10,3846.0,2018-05-11,0.0,0.0,0,,,433.0
223,3846.0,2018-06-20,FU,FU.SHF,97,1.0,41,10,3846.0,2018-05-11,0.0,0.0,0,,,578.0
224,3846.0,2018-05-25,FU,FU.SHF,98,1.0,3,10,3846.0,2018-05-23,0.0,0.0,0,,,433.0
225,3846.0,2018-05-29,FU,FU.SHF,99,1.0,2,10,3846.0,2018-05-28,0.0,0.0,0,,,433.0
226,3846.0,2018-05-31,FU,FU.SHF,100,1.0,2,10,3846.0,2018-05-30,0.0,0.0,0,,,433.0
227,3846.0,2018-06-04,FU,FU.SHF,101,1.0,4,10,3846.0,2018-06-01,0.0,0.0,0,,,433.0
228,3846.0,2018-06-07,FU,FU.SHF,102,1.0,3,10,3846.0,2018-06-05,0.0,0.0,0,,,433.0
229,3846.0,2018-06-20,FU,FU.SHF,103,1.0,13,10,3846.0,2018-06-08,0.0,0.0,0,,,433.0
230,3846.0,2018-06-15,FU,FU.SHF,104,1.0,2,10,3846.0,2018-06-14,0.0,0.0,0,,,1300.0
231,3846.0,2018-06-20,FU,FU.SHF,105,1.0,2,10,3846.0,2018-06-19,0.0,0.0,0,,,1300.0
232,2889.0,2018-07-19,FU,FU.SHF,106,1.0,70,10,3846.0,2018-05-11,-2765730.0,-0.24882995319812792,0,,,289.0
233,2889.0,2018-07-19,FU,FU.SHF,107,1.0,29,10,3846.0,2018-06-21,-344520.0,-0.24882995319812792,0,,,36.0
234,2889.0,2018-07-19,FU,FU.SHF,108,1.0,28,10,3846.0,2018-06-22,-1866150.0,-0.24882995319812792,0,,,195.0
235,2889.0,2018-07-19,FU,FU.SHF,109,1.0,24,10,3846.0,2018-06-26,-1244100.0,-0.24882995319812792,0,,,130.0
236,2889.0,2018-07-19,FU,FU.SHF,110,1.0,23,10,3846.0,2018-06-27,-2076690.0,-0.24882995319812792,0,,,217.0
237,2889.0,2018-07-19,FU,FU.SHF,111,1.0,21,10,3846.0,2018-06-29,-4143810.0,-0.24882995319812792,0,,,433.0
238,3846.0,2018-07-10,FU,FU.SHF,112,1.0,8,10,3846.0,2018-07-03,0.0,0.0,0,,,1300.0
239,2889.0,2018-07-19,FU,FU.SHF,113,1.0,3,10,2951.0,2018-07-17,-1310680.0,-0.021009827177228057,0,,,2114.0
240,2889.0,2018-07-19,FU,FU.SHF,114,1.0,2,10,2872.0,2018-07-18,12240.0,0.005919220055710306,0,,,72.0
241,3048.0,2018-08-20,FU,FU.SHF,115,-1.0,4,10,3040.0,2018-08-17,-52880.0,-0.002631578947368421,0,,,661.0
242,3631.0,2018-10-11,FU,FU.SHF,116,1.0,2,10,3648.0,2018-10-10,-170.0,-0.004660087719298245,0,,,1.0
243,3509.0,2018-10-15,FU,FU.SHF,117,1.0,6,10,3648.0,2018-10-10,-3808600.0,-0.0381030701754386,0,,,2740.0
244,3509.0,2018-10-15,FU,FU.SHF,118,1.0,4,10,3488.0,2018-10-12,27720.0,0.006020642201834863,0,,,132.0
245,5473.0,2016-03-03,SR,SR.CZC,1,1.0,2,10,5474.0,2016-03-02,-6100.0,-0.00018268176835951772,0,,,610.0
246,5613.0,2016-04-28,SR,SR.CZC,2,-1.0,4,10,5598.0,2016-04-25,-134550.0,-0.0026795284030010718,0,,,897.0
247,5625.0,2016-04-27,SR,SR.CZC,3,-1.0,2,10,5604.0,2016-04-26,-1890.0,-0.003747323340471092,0,,,9.0
248,5613.0,2016-04-28,SR,SR.CZC,4,-1.0,3,10,5604.0,2016-04-26,-79380.0,-0.0016059957173447537,0,,,882.0
249,5716.0,2016-06-07,SR,SR.CZC,5,1.0,2,10,5675.0,2016-06-06,361210.0,0.007224669603524229,0,,,881.0
250,6068.0,2016-07-05,SR,SR.CZC,6,1.0,5,10,6090.0,2016-07-01,-361240.0,-0.00361247947454844,0,,,1642.0
251,6068.0,2016-07-05,SR,SR.CZC,7,1.0,2,10,6010.0,2016-07-04,16820.0,0.009650582362728786,0,,,29.0
252,6151.0,2016-08-02,SR,SR.CZC,8,1.0,13,10,6234.0,2016-07-21,-1328830.0,-0.013314084055181264,0,,,1601.0
253,6249.0,2016-07-26,SR,SR.CZC,9,1.0,2,10,6214.0,2016-07-25,1050.0,0.005632442870936595,0,,,3.0
254,6185.0,2016-07-27,SR,SR.CZC,10,1.0,3,10,6214.0,2016-07-25,-580.0,-0.004666881235918893,0,,,2.0
255,6151.0,2016-08-02,SR,SR.CZC,11,1.0,9,10,6214.0,2016-07-25,-1890.0,-0.01013839716768587,0,,,3.0
256,6151.0,2016-08-02,SR,SR.CZC,12,1.0,6,10,6162.0,2016-07-28,-1320.0,-0.0017851346965271017,0,,,12.0
257,6151.0,2016-08-02,SR,SR.CZC,13,1.0,5,10,6134.0,2016-07-29,2890.0,0.0027714378871861755,0,,,17.0
258,6151.0,2016-08-02,SR,SR.CZC,14,1.0,2,10,6124.0,2016-08-01,1350.0,0.004408883082952318,0,,,5.0
259,6896.0,2016-10-26,SR,SR.CZC,15,1.0,2,10,6890.0,2016-10-25,43740.0,0.0008708272859216256,0,,,729.0
260,6751.0,2016-11-03,SR,SR.CZC,16,1.0,10,10,6890.0,2016-10-25,-321090.0,-0.020174165457184326,0,,,231.0
261,6751.0,2016-11-03,SR,SR.CZC,17,1.0,8,10,6886.0,2016-10-27,-1350.0,-0.019604995643334303,0,,,1.0
262,6751.0,2016-11-03,SR,SR.CZC,18,1.0,7,10,6865.0,2016-10-28,-3420.0,-0.016605972323379462,0,,,3.0
263,6743.0,2016-11-02,SR,SR.CZC,19,1.0,3,10,6800.0,2016-10-31,-413250.0,-0.008382352941176471,0,,,725.0
264,6743.0,2016-11-02,SR,SR.CZC,20,1.0,2,10,6752.0,2016-11-01,-1170.0,-0.0013329383886255925,0,,,13.0
265,6751.0,2016-11-03,SR,SR.CZC,21,1.0,4,10,6800.0,2016-10-31,-5880.0,-0.0072058823529411765,0,,,12.0
266,6818.0,2016-11-04,SR,SR.CZC,22,1.0,11,10,6890.0,2016-10-25,-355680.0,-0.010449927431059507,0,,,494.0
267,7262.0,2016-11-30,SR,SR.CZC,23,1.0,2,10,7268.0,2016-11-29,-83280.0,-0.000825536598789213,0,,,1388.0
268,5967.0,2017-12-15,SR,SR.CZC,24,-1.0,2,10,6031.0,2017-12-14,1009280.0,0.010611838832697729,0,,,1577.0
269,5465.0,2018-05-31,SR,SR.CZC,25,-1.0,3,10,5452.0,2018-05-29,-260.0,-0.002384446074834923,0,,,2.0
270,5465.0,2018-05-31,SR,SR.CZC,26,-1.0,2,10,5458.0,2018-05-30,-21280.0,-0.001282521069989007,0,,,304.0
271,5464.0,2018-06-01,SR,SR.CZC,27,-1.0,4,10,5452.0,2018-05-29,-73200.0,-0.0022010271460014674,0,,,610.0
272,5289.0,2018-06-12,SR,SR.CZC,28,-1.0,2,10,5257.0,2018-06-11,-1600.0,-0.006087121932661214,0,,,5.0
273,5283.0,2018-06-13,SR,SR.CZC,29,-1.0,3,10,5257.0,2018-06-11,-260.0,-0.0049457865702872365,0,,,1.0
274,5235.0,2018-06-14,SR,SR.CZC,30,-1.0,4,10,5257.0,2018-06-11,208340.0,0.004184896328704584,0,,,947.0
275,5020.0,2018-08-03,SR,SR.CZC,31,1.0,4,10,5165.0,2018-07-31,-443700.0,-0.028073572120038724,0,,,306.0
276,5020.0,2018-08-03,SR,SR.CZC,32,1.0,3,10,5110.0,2018-08-01,-6300.0,-0.01761252446183953,0,,,7.0
277,5020.0,2018-08-03,SR,SR.CZC,33,1.0,2,10,5038.0,2018-08-02,-2520.0,-0.003572846367606193,0,,,14.0
278,5119.0,2018-08-06,SR,SR.CZC,34,1.0,7,10,5165.0,2018-07-31,-305440.0,-0.008906098741529526,0,,,664.0
279,5186.0,2018-10-10,SR,SR.CZC,35,1.0,2,10,5169.0,2018-10-09,110330.0,0.0032888372992841944,0,,,649.0
280,4961.0,2019-01-21,SR,SR.CZC,36,1.0,5,10,4916.0,2019-01-17,914850.0,0.009153783563873067,0,,,2033.0
281,4961.0,2019-01-21,SR,SR.CZC,37,1.0,4,10,4887.0,2019-01-18,8140.0,0.015142214037241662,0,,,11.0
282,2394.0,2017-07-28,MA,MA.CZC,1,-1.0,2,10,2380.0,2017-07-27,-49700.0,-0.0058823529411764705,0,,,355.0
283,2375.0,2017-07-31,MA,MA.CZC,2,-1.0,5,10,2380.0,2017-07-27,52300.0,0.0021008403361344537,0,,,1046.0
284,2665.0,2017-08-09,MA,MA.CZC,3,1.0,2,10,2601.0,2017-08-08,1232000.0,0.024605920799692427,0,,,1925.0
285,2960.0,2017-12-13,MA,MA.CZC,4,-1.0,2,10,2882.0,2017-12-12,-24960.0,-0.027064538514920196,0,,,32.0
286,2947.0,2017-12-14,MA,MA.CZC,5,-1.0,3,10,2882.0,2017-12-12,-732550.0,-0.02255378209576683,0,,,1127.0
287,3217.0,2018-08-07,MA,MA.CZC,6,1.0,2,10,3166.0,2018-08-06,1634040.0,0.016108654453569172,0,,,3204.0
288,2497.0,2018-12-06,MA,MA.CZC,7,1.0,2,10,2486.0,2018-12-05,148060.0,0.004424778761061947,0,,,1346.0
289,8925.0,2016-03-14,L,L.DCE,1,-1.0,4,5,8860.0,2016-03-11,-975.0,-0.007336343115124154,0,,,3.0
290,8750.0,2016-03-15,L,L.DCE,2,-1.0,5,5,8860.0,2016-03-11,617650.0,0.012415349887133182,0,,,1123.0
291,8905.0,2016-07-01,L,L.DCE,3,-1.0,2,5,8930.0,2016-06-30,140375.0,0.002799552071668533,0,,,1123.0
292,9265.0,2016-10-12,L,L.DCE,4,1.0,2,5,9260.0,2016-10-11,13625.0,0.0005399568034557236,0,,,545.0
293,9770.0,2016-11-16,L,L.DCE,5,-1.0,2,5,9875.0,2016-11-15,151725.0,0.010632911392405063,0,,,289.0
294,10000.0,2017-02-17,L,L.DCE,6,-1.0,2,5,10100.0,2017-02-16,499500.0,0.009900990099009901,0,,,999.0
295,9570.0,2017-07-24,L,L.DCE,7,1.0,4,5,9580.0,2017-07-21,-50.0,-0.0010438413361169101,0,,,1.0
296,9575.0,2017-07-27,L,L.DCE,8,1.0,7,5,9580.0,2017-07-21,-8400.0,-0.0005219206680584551,0,,,336.0
297,9700.0,2017-07-26,L,L.DCE,9,1.0,2,5,9665.0,2017-07-25,181475.0,0.0036213140196585617,0,,,1037.0
298,9575.0,2017-07-27,L,L.DCE,10,1.0,3,5,9665.0,2017-07-25,-1350.0,-0.009311950336264873,0,,,3.0
299,9635.0,2017-07-28,L,L.DCE,11,1.0,8,5,9580.0,2017-07-21,48125.0,0.005741127348643006,0,,,175.0
300,9600.0,2017-08-01,L,L.DCE,12,1.0,12,5,9580.0,2017-07-21,52400.0,0.0020876826722338203,0,,,524.0
301,9600.0,2017-08-01,L,L.DCE,13,1.0,2,5,9525.0,2017-07-31,67500.0,0.007874015748031496,0,,,180.0
302,9635.0,2018-03-05,L,L.DCE,14,1.0,4,5,9670.0,2018-03-02,-179725.0,-0.0036194415718717684,0,,,1027.0
303,9530.0,2018-03-07,L,L.DCE,15,1.0,6,5,9670.0,2018-03-02,-727300.0,-0.014477766287487074,0,,,1039.0
304,9530.0,2018-03-07,L,L.DCE,16,1.0,2,5,9560.0,2018-03-06,-1350.0,-0.0031380753138075313,0,,,9.0
305,9300.0,2018-06-05,L,L.DCE,17,1.0,2,5,9295.0,2018-06-04,17925.0,0.0005379236148466917,0,,,717.0
306,9645.0,2018-08-22,L,L.DCE,18,-1.0,3,5,9635.0,2018-08-20,-20750.0,-0.0010378827192527244,0,,,415.0
307,9645.0,2018-08-22,L,L.DCE,19,-1.0,2,5,9685.0,2018-08-21,54800.0,0.004130098089829634,0,,,274.0
308,9805.0,2018-10-10,L,L.DCE,20,1.0,2,5,9755.0,2018-10-09,171500.0,0.005125576627370579,0,,,686.0
309,8435.0,2018-11-21,L,L.DCE,21,-1.0,3,5,8650.0,2018-11-19,1241625.0,0.02485549132947977,0,,,1155.0
310,8435.0,2018-11-21,L,L.DCE,22,-1.0,2,5,8630.0,2018-11-20,1129050.0,0.022595596755504054,0,,,1158.0
311,1601.0,2016-02-25,C,C.DCE,1,-1.0,3,10,1647.0,2016-02-23,933340.0,0.02792956891317547,0,,,2029.0
312,1601.0,2016-02-25,C,C.DCE,2,-1.0,2,10,1643.0,2016-02-24,420.0,0.02556299452221546,0,,,1.0
313,1520.0,2016-03-23,C,C.DCE,3,-1.0,2,10,1525.0,2016-03-22,164950.0,0.003278688524590164,0,,,3299.0
314,1511.0,2016-03-24,C,C.DCE,4,-1.0,3,10,1525.0,2016-03-22,460460.0,0.009180327868852459,0,,,3289.0
315,1622.0,2016-06-06,C,C.DCE,5,1.0,7,10,1620.0,2016-05-31,61300.0,0.0012345679012345679,0,,,3065.0
316,1622.0,2016-06-06,C,C.DCE,6,1.0,6,10,1608.0,2016-06-01,3780.0,0.008706467661691543,0,,,27.0
317,1622.0,2016-06-06,C,C.DCE,7,1.0,5,10,1639.0,2016-06-02,-680.0,-0.010372178157413058,0,,,4.0
318,1622.0,2016-06-06,C,C.DCE,8,1.0,4,10,1618.0,2016-06-03,440.0,0.002472187886279357,0,,,11.0
319,1635.0,2016-06-07,C,C.DCE,9,1.0,8,10,1620.0,2016-05-31,465000.0,0.009259259259259259,0,,,3100.0
320,1580.0,2016-06-17,C,C.DCE,10,-1.0,2,10,1598.0,2016-06-16,1120860.0,0.011264080100125156,0,,,6227.0
321,1428.0,2016-10-13,C,C.DCE,11,1.0,3,10,1435.0,2016-10-11,-122220.0,-0.004878048780487805,0,,,1746.0
322,1428.0,2016-10-13,C,C.DCE,12,1.0,2,10,1428.0,2016-10-12,0.0,0.0,0,,,590.0
323,1558.0,2016-11-16,C,C.DCE,13,-1.0,2,10,1568.0,2016-11-15,91200.0,0.006377551020408163,0,,,912.0
324,1567.0,2017-01-23,C,C.DCE,14,1.0,5,10,1562.0,2017-01-19,320100.0,0.003201024327784891,0,,,6402.0
325,1567.0,2017-01-23,C,C.DCE,15,1.0,4,10,1558.0,2017-01-20,1440.0,0.005776636713735558,0,,,16.0
326,1669.0,2017-03-14,C,C.DCE,16,1.0,5,10,1684.0,2017-03-10,-888600.0,-0.008907363420427554,0,,,5924.0
327,1669.0,2017-03-14,C,C.DCE,17,1.0,2,10,1658.0,2017-03-13,9020.0,0.0066344993968636915,0,,,82.0
328,1680.0,2017-06-13,C,C.DCE,18,1.0,2,10,1673.0,2017-06-12,209300.0,0.0041841004184100415,0,,,2990.0
329,1690.0,2017-09-12,C,C.DCE,19,-1.0,2,10,1686.0,2017-09-11,-80.0,-0.002372479240806643,0,,,2.0
330,1695.0,2017-09-14,C,C.DCE,20,-1.0,4,10,1686.0,2017-09-11,-630.0,-0.005338078291814947,0,,,7.0
331,1695.0,2017-09-14,C,C.DCE,21,-1.0,2,10,1693.0,2017-09-13,-59040.0,-0.0011813349084465446,0,,,2952.0
332,1703.0,2017-09-15,C,C.DCE,22,-1.0,5,10,1686.0,2017-09-11,-2890.0,-0.010083036773428233,0,,,17.0
333,1691.0,2017-09-18,C,C.DCE,23,-1.0,8,10,1686.0,2017-09-11,-146900.0,-0.0029655990510083037,0,,,2938.0
334,1786.0,2017-12-07,C,C.DCE,24,1.0,2,10,1780.0,2017-12-06,168840.0,0.0033707865168539327,0,,,2814.0
335,1771.0,2018-03-19,C,C.DCE,25,-1.0,4,10,1766.0,2018-03-16,-450.0,-0.0028312570781426952,0,,,9.0
336,1766.0,2018-03-20,C,C.DCE,26,-1.0,5,10,1766.0,2018-03-16,-0.0,-0.0,0,,,2825.0
337,1784.0,2018-05-29,C,C.DCE,27,1.0,5,10,1785.0,2018-05-25,-18670.0,-0.0005602240896358543,0,,,1867.0
338,1784.0,2018-05-29,C,C.DCE,28,1.0,2,10,1779.0,2018-05-28,47200.0,0.002810567734682406,0,,,944.0
339,1865.0,2018-07-17,C,C.DCE,29,1.0,8,10,1852.0,2018-07-10,351000.0,0.007019438444924406,0,,,2700.0
340,1844.0,2018-07-12,C,C.DCE,30,1.0,2,10,1844.0,2018-07-11,0.0,0.0,0,,,3.0
341,1847.0,2018-07-16,C,C.DCE,31,1.0,6,10,1844.0,2018-07-11,120.0,0.0016268980477223427,0,,,4.0
342,1847.0,2018-07-16,C,C.DCE,32,1.0,4,10,1845.0,2018-07-13,20.0,0.001084010840108401,0,,,1.0
343,1865.0,2018-07-17,C,C.DCE,33,1.0,7,10,1844.0,2018-07-11,1260.0,0.0113882863340564,0,,,6.0
344,1871.0,2018-08-08,C,C.DCE,34,1.0,2,10,1873.0,2018-08-07,-53340.0,-0.0010678056593699946,0,,,2667.0
345,1889.0,2018-08-09,C,C.DCE,35,1.0,3,10,1873.0,2018-08-07,428000.0,0.008542445274959957,0,,,2675.0
346,1974.0,2018-11-19,C,C.DCE,36,1.0,5,10,1990.0,2018-11-15,-268480.0,-0.008040201005025126,0,,,1678.0
347,1974.0,2018-11-19,C,C.DCE,37,1.0,4,10,1967.0,2018-11-16,1260.0,0.0035587188612099642,0,,,18.0
348,576.5,2016-11-17,I,I.DCE,1,-1.0,2,100,576.0,2016-11-16,-21150.0,-0.0008680555555555555,0,,,423.0
349,574.0,2017-03-24,I,I.DCE,2,-1.0,2,100,580.0,2017-03-23,523200.0,0.010344827586206896,0,,,872.0
350,550.0,2017-03-28,I,I.DCE,3,-1.0,6,100,580.0,2017-03-23,2583000.0,0.05172413793103448,0,,,861.0
351,521.5,2018-03-07,I,I.DCE,4,-1.0,2,100,520.0,2018-03-06,-150.0,-0.0028846153846153848,0,,,1.0
352,515.0,2018-03-08,I,I.DCE,5,-1.0,3,100,520.0,2018-03-06,480500.0,0.009615384615384616,0,,,961.0
353,438.0,2018-03-27,I,I.DCE,6,-1.0,2,100,437.5,2018-03-26,-50.0,-0.001142857142857143,0,,,1.0
354,439.0,2018-03-29,I,I.DCE,7,-1.0,4,100,437.5,2018-03-26,-68400.0,-0.0034285714285714284,0,,,456.0
355,439.0,2018-03-29,I,I.DCE,8,-1.0,2,100,443.5,2018-03-28,48150.0,0.010146561443066516,0,,,107.0
356,462.5,2018-06-27,I,I.DCE,9,-1.0,8,100,450.0,2018-06-20,-308750.0,-0.027777777777777776,0,,,247.0
357,462.5,2018-06-27,I,I.DCE,10,-1.0,7,100,454.0,2018-06-21,-24650.0,-0.018722466960352423,0,,,29.0
358,458.5,2018-06-25,I,I.DCE,11,-1.0,4,100,453.5,2018-06-22,-2500.0,-0.011025358324145534,0,,,5.0
359,462.5,2018-06-27,I,I.DCE,12,-1.0,6,100,453.5,2018-06-22,-144900.0,-0.019845644983461964,0,,,161.0
360,462.5,2018-06-27,I,I.DCE,13,-1.0,2,100,464.0,2018-06-26,15300.0,0.003232758620689655,0,,,102.0
361,488.5,2018-07-31,I,I.DCE,14,1.0,2,100,492.5,2018-07-30,-404400.0,-0.008121827411167513,0,,,1011.0
362,476.5,2018-08-03,I,I.DCE,15,1.0,5,100,492.5,2018-07-30,-518400.0,-0.03248730964467005,0,,,324.0
363,476.5,2018-08-03,I,I.DCE,16,1.0,3,100,488.5,2018-08-01,-1200.0,-0.02456499488229273,0,,,1.0
364,476.5,2018-08-03,I,I.DCE,17,1.0,2,100,474.5,2018-08-02,5600.0,0.004214963119072708,0,,,28.0
365,485.5,2018-08-06,I,I.DCE,18,1.0,8,100,492.5,2018-07-30,-490000.0,-0.014213197969543147,0,,,700.0
366,881.0,2016-08-17,JM,JM.DCE,1,1.0,2,60,865.0,2016-08-16,1849920.0,0.018497109826589597,0,,,1927.0
367,1342.5,2017-04-07,JM,JM.DCE,2,1.0,2,60,1331.0,2017-04-06,289110.0,0.008640120210368144,0,,,419.0
368,939.0,2017-06-05,JM,JM.DCE,3,-1.0,5,60,949.0,2017-06-01,210600.0,0.01053740779768177,0,,,351.0
369,1263.0,2017-12-11,JM,JM.DCE,4,-1.0,4,60,1258.0,2017-12-08,-33900.0,-0.00397456279809221,0,,,113.0
370,1285.0,2017-12-14,JM,JM.DCE,5,-1.0,7,60,1258.0,2017-12-08,-532980.0,-0.021462639109697933,0,,,329.0
371,1283.0,2017-12-13,JM,JM.DCE,6,-1.0,2,60,1279.5,2017-12-12,-630.0,-0.0027354435326299334,0,,,3.0
372,1285.0,2017-12-14,JM,JM.DCE,7,-1.0,3,60,1279.5,2017-12-12,-33990.0,-0.0042985541227041815,0,,,103.0
373,1288.5,2018-03-19,JM,JM.DCE,8,1.0,5,60,1295.5,2018-03-15,-270480.0,-0.005403319181783096,0,,,644.0
374,1288.5,2018-03-19,JM,JM.DCE,9,1.0,4,60,1285.5,2018-03-16,900.0,0.002333722287047841,0,,,5.0
375,1122.0,2018-04-13,JM,JM.DCE,10,-1.0,2,60,1148.0,2018-04-12,753480.0,0.02264808362369338,0,,,483.0
376,1275.5,2018-08-10,JM,JM.DCE,11,1.0,2,60,1276.5,2018-08-09,-6540.0,-0.0007833920877399138,0,,,109.0
377,1260.0,2018-08-14,JM,JM.DCE,12,1.0,6,60,1276.5,2018-08-09,-323730.0,-0.012925969447708578,0,,,327.0
378,1260.0,2018-08-14,JM,JM.DCE,13,1.0,2,60,1237.0,2018-08-13,13800.0,0.018593371059013743,0,,,10.0
379,1247.5,2018-12-14,JM,JM.DCE,14,-1.0,2,60,1207.0,2018-12-13,-109350.0,-0.03355426677713339,0,,,45.0
380,1253.0,2018-12-17,JM,JM.DCE,15,-1.0,5,60,1207.0,2018-12-13,-33120.0,-0.03811101905550953,0,,,12.0
381,1242.0,2018-12-18,JM,JM.DCE,16,-1.0,6,60,1207.0,2018-12-13,-2786700.0,-0.02899751449875725,0,,,1327.0
382,2143.0,2016-04-26,RM,RM.CZC,1,-1.0,2,10,2140.0,2016-04-25,-70200.0,-0.0014018691588785046,0,,,2340.0
383,2199.0,2016-11-04,RM,RM.CZC,2,-1.0,2,10,2203.0,2016-11-03,60720.0,0.0018157058556513845,0,,,1518.0
384,2215.0,2017-06-02,RM,RM.CZC,3,-1.0,2,10,2193.0,2017-06-01,-1540.0,-0.010031919744642043,0,,,7.0
385,2224.0,2017-06-14,RM,RM.CZC,4,-1.0,14,10,2193.0,2017-06-01,-281170.0,-0.014135886912904697,0,,,907.0
386,2221.0,2017-06-06,RM,RM.CZC,5,-1.0,2,10,2215.0,2017-06-05,-1440.0,-0.002708803611738149,0,,,24.0
387,2236.0,2017-06-08,RM,RM.CZC,6,-1.0,4,10,2215.0,2017-06-05,-1890.0,-0.009480812641083521,0,,,9.0
388,2236.0,2017-06-08,RM,RM.CZC,7,-1.0,2,10,2218.0,2017-06-07,-360.0,-0.008115419296663661,0,,,2.0
389,2236.0,2017-06-09,RM,RM.CZC,8,-1.0,5,10,2215.0,2017-06-05,-3780.0,-0.009480812641083521,0,,,18.0
390,2243.0,2017-06-12,RM,RM.CZC,9,-1.0,8,10,2215.0,2017-06-05,-628600.0,-0.012641083521444696,0,,,2245.0
391,2224.0,2017-06-14,RM,RM.CZC,10,-1.0,10,10,2215.0,2017-06-05,-119520.0,-0.004063205417607223,0,,,1328.0
392,2224.0,2017-06-14,RM,RM.CZC,11,-1.0,2,10,2225.0,2017-06-13,22390.0,0.00044943820224719103,0,,,2239.0
393,2341.0,2017-07-05,RM,RM.CZC,12,1.0,2,10,2332.0,2017-07-04,193320.0,0.0038593481989708405,0,,,2148.0
394,2166.0,2017-08-04,RM,RM.CZC,13,-1.0,2,10,2215.0,2017-08-03,442470.0,0.022121896162528215,0,,,903.0
395,2146.0,2017-09-15,RM,RM.CZC,14,-1.0,2,10,2126.0,2017-09-14,-5000.0,-0.00940733772342427,0,,,25.0
396,2158.0,2017-09-20,RM,RM.CZC,15,-1.0,7,10,2126.0,2017-09-14,-745600.0,-0.015051740357478834,0,,,2330.0
397,2168.0,2017-09-19,RM,RM.CZC,16,-1.0,2,10,2158.0,2017-09-18,-2800.0,-0.004633920296570899,0,,,28.0
398,2158.0,2017-09-20,RM,RM.CZC,17,-1.0,3,10,2158.0,2017-09-18,-0.0,-0.0,0,,,2274.0
399,2255.0,2017-09-26,RM,RM.CZC,18,1.0,2,10,2251.0,2017-09-25,177920.0,0.001776988005330964,0,,,4448.0
400,2473.0,2018-02-27,RM,RM.CZC,19,1.0,5,10,2462.0,2018-02-23,110.0,0.004467912266450041,0,,,1.0
401,2473.0,2018-02-27,RM,RM.CZC,20,1.0,2,10,2468.0,2018-02-26,50.0,0.002025931928687196,0,,,1.0
402,2495.0,2018-03-01,RM,RM.CZC,21,1.0,7,10,2462.0,2018-02-23,446160.0,0.013403736799350122,0,,,1352.0
403,2495.0,2018-03-01,RM,RM.CZC,22,1.0,2,10,2470.0,2018-02-28,677000.0,0.010121457489878543,0,,,2708.0
404,2589.0,2018-04-03,RM,RM.CZC,23,1.0,2,10,2570.0,2018-04-02,184680.0,0.007392996108949416,0,,,972.0
405,2380.0,2018-11-06,RM,RM.CZC,24,-1.0,2,10,2340.0,2018-11-05,-11200.0,-0.017094017094017096,0,,,28.0
406,2396.0,2018-11-08,RM,RM.CZC,25,-1.0,4,10,2340.0,2018-11-05,-7840.0,-0.023931623931623933,0,,,14.0
407,2331.0,2018-11-09,RM,RM.CZC,26,-1.0,5,10,2340.0,2018-11-05,188010.0,0.0038461538461538464,0,,,2089.0
408,12850.0,2016-04-25,AL,AL.SHF,1,1.0,4,5,12450.0,2016-04-22,3226000.0,0.0321285140562249,0,,,1613.0
409,13490.0,2016-11-04,AL,AL.SHF,2,-1.0,2,5,13230.0,2016-11-03,-639600.0,-0.019652305366591082,0,,,492.0
410,13845.0,2017-06-02,AL,AL.SHF,3,-1.0,2,5,13695.0,2017-06-01,-1500.0,-0.01095290251916758,0,,,2.0
411,13770.0,2017-06-05,AL,AL.SHF,4,-1.0,5,5,13695.0,2017-06-01,-108750.0,-0.00547645125958379,0,,,290.0
412,14780.0,2017-08-07,AL,AL.SHF,5,1.0,5,5,14850.0,2017-08-03,-94850.0,-0.0047138047138047135,0,,,271.0
413,14780.0,2017-08-07,AL,AL.SHF,6,1.0,4,5,14720.0,2017-08-04,20700.0,0.004076086956521739,0,,,69.0
414,16180.0,2017-08-14,AL,AL.SHF,7,1.0,5,5,16195.0,2017-08-10,-61425.0,-0.0009262117937635072,0,,,819.0
415,16180.0,2017-08-14,AL,AL.SHF,8,1.0,4,5,16165.0,2017-08-11,750.0,0.0009279307145066501,0,,,10.0
416,16175.0,2017-08-17,AL,AL.SHF,9,1.0,8,5,16195.0,2017-08-10,-41400.0,-0.001234949058351343,0,,,414.0
417,16175.0,2017-08-17,AL,AL.SHF,10,1.0,3,5,15815.0,2017-08-15,14400.0,0.02276319949415112,0,,,8.0
418,16175.0,2017-08-17,AL,AL.SHF,11,1.0,2,5,15895.0,2017-08-16,295400.0,0.017615602390688895,0,,,211.0
419,16505.0,2017-09-13,AL,AL.SHF,12,1.0,2,5,16530.0,2017-09-12,-75625.0,-0.0015124016938898972,0,,,605.0
420,14635.0,2018-01-18,AL,AL.SHF,13,-1.0,2,5,14695.0,2018-01-17,135600.0,0.004083021435862538,0,,,452.0
421,14475.0,2018-04-26,AL,AL.SHF,14,-1.0,2,5,14365.0,2018-04-25,-382250.0,-0.007657500870170553,0,,,695.0
422,15040.0,2018-06-08,AL,AL.SHF,15,1.0,2,5,14950.0,2018-06-07,201600.0,0.006020066889632107,0,,,448.0
423,14685.0,2018-08-14,AL,AL.SHF,16,1.0,5,5,14835.0,2018-08-10,-252750.0,-0.010111223458038422,0,,,337.0
424,14685.0,2018-08-14,AL,AL.SHF,17,1.0,2,5,14620.0,2018-08-13,1625.0,0.004445964432284542,0,,,5.0
425,13690.0,2018-12-10,AL,AL.SHF,18,1.0,7,5,13800.0,2018-12-04,-199100.0,-0.007971014492753623,0,,,362.0
426,13625.0,2018-12-07,AL,AL.SHF,19,1.0,3,5,13825.0,2018-12-05,-115000.0,-0.014466546112115732,0,,,115.0
427,13625.0,2018-12-07,AL,AL.SHF,20,1.0,2,5,13735.0,2018-12-06,-135300.0,-0.008008736803785948,0,,,246.0
428,13690.0,2018-12-10,AL,AL.SHF,21,1.0,6,5,13825.0,2018-12-05,-4050.0,-0.00976491862567812,0,,,6.0
429,11730.0,2016-03-08,RU,RU.SHF,1,1.0,2,10,11425.0,2016-03-07,2696200.0,0.026695842450765863,0,,,884.0
430,12695.0,2016-08-08,RU,RU.SHF,2,1.0,5,10,12700.0,2016-08-04,-39500.0,-0.0003937007874015748,0,,,790.0
431,12695.0,2016-08-08,RU,RU.SHF,3,1.0,4,10,12510.0,2016-08-05,14800.0,0.014788169464428458,0,,,8.0
432,15135.0,2016-11-09,RU,RU.SHF,4,1.0,2,10,14480.0,2016-11-08,1506500.0,0.04523480662983426,0,,,230.0
433,16470.0,2016-11-18,RU,RU.SHF,5,-1.0,4,10,15500.0,2016-11-15,-902100.0,-0.06258064516129032,0,,,93.0
434,16470.0,2016-11-18,RU,RU.SHF,6,-1.0,3,10,15715.0,2016-11-16,-505850.0,-0.04804327076041998,0,,,67.0
435,16470.0,2016-11-18,RU,RU.SHF,7,-1.0,2,10,16540.0,2016-11-17,29400.0,0.004232164449818622,0,,,42.0
436,12765.0,2017-07-06,RU,RU.SHF,8,-1.0,2,10,12750.0,2017-07-05,-19950.0,-0.001176470588235294,0,,,133.0
437,12820.0,2017-07-10,RU,RU.SHF,9,-1.0,6,10,12750.0,2017-07-05,-182000.0,-0.005490196078431373,0,,,260.0
438,12820.0,2017-07-10,RU,RU.SHF,10,-1.0,4,10,12900.0,2017-07-07,102400.0,0.006201550387596899,0,,,128.0
439,15250.0,2017-08-02,RU,RU.SHF,11,-1.0,3,10,12500.0,2017-07-31,-7342500.0,-0.22,0,,,267.0
440,15250.0,2017-08-02,RU,RU.SHF,12,-1.0,2,10,12505.0,2017-08-01,-3623400.0,-0.21951219512195122,0,,,132.0
441,15710.0,2017-08-07,RU,RU.SHF,13,1.0,5,10,15225.0,2017-08-03,635350.0,0.03185550082101806,0,,,131.0
442,15710.0,2017-08-07,RU,RU.SHF,14,1.0,4,10,15290.0,2017-08-04,138600.0,0.027468933943754086,0,,,33.0
443,16710.0,2017-09-12,RU,RU.SHF,15,-1.0,2,10,16800.0,2017-09-11,268200.0,0.005357142857142857,0,,,298.0
444,13320.0,2017-10-11,RU,RU.SHF,16,-1.0,13,10,13500.0,2017-09-29,102600.0,0.013333333333333334,0,,,57.0
445,13320.0,2017-10-11,RU,RU.SHF,17,-1.0,3,10,13615.0,2017-10-09,5900.0,0.021667278736687477,0,,,2.0
446,13320.0,2017-10-11,RU,RU.SHF,18,-1.0,2,10,13360.0,2017-10-10,1200.0,0.0029940119760479044,0,,,3.0
447,13420.0,2017-10-13,RU,RU.SHF,19,-1.0,15,10,13500.0,2017-09-29,800.0,0.005925925925925926,0,,,1.0
448,13420.0,2017-10-13,RU,RU.SHF,20,-1.0,2,10,13145.0,2017-10-12,-176000.0,-0.02092050209205021,0,,,64.0
449,13355.0,2017-10-20,RU,RU.SHF,21,-1.0,22,10,13500.0,2017-09-29,271150.0,0.01074074074074074,0,,,187.0
450,13575.0,2017-10-17,RU,RU.SHF,22,-1.0,2,10,13600.0,2017-10-16,250.0,0.001838235294117647,0,,,1.0
451,13355.0,2017-10-20,RU,RU.SHF,23,-1.0,5,10,13600.0,2017-10-16,142100.0,0.01801470588235294,0,,,58.0
452,13355.0,2017-10-20,RU,RU.SHF,24,-1.0,3,10,13520.0,2017-10-18,1650.0,0.01220414201183432,0,,,1.0
453,13325.0,2017-11-17,RU,RU.SHF,25,-1.0,2,10,13285.0,2017-11-16,-50400.0,-0.0030109145652992097,0,,,126.0
454,13400.0,2017-11-21,RU,RU.SHF,26,-1.0,6,10,13285.0,2017-11-16,-2300.0,-0.008656379375235227,0,,,2.0
455,13400.0,2017-11-21,RU,RU.SHF,27,-1.0,2,10,13315.0,2017-11-20,-106250.0,-0.006383777694329703,0,,,125.0
456,13365.0,2017-11-22,RU,RU.SHF,28,-1.0,7,10,13285.0,2017-11-16,-199200.0,-0.0060218291305984195,0,,,249.0
457,13180.0,2018-02-01,RU,RU.SHF,29,-1.0,2,10,13400.0,2018-01-31,547800.0,0.016417910447761194,0,,,249.0
458,11070.0,2018-03-27,RU,RU.SHF,30,-1.0,2,10,11205.0,2018-03-26,238950.0,0.012048192771084338,0,,,177.0
459,11840.0,2018-05-28,RU,RU.SHF,31,1.0,7,10,12225.0,2018-05-22,-1051050.0,-0.031492842535787324,0,,,273.0
460,11850.0,2018-05-25,RU,RU.SHF,32,1.0,3,10,12165.0,2018-05-23,-409500.0,-0.025893958076448828,0,,,130.0
461,11850.0,2018-05-25,RU,RU.SHF,33,1.0,2,10,11810.0,2018-05-24,4400.0,0.003386960203217612,0,,,11.0
462,11840.0,2018-05-28,RU,RU.SHF,34,1.0,6,10,12165.0,2018-05-23,-26000.0,-0.026715988491574187,0,,,8.0
463,10450.0,2018-07-03,RU,RU.SHF,35,-1.0,14,10,10200.0,2018-06-20,-272500.0,-0.024509803921568627,0,,,109.0
464,10450.0,2018-07-03,RU,RU.SHF,36,-1.0,13,10,10305.0,2018-06-21,-17400.0,-0.014070839398350316,0,,,12.0
465,10460.0,2018-06-25,RU,RU.SHF,37,-1.0,4,10,10350.0,2018-06-22,-2200.0,-0.010628019323671498,0,,,2.0
466,10450.0,2018-07-03,RU,RU.SHF,38,-1.0,12,10,10350.0,2018-06-22,-70000.0,-0.00966183574879227,0,,,70.0
467,10450.0,2018-07-03,RU,RU.SHF,39,-1.0,8,10,10450.0,2018-06-26,-0.0,-0.0,0,,,48.0
468,10450.0,2018-07-03,RU,RU.SHF,40,-1.0,7,10,10500.0,2018-06-27,39500.0,0.004761904761904762,0,,,79.0
469,10570.0,2018-07-02,RU,RU.SHF,41,-1.0,4,10,10445.0,2018-06-29,-6250.0,-0.011967448539971278,0,,,5.0
470,10450.0,2018-07-03,RU,RU.SHF,42,-1.0,5,10,10445.0,2018-06-29,-7750.0,-0.0004786979415988511,0,,,155.0
471,12600.0,2018-08-10,RU,RU.SHF,43,1.0,2,10,12480.0,2018-08-09,81600.0,0.009615384615384616,0,,,68.0
472,11925.0,2018-08-17,RU,RU.SHF,44,1.0,9,10,12480.0,2018-08-09,-172050.0,-0.04447115384615385,0,,,31.0
473,11925.0,2018-08-17,RU,RU.SHF,45,1.0,5,10,12380.0,2018-08-13,-13650.0,-0.036752827140549275,0,,,3.0
474,11925.0,2018-08-17,RU,RU.SHF,46,1.0,4,10,12480.0,2018-08-14,-360750.0,-0.04447115384615385,0,,,65.0
475,11925.0,2018-08-17,RU,RU.SHF,47,1.0,3,10,12365.0,2018-08-15,-13200.0,-0.03558431055398301,0,,,3.0
476,11925.0,2018-08-17,RU,RU.SHF,48,1.0,2,10,12320.0,2018-08-16,-533250.0,-0.03206168831168831,0,,,135.0
477,11915.0,2018-08-21,RU,RU.SHF,49,1.0,13,10,12480.0,2018-08-09,-949200.0,-0.045272435897435896,0,,,168.0
478,11915.0,2018-08-21,RU,RU.SHF,50,1.0,2,10,11750.0,2018-08-20,4950.0,0.014042553191489362,0,,,3.0
479,9395.0,2018-01-18,PP,PP.DCE,1,-1.0,2,5,9415.0,2018-01-17,70800.0,0.002124269782262347,0,,,708.0
480,10550.0,2018-10-10,PP,PP.DCE,2,1.0,2,5,10438.0,2018-10-09,359520.0,0.010730024908986396,0,,,642.0
481,8486.0,2018-11-28,PP,PP.DCE,3,-1.0,3,5,8350.0,2018-11-26,-799000.0,-0.0162874251497006,0,,,1175.0
482,8486.0,2018-11-28,PP,PP.DCE,4,-1.0,2,5,8530.0,2018-11-27,1760.0,0.005158264947245018,0,,,8.0
483,8782.0,2018-11-29,PP,PP.DCE,5,-1.0,4,5,8350.0,2018-11-26,-1324080.0,-0.05173652694610779,0,,,613.0
484,8690.0,2018-11-30,PP,PP.DCE,6,-1.0,5,5,8350.0,2018-11-26,-967300.0,-0.0407185628742515,0,,,569.0
485,8470.0,2018-12-11,PP,PP.DCE,7,-1.0,5,5,8589.0,2018-12-07,349265.0,0.013854930725346373,0,,,587.0
486,8470.0,2018-12-11,PP,PP.DCE,8,-1.0,2,5,8625.0,2018-12-10,144925.0,0.017971014492753623,0,,,187.0
487,2998.0,2016-09-22,M,M.DCE,1,1.0,3,10,2985.0,2016-09-20,218140.0,0.004355108877721943,0,,,1678.0
488,2998.0,2016-09-22,M,M.DCE,2,1.0,2,10,2980.0,2016-09-21,302580.0,0.006040268456375839,0,,,1681.0
489,2806.0,2016-11-18,M,M.DCE,3,-1.0,4,10,2751.0,2016-11-15,-285450.0,-0.019992729916394038,0,,,519.0
490,2806.0,2016-11-18,M,M.DCE,4,-1.0,3,10,2772.0,2016-11-16,-130900.0,-0.012265512265512266,0,,,385.0
491,2806.0,2016-11-18,M,M.DCE,5,-1.0,2,10,2806.0,2016-11-17,-0.0,-0.0,0,,,281.0
492,2797.0,2017-07-05,M,M.DCE,6,1.0,2,10,2792.0,2017-07-04,89950.0,0.0017908309455587394,0,,,1799.0
493,2730.0,2017-08-15,M,M.DCE,7,-1.0,2,10,2738.0,2017-08-14,320.0,0.0029218407596785976,0,,,4.0
494,2721.0,2017-08-16,M,M.DCE,8,-1.0,3,10,2738.0,2017-08-14,207230.0,0.00620891161431702,0,,,1219.0
495,2853.0,2017-10-20,M,M.DCE,9,1.0,5,10,2860.0,2017-10-16,-81760.0,-0.0024475524475524478,0,,,1168.0
496,2853.0,2017-10-20,M,M.DCE,10,1.0,4,10,2852.0,2017-10-17,10.0,0.0003506311360448808,0,,,1.0
497,2853.0,2017-10-20,M,M.DCE,11,1.0,3,10,2838.0,2017-10-18,600.0,0.005285412262156448,0,,,4.0
498,2853.0,2017-10-20,M,M.DCE,12,1.0,2,10,2840.0,2017-10-19,260.0,0.004577464788732394,0,,,2.0
499,2835.0,2017-11-16,M,M.DCE,13,1.0,3,10,2828.0,2017-11-14,123480.0,0.0024752475247524753,0,,,1764.0
500,2835.0,2017-11-16,M,M.DCE,14,1.0,2,10,2819.0,2017-11-15,1440.0,0.005675771550195104,0,,,9.0
501,2822.0,2017-11-24,M,M.DCE,15,-1.0,2,10,2835.0,2017-11-23,115050.0,0.004585537918871252,0,,,885.0
502,2978.0,2018-02-27,M,M.DCE,16,1.0,5,10,2949.0,2018-02-23,326830.0,0.009833841980332316,0,,,1127.0
503,3165.0,2018-04-03,M,M.DCE,17,1.0,2,10,3160.0,2018-04-02,39600.0,0.0015822784810126582,0,,,792.0
504,3002.0,2018-06-26,M,M.DCE,18,1.0,7,10,3055.0,2018-06-20,-192920.0,-0.01734860883797054,0,,,364.0
505,3002.0,2018-06-26,M,M.DCE,19,1.0,6,10,3046.0,2018-06-21,-20680.0,-0.014445173998686802,0,,,47.0
506,3002.0,2018-06-26,M,M.DCE,20,1.0,5,10,3019.0,2018-06-22,-43010.0,-0.005631003643590593,0,,,253.0
507,3002.0,2018-06-26,M,M.DCE,21,1.0,2,10,2974.0,2018-06-25,2800.0,0.00941492938802959,0,,,10.0
508,3150.0,2018-11-06,M,M.DCE,22,-1.0,2,10,3069.0,2018-11-05,-15390.0,-0.026392961876832845,0,,,19.0
509,3160.0,2018-11-07,M,M.DCE,23,-1.0,3,10,3069.0,2018-11-05,-7280.0,-0.029651352231997392,0,,,8.0
510,3195.0,2018-11-08,M,M.DCE,24,-1.0,4,10,3069.0,2018-11-05,-25200.0,-0.04105571847507331,0,,,20.0
511,3147.0,2018-11-09,M,M.DCE,25,-1.0,5,10,3069.0,2018-11-05,-1219140.0,-0.02541544477028348,0,,,1563.0
512,2702.0,2018-11-29,M,M.DCE,26,-1.0,2,10,2668.0,2018-11-28,-323680.0,-0.012743628185907047,0,,,952.0
513,2740.0,2018-12-04,M,M.DCE,27,-1.0,7,10,2668.0,2018-11-28,-5040.0,-0.026986506746626688,0,,,7.0
514,2740.0,2018-12-04,M,M.DCE,28,-1.0,5,10,2716.0,2018-11-30,-71760.0,-0.008836524300441826,0,,,299.0
515,2740.0,2018-12-04,M,M.DCE,29,-1.0,2,10,2716.0,2018-12-03,-589680.0,-0.008836524300441826,0,,,2457.0
516,2690.0,2018-12-05,M,M.DCE,30,-1.0,8,10,2668.0,2018-11-28,-202180.0,-0.008245877061469266,0,,,919.0
517,967.0,2016-03-09,FG,FG.CZC,1,1.0,2,20,979.0,2016-03-08,-621120.0,-0.012257405515832482,0,,,2588.0
518,975.0,2016-04-12,FG,FG.CZC,2,1.0,5,20,969.0,2016-04-08,618600.0,0.006191950464396285,0,,,5155.0
519,975.0,2016-04-12,FG,FG.CZC,3,1.0,2,20,968.0,2016-04-11,2940.0,0.007231404958677686,0,,,21.0
520,1071.0,2016-10-11,FG,FG.CZC,4,-1.0,2,20,1060.0,2016-10-10,-773080.0,-0.010377358490566037,0,,,3514.0
521,1070.0,2016-10-14,FG,FG.CZC,5,-1.0,5,20,1060.0,2016-10-10,-233600.0,-0.009433962264150943,0,,,1168.0
522,1070.0,2016-10-14,FG,FG.CZC,6,-1.0,3,20,1076.0,2016-10-12,45360.0,0.0055762081784386614,0,,,378.0
523,1070.0,2016-10-14,FG,FG.CZC,7,-1.0,2,20,1080.0,2016-10-13,616800.0,0.009259259259259259,0,,,3084.0
524,1224.0,2017-03-10,FG,FG.CZC,8,-1.0,2,20,1250.0,2017-03-09,2073240.0,0.0208,0,,,3987.0
525,1273.0,2017-03-30,FG,FG.CZC,9,1.0,2,20,1262.0,2017-03-29,437140.0,0.008716323296354992,0,,,1987.0
526,1221.0,2017-04-13,FG,FG.CZC,10,-1.0,2,20,1232.0,2017-04-12,446380.0,0.008928571428571428,0,,,2029.0
527,1364.0,2017-07-03,FG,FG.CZC,11,1.0,4,20,1359.0,2017-06-30,368500.0,0.003679175864606328,0,,,3685.0
528,1375.0,2017-10-16,FG,FG.CZC,12,1.0,6,20,1362.0,2017-10-11,238680.0,0.009544787077826725,0,,,918.0
529,1359.0,2017-10-13,FG,FG.CZC,13,1.0,2,20,1360.0,2017-10-12,-6100.0,-0.0007352941176470588,0,,,305.0
530,1375.0,2017-10-16,FG,FG.CZC,14,1.0,5,20,1360.0,2017-10-12,600.0,0.011029411764705883,0,,,2.0
531,1376.0,2018-03-26,FG,FG.CZC,15,-1.0,4,20,1387.0,2018-03-23,396440.0,0.007930785868781542,0,,,1802.0
532,1458.0,2018-08-16,FG,FG.CZC,16,-1.0,7,20,1431.0,2018-08-10,-471420.0,-0.018867924528301886,0,,,873.0
533,1458.0,2018-08-16,FG,FG.CZC,17,-1.0,4,20,1428.0,2018-08-13,-600.0,-0.02100840336134454,0,,,1.0
534,1463.0,2018-08-15,FG,FG.CZC,18,-1.0,2,20,1443.0,2018-08-14,-7200.0,-0.01386001386001386,0,,,18.0
535,1458.0,2018-08-16,FG,FG.CZC,19,-1.0,3,20,1443.0,2018-08-14,-79200.0,-0.010395010395010396,0,,,264.0
536,1433.0,2018-08-20,FG,FG.CZC,20,-1.0,4,20,1419.0,2018-08-17,-2240.0,-0.009866102889358703,0,,,8.0
537,1430.0,2018-08-22,FG,FG.CZC,21,-1.0,6,20,1419.0,2018-08-17,-154000.0,-0.007751937984496124,0,,,700.0
538,1430.0,2018-08-22,FG,FG.CZC,22,-1.0,2,20,1435.0,2018-08-21,46300.0,0.003484320557491289,0,,,463.0
539,2084.0,2016-11-15,BU,BU.SHF,1,1.0,2,10,2248.0,2016-11-14,-2523960.0,-0.07295373665480427,0,,,1539.0
540,2132.0,2016-11-16,BU,BU.SHF,2,1.0,3,10,2248.0,2016-11-14,-794600.0,-0.051601423487544484,0,,,685.0
541,2588.0,2017-08-15,BU,BU.SHF,3,-1.0,2,10,2590.0,2017-08-14,100.0,0.0007722007722007722,0,,,5.0
542,2716.0,2017-08-22,BU,BU.SHF,4,-1.0,9,10,2590.0,2017-08-14,-1619100.0,-0.04864864864864865,0,,,1285.0
543,2716.0,2017-08-22,BU,BU.SHF,5,-1.0,7,10,2608.0,2017-08-16,-678240.0,-0.04141104294478527,0,,,628.0
544,2672.0,2017-08-18,BU,BU.SHF,6,-1.0,2,10,2626.0,2017-08-17,-36340.0,-0.017517136329017517,0,,,79.0
545,2722.0,2017-08-21,BU,BU.SHF,7,-1.0,5,10,2626.0,2017-08-17,-45120.0,-0.03655750190403656,0,,,47.0
546,2716.0,2017-08-22,BU,BU.SHF,8,-1.0,6,10,2626.0,2017-08-17,-1592100.0,-0.03427265803503427,0,,,1769.0
547,2452.0,2017-11-17,BU,BU.SHF,9,-1.0,2,10,2448.0,2017-11-16,-27400.0,-0.0016339869281045752,0,,,685.0
548,2676.0,2017-11-21,BU,BU.SHF,10,-1.0,6,10,2448.0,2017-11-16,-102600.0,-0.09313725490196079,0,,,45.0
549,2676.0,2017-11-21,BU,BU.SHF,11,-1.0,2,10,2472.0,2017-11-20,-1377000.0,-0.0825242718446602,0,,,675.0
550,2760.0,2017-11-23,BU,BU.SHF,12,-1.0,8,10,2448.0,2017-11-16,-1251120.0,-0.12745098039215685,0,,,401.0
551,2760.0,2017-11-23,BU,BU.SHF,13,-1.0,2,10,2698.0,2017-11-22,-337280.0,-0.022979985174203115,0,,,544.0
552,2758.0,2017-11-24,BU,BU.SHF,14,-1.0,9,10,2448.0,2017-11-16,-2821000.0,-0.12663398692810457,0,,,910.0
553,3008.0,2018-05-07,BU,BU.SHF,15,1.0,4,10,2978.0,2018-05-04,1005300.0,0.010073875083948958,0,,,3351.0
554,3268.0,2018-05-22,BU,BU.SHF,16,1.0,2,10,3256.0,2018-05-21,123720.0,0.0036855036855036856,0,,,1031.0
555,3650.0,2018-09-12,BU,BU.SHF,17,1.0,2,10,3784.0,2018-09-11,-2316860.0,-0.0354122621564482,0,,,1729.0
556,3666.0,2018-09-13,BU,BU.SHF,18,1.0,3,10,3784.0,2018-09-11,-1078520.0,-0.031183932346723044,0,,,914.0
557,3270.0,2018-11-16,BU,BU.SHF,19,-1.0,2,10,3202.0,2018-11-15,-12240.0,-0.021236727045596503,0,,,18.0
558,3162.0,2018-11-20,BU,BU.SHF,20,-1.0,6,10,3202.0,2018-11-15,409200.0,0.012492192379762648,0,,,1023.0
559,3162.0,2018-11-20,BU,BU.SHF,21,-1.0,2,10,3258.0,2018-11-19,495360.0,0.029465930018416207,0,,,516.0
560,692.5,2016-02-24,J,J.DCE,1,1.0,2,100,690.0,2016-02-23,250.0,0.0036231884057971015,0,,,1.0
561,705.5,2016-02-25,J,J.DCE,2,1.0,3,100,690.0,2016-02-23,747100.0,0.02246376811594203,0,,,482.0
562,726.0,2016-03-11,J,J.DCE,3,-1.0,2,100,724.5,2016-03-10,-104550.0,-0.002070393374741201,0,,,697.0
563,733.5,2016-03-14,J,J.DCE,4,-1.0,5,100,724.5,2016-03-10,-8100.0,-0.012422360248447204,0,,,9.0
564,746.0,2016-03-16,J,J.DCE,5,-1.0,7,100,724.5,2016-03-10,-1459850.0,-0.029675638371290544,0,,,679.0
565,746.0,2016-03-16,J,J.DCE,6,-1.0,2,100,746.5,2016-03-15,33150.0,0.0006697923643670462,0,,,663.0
566,930.0,2016-06-30,J,J.DCE,7,1.0,3,100,938.0,2016-06-28,-424000.0,-0.008528784648187633,0,,,530.0
567,930.0,2016-06-30,J,J.DCE,8,1.0,2,100,933.0,2016-06-29,-300.0,-0.003215434083601286,0,,,1.0
568,950.0,2016-07-01,J,J.DCE,9,1.0,4,100,938.0,2016-06-28,643200.0,0.01279317697228145,0,,,536.0
569,1211.5,2016-09-09,J,J.DCE,10,-1.0,2,100,1189.5,2016-09-08,-30800.0,-0.018495166036149643,0,,,14.0
570,1185.0,2016-09-12,J,J.DCE,11,-1.0,5,100,1189.5,2016-09-08,372150.0,0.0037831021437578815,0,,,827.0
571,1705.5,2016-10-27,J,J.DCE,12,1.0,2,100,1684.0,2016-10-26,10750.0,0.012767220902612826,0,,,5.0
572,1760.0,2016-10-31,J,J.DCE,13,1.0,6,100,1684.0,2016-10-26,2226800.0,0.04513064133016627,0,,,293.0
573,1760.0,2016-10-31,J,J.DCE,14,1.0,4,100,1680.0,2016-10-28,48000.0,0.047619047619047616,0,,,6.0
574,2097.0,2016-11-11,J,J.DCE,15,1.0,2,100,2134.0,2016-11-10,-418100.0,-0.017338331771321464,0,,,113.0
575,2149.0,2016-11-14,J,J.DCE,16,1.0,5,100,2134.0,2016-11-10,178500.0,0.007029053420805998,0,,,119.0
576,2060.0,2016-11-18,J,J.DCE,17,-1.0,3,100,2005.0,2016-11-16,-693000.0,-0.02743142144638404,0,,,126.0
577,2060.0,2016-11-18,J,J.DCE,18,-1.0,2,100,2060.0,2016-11-17,-0.0,-0.0,0,,,36.0
578,1771.0,2016-12-06,J,J.DCE,19,-1.0,2,100,1727.0,2016-12-05,-57200.0,-0.025477707006369428,0,,,13.0
579,1752.0,2016-12-07,J,J.DCE,20,-1.0,3,100,1727.0,2016-12-05,-1415000.0,-0.01447596988998263,0,,,566.0
580,1900.0,2017-04-06,J,J.DCE,21,-1.0,2,100,1820.0,2017-04-05,-840000.0,-0.04395604395604396,0,,,105.0
581,1821.0,2017-04-10,J,J.DCE,22,-1.0,6,100,1820.0,2017-04-05,-17600.0,-0.0005494505494505495,0,,,176.0
582,1821.0,2017-04-10,J,J.DCE,23,-1.0,4,100,1908.0,2017-04-07,739500.0,0.04559748427672956,0,,,85.0
583,1383.0,2017-06-05,J,J.DCE,24,-1.0,5,100,1426.0,2017-06-01,602000.0,0.030154277699859747,0,,,140.0
584,2060.0,2017-12-11,J,J.DCE,25,-1.0,4,100,1999.0,2017-12-08,-274500.0,-0.030515257628814407,0,,,45.0
585,2109.0,2017-12-13,J,J.DCE,26,-1.0,6,100,1999.0,2017-12-08,-1331000.0,-0.05502751375687844,0,,,121.0
586,2109.0,2017-12-13,J,J.DCE,27,-1.0,2,100,2108.0,2017-12-12,-3700.0,-0.0004743833017077799,0,,,37.0
587,1775.0,2018-03-29,J,J.DCE,28,-1.0,4,100,1849.0,2018-03-26,799200.0,0.04002163331530557,0,,,108.0
588,1775.0,2018-03-29,J,J.DCE,29,-1.0,3,100,1840.0,2018-03-27,6500.0,0.035326086956521736,0,,,1.0
589,1775.0,2018-03-29,J,J.DCE,30,-1.0,2,100,1841.0,2018-03-28,178200.0,0.035850081477457905,0,,,27.0
590,1731.5,2018-04-13,J,J.DCE,31,-1.0,2,100,1746.0,2018-04-12,276950.0,0.008304696449026346,0,,,191.0
591,2318.0,2018-12-05,J,J.DCE,32,1.0,2,100,2237.0,2018-12-04,907200.0,0.03620920876173447,0,,,112.0
592,1984.0,2018-12-11,J,J.DCE,33,-1.0,5,100,1925.0,2018-12-07,-761100.0,-0.03064935064935065,0,,,129.0
593,1984.0,2018-12-11,J,J.DCE,34,-1.0,2,100,2053.5,2018-12-10,229350.0,0.03384465546627709,0,,,33.0
594,618.0,2018-11-19,ZC,ZC.CZC,1,1.0,5,100,620.2,2018-11-15,-117700.00000000243,-0.0035472428248952683,0,,,535.0
595,618.0,2018-11-19,ZC,ZC.CZC,2,1.0,4,100,618.8,2018-11-16,-639.9999999999636,-0.0012928248222365136,0,,,8.0
596,567.4,2018-12-12,ZC,ZC.CZC,3,-1.0,6,100,565.4,2018-12-07,-88200.0,-0.003537318712415989,0,,,441.0
597,567.4,2018-12-12,ZC,ZC.CZC,4,-1.0,3,100,574.2,2018-12-10,94520.00000000095,0.011842563566701617,0,,,139.0
598,567.4,2018-12-12,ZC,ZC.CZC,5,-1.0,2,100,575.0,2018-12-11,877040.0000000027,0.013217391304347867,0,,,1154.0
599,582.2,2019-01-17,ZC,ZC.CZC,6,1.0,3,100,577.2,2019-01-15,866500.0,0.008662508662508662,0,,,1733.0
600,582.2,2019-01-17,ZC,ZC.CZC,7,1.0,2,100,576.0,2019-01-16,3720.0000000000273,0.010763888888888969,0,,,6.0
601,42320.0,2016-11-10,CU,CU.SHF,1,1.0,3,5,40180.0,2016-11-08,1765500.0,0.053260328521652564,0,,,165.0
602,42320.0,2016-11-10,CU,CU.SHF,2,1.0,2,5,40400.0,2016-11-09,787200.0,0.047524752475247525,0,,,82.0
603,47200.0,2016-11-14,CU,CU.SHF,3,1.0,4,5,45000.0,2016-11-11,1254000.0,0.04888888888888889,0,,,114.0
604,50090.0,2017-02-15,CU,CU.SHF,4,1.0,2,5,49820.0,2017-02-14,268650.0,0.005419510236852669,0,,,199.0
605,48870.0,2017-02-21,CU,CU.SHF,5,1.0,8,5,49820.0,2017-02-14,-950000.0,-0.0190686471296668,0,,,200.0
606,48870.0,2017-02-21,CU,CU.SHF,6,1.0,6,5,48740.0,2017-02-16,3250.0,0.002667213787443578,0,,,5.0
607,48870.0,2017-02-21,CU,CU.SHF,7,1.0,5,5,48600.0,2017-02-17,278100.0,0.005555555555555556,0,,,206.0
608,48870.0,2017-02-21,CU,CU.SHF,8,1.0,2,5,48280.0,2017-02-20,8850.0,0.012220381110190555,0,,,3.0
609,45000.0,2017-05-08,CU,CU.SHF,9,-1.0,4,5,45000.0,2017-05-05,-0.0,-0.0,0,,,148.0
610,50210.0,2017-07-28,CU,CU.SHF,10,1.0,2,5,49980.0,2017-07-27,37950.0,0.004601840736294518,0,,,33.0
611,50430.0,2017-08-01,CU,CU.SHF,11,1.0,6,5,49980.0,2017-07-27,225000.0,0.00900360144057623,0,,,100.0
612,50430.0,2017-08-01,CU,CU.SHF,12,1.0,2,5,50060.0,2017-07-31,61050.0,0.007391130643228126,0,,,33.0
613,51640.0,2018-06-04,CU,CU.SHF,13,-1.0,5,5,50930.0,2018-05-31,-3550.0,-0.013940702925584135,0,,,1.0
614,51640.0,2018-06-04,CU,CU.SHF,14,-1.0,4,5,51230.0,2018-06-01,-131200.0,-0.008003123170017569,0,,,64.0
615,53490.0,2018-06-07,CU,CU.SHF,15,-1.0,8,5,50930.0,2018-05-31,-51200.0,-0.05026506970351463,0,,,4.0
616,52370.0,2018-06-06,CU,CU.SHF,16,-1.0,2,5,52030.0,2018-06-05,-3400.0,-0.0065346915241206996,0,,,2.0
617,53490.0,2018-06-07,CU,CU.SHF,17,-1.0,3,5,52030.0,2018-06-05,-445300.0,-0.028060734191812417,0,,,61.0
618,54050.0,2018-06-11,CU,CU.SHF,18,-1.0,12,5,50930.0,2018-05-31,-1965600.0,-0.06126055370115845,0,,,126.0
619,54050.0,2018-06-11,CU,CU.SHF,19,-1.0,4,5,54400.0,2018-06-08,103250.0,0.006433823529411764,0,,,59.0
620,51750.0,2018-06-22,CU,CU.SHF,20,-1.0,3,5,51560.0,2018-06-20,-40850.0,-0.0036850271528316523,0,,,43.0
621,51750.0,2018-06-22,CU,CU.SHF,21,-1.0,2,5,51720.0,2018-06-21,-750.0,-0.000580046403712297,0,,,5.0
622,1975.0,2016-03-01,RB,RB.SHF,1,1.0,8,10,1957.0,2016-02-23,305820.0,0.009197751660705161,0,,,1699.0
623,1975.0,2016-03-01,RB,RB.SHF,2,1.0,7,10,1922.0,2016-02-24,16960.0,0.027575442247658687,0,,,32.0
624,1975.0,2016-03-01,RB,RB.SHF,3,1.0,6,10,1929.0,2016-02-25,1588380.0,0.023846552617936754,0,,,3453.0
625,1975.0,2016-03-01,RB,RB.SHF,4,1.0,5,10,1932.0,2016-02-26,1290.0,0.022256728778467908,0,,,3.0
626,1975.0,2016-03-01,RB,RB.SHF,5,1.0,2,10,1922.0,2016-02-29,8480.0,0.027575442247658687,0,,,16.0
627,2149.0,2016-03-09,RB,RB.SHF,6,1.0,2,10,2194.0,2016-03-08,-1085400.0,-0.020510483135824976,0,,,2412.0
628,2304.0,2016-07-20,RB,RB.SHF,7,-1.0,2,10,2354.0,2016-07-19,2117000.0,0.021240441801189464,0,,,4234.0
629,3010.0,2016-11-10,RB,RB.SHF,8,1.0,3,10,2887.0,2016-11-08,1419420.0,0.042604780048493246,0,,,1154.0
630,3010.0,2016-11-10,RB,RB.SHF,9,1.0,2,10,2827.0,2016-11-09,1114470.0,0.06473293243721259,0,,,609.0
631,3090.0,2017-02-07,RB,RB.SHF,10,-1.0,2,10,3110.0,2017-02-06,642400.0,0.006430868167202572,0,,,3212.0
632,3630.0,2017-03-16,RB,RB.SHF,11,1.0,3,10,3603.0,2017-03-14,749250.0,0.00749375520399667,0,,,2775.0
633,3630.0,2017-03-16,RB,RB.SHF,12,1.0,2,10,3592.0,2017-03-15,2660.0,0.010579064587973273,0,,,7.0
634,3138.0,2017-03-27,RB,RB.SHF,13,-1.0,4,10,3130.0,2017-03-24,-560.0,-0.0025559105431309905,0,,,7.0
635,3058.0,2017-03-28,RB,RB.SHF,14,-1.0,5,10,3130.0,2017-03-24,1146240.0,0.023003194888178913,0,,,1592.0
636,3068.0,2017-05-12,RB,RB.SHF,15,-1.0,8,10,2949.0,2017-05-05,-1353030.0,-0.04035266191929467,0,,,1137.0
637,2998.0,2017-05-09,RB,RB.SHF,16,-1.0,2,10,2948.0,2017-05-08,-21000.0,-0.016960651289009497,0,,,42.0
638,3068.0,2017-05-12,RB,RB.SHF,17,-1.0,5,10,2948.0,2017-05-08,-632400.0,-0.0407055630936228,0,,,527.0
639,3084.0,2017-05-11,RB,RB.SHF,18,-1.0,2,10,3009.0,2017-05-10,-49500.0,-0.024925224327018942,0,,,66.0
640,3068.0,2017-05-12,RB,RB.SHF,19,-1.0,3,10,3009.0,2017-05-10,-935740.0,-0.0196078431372549,0,,,1586.0
641,3528.0,2017-07-24,RB,RB.SHF,20,-1.0,4,10,3510.0,2017-07-21,-2160.0,-0.005128205128205128,0,,,12.0
642,3523.0,2017-07-25,RB,RB.SHF,21,-1.0,5,10,3510.0,2017-07-21,-184340.0,-0.003703703703703704,0,,,1418.0
643,4038.0,2018-02-27,RB,RB.SHF,22,1.0,2,10,3954.0,2018-02-26,708960.0,0.021244309559939303,0,,,844.0
644,3218.0,2018-03-29,RB,RB.SHF,23,-1.0,4,10,3379.0,2018-03-26,956340.0,0.047647232909144716,0,,,594.0
645,3218.0,2018-03-29,RB,RB.SHF,24,-1.0,3,10,3355.0,2018-03-27,1370.0,0.04083457526080477,0,,,1.0
646,3218.0,2018-03-29,RB,RB.SHF,25,-1.0,2,10,3239.0,2018-03-28,27930.0,0.006483482556344551,0,,,133.0
647,3773.0,2018-06-22,RB,RB.SHF,26,-1.0,3,10,3759.0,2018-06-20,-41300.0,-0.0037243947858473,0,,,295.0
648,3773.0,2018-06-22,RB,RB.SHF,27,-1.0,2,10,3812.0,2018-06-21,12480.0,0.010230849947534103,0,,,32.0
649,4166.0,2018-08-17,RB,RB.SHF,28,1.0,4,10,4345.0,2018-08-14,-545950.0,-0.041196777905638665,0,,,305.0
650,4166.0,2018-08-17,RB,RB.SHF,29,1.0,3,10,4330.0,2018-08-15,-4920.0,-0.03787528868360277,0,,,3.0
651,4166.0,2018-08-17,RB,RB.SHF,30,1.0,2,10,4346.0,2018-08-16,-685800.0,-0.04141739530602853,0,,,381.0
652,4392.0,2018-08-21,RB,RB.SHF,31,1.0,8,10,4345.0,2018-08-14,217140.0,0.010817031070195627,0,,,462.0
653,4392.0,2018-08-21,RB,RB.SHF,32,1.0,2,10,4282.0,2018-08-20,3300.0,0.025688930406352173,0,,,3.0
654,4034.0,2018-09-13,RB,RB.SHF,33,-1.0,2,10,4099.0,2018-09-12,532350.0,0.015857526225908757,0,,,819.0
655,3250.0,2018-12-03,RB,RB.SHF,34,-1.0,5,10,3293.0,2018-11-29,326370.0,0.013058001822046765,0,,,759.0
656,3250.0,2018-12-03,RB,RB.SHF,35,-1.0,4,10,3306.0,2018-11-30,139440.0,0.01693889897156685,0,,,249.0
