date,Gasoil10
2012/1/1,122.45
2012/1/2,122.45
2012/1/3,123.9
2012/1/4,126.2
2012/1/5,128.1
2012/1/6,128.1
2012/1/7,128.1
2012/1/8,128.1
2012/1/9,128.45
2012/1/10,129.25
2012/1/11,129.25
2012/1/12,128.95
2012/1/13,127.75
2012/1/14,127.75
2012/1/15,127.75
2012/1/16,128.1
2012/1/17,129.25
2012/1/18,127.85
2012/1/19,127.1
2012/1/20,127.2
2012/1/21,127.2
2012/1/22,127.2
2012/1/23,127.2
2012/1/24,127.2
2012/1/25,125.95
2012/1/26,126.65
2012/1/27,127.55
2012/1/28,127.55
2012/1/29,127.55
2012/1/30,127.7
2012/1/31,128.1
2012/2/1,127.32
2012/2/2,126.9
2012/2/3,127.3
2012/2/4,127.3
2012/2/5,127.3
2012/2/6,129.48
2012/2/7,131.8
2012/2/8,132
2012/2/9,132.5
2012/2/10,132.45
2012/2/11,132.45
2012/2/12,132.45
2012/2/13,132.2
2012/2/14,131.3
2012/2/15,132.75
2012/2/16,132.6
2012/2/17,133.5
2012/2/18,133.5
2012/2/19,133.5
2012/2/20,133.6
2012/2/21,132.85
2012/2/22,133.95
2012/2/23,135.4
2012/2/24,136.3
2012/2/25,136.3
2012/2/26,136.3
2012/2/27,136.8
2012/2/28,135.85
2012/2/29,134.8
2012/3/1,134.43
2012/3/2,136.23
2012/3/3,136.23
2012/3/4,136.23
2012/3/5,134.05
2012/3/6,134.7
2012/3/7,134.45
2012/3/8,136.7
2012/3/9,137.55
2012/3/10,137.55
2012/3/11,137.55
2012/3/12,137.15
2012/3/13,137.5
2012/3/14,137.7
2012/3/15,137.35
2012/3/16,136.65
2012/3/17,136.65
2012/3/18,136.65
2012/3/19,138.45
2012/3/20,137.15
2012/3/21,137.25
2012/3/22,136
2012/3/23,136
2012/3/24,136
2012/3/25,136
2012/3/26,136.8
2012/3/27,137.4
2012/3/28,136.45
2012/3/29,136.65
2012/3/30,135.75
2012/3/31,135.75
2012/4/1,135.75
2012/4/2,134.7
2012/4/3,136.7
2012/4/4,136.65
2012/4/5,135.05
2012/4/6,135.05
2012/4/7,135.05
2012/4/8,135.05
2012/4/9,133.8
2012/4/10,133.45
2012/4/11,132.5
2012/4/12,132.7
2012/4/13,133.6
2012/4/14,133.6
2012/4/15,133.6
2012/4/16,132.2
2012/4/17,131.8
2012/4/18,131.55
2012/4/19,132.25
2012/4/20,131.9
2012/4/21,131.9
2012/4/22,131.9
2012/4/23,131.4
2012/4/24,131.9
2012/4/25,132.4
2012/4/26,132.7
2012/4/27,132.85
2012/4/28,132.85
2012/4/29,132.85
2012/4/30,132.9
2012/5/1,132.9
2012/5/2,133.33
2012/5/3,131.25
2012/5/4,128.73
2012/5/5,128.73
2012/5/6,128.73
2012/5/7,125.85
2012/5/8,125.5
2012/5/9,125.48
2012/5/10,125.6
2012/5/11,124.45
2012/5/12,124.45
2012/5/13,124.45
2012/5/14,123.05
2012/5/15,123.6
2012/5/16,122.9
2012/5/17,122.45
2012/5/18,120.15
2012/5/19,120.15
2012/5/20,120.15
2012/5/21,120.65
2012/5/22,120.8
2012/5/23,119.25
2012/5/24,118.7
2012/5/25,119.1
2012/5/26,119.1
2012/5/27,119.1
2012/5/28,119.85
2012/5/29,118.85
2012/5/30,117
2012/5/31,115.35
2012/6/1,112.86
2012/6/2,112.86
2012/6/3,112.86
2012/6/4,108.9
2012/6/5,110.85
2012/6/6,112.27
2012/6/7,112.65
2012/6/8,111.1
2012/6/9,111.1
2012/6/10,111.1
2012/6/11,112.75
2012/6/12,110.05
2012/6/13,110.65
2012/6/14,110.15
2012/6/15,111.35
2012/6/16,111.35
2012/6/17,111.35
2012/6/18,111.25
2012/6/19,109.55
2012/6/20,110.15
2012/6/21,108.05
2012/6/22,105.8
2012/6/23,105.8
2012/6/24,105.8
2012/6/25,106.55
2012/6/26,106.25
2012/6/27,107.95
2012/6/28,107.95
2012/6/29,108
2012/6/30,108
2012/7/1,108
2012/7/2,111.15
2012/7/3,113.2
2012/7/4,114.72
2012/7/5,114.37
2012/7/6,114.25
2012/7/7,114.25
2012/7/8,114.25
2012/7/9,113.25
2012/7/10,114.1
2012/7/11,114
2012/7/12,113.7
2012/7/13,115
2012/7/14,115
2012/7/15,115
2012/7/16,115.45
2012/7/17,117.65
2012/7/18,117.8
2012/7/19,120.5
2012/7/20,121.15
2012/7/21,121.15
2012/7/22,121.15
2012/7/23,118.5
2012/7/24,117.75
2012/7/25,117.5
2012/7/26,117.95
2012/7/27,119.8
2012/7/28,119.8
2012/7/29,119.8
2012/7/30,120.15
2012/7/31,120.5
2012/8/1,119.05
2012/8/2,120.3
2012/8/3,119.85
2012/8/4,119.85
2012/8/5,119.85
2012/8/6,122.4
2012/8/7,124.1
2012/8/8,125.15
2012/8/9,125.15
2012/8/10,126.7
2012/8/11,126.7
2012/8/12,126.7
2012/8/13,127.1
2012/8/14,127.65
2012/8/15,128.05
2012/8/16,130.45
2012/8/17,130.3
2012/8/18,130.3
2012/8/19,130.3
2012/8/20,130.3
2012/8/21,130.4
2012/8/22,130.7
2012/8/23,132.45
2012/8/24,131.5
2012/8/25,131.5
2012/8/26,131.5
2012/8/27,132.3
2012/8/28,130.8
2012/8/29,129.8
2012/8/30,131.1
2012/8/31,131.45
2012/9/1,131.45
2012/9/2,131.45
2012/9/3,131.02
2012/9/4,132.4
2012/9/5,129.85
2012/9/6,129.7
2012/9/7,129.85
2012/9/8,129.85
2012/9/9,129.85
2012/9/10,130.6
2012/9/11,130.35
2012/9/12,131.6
2012/9/13,131.95
2012/9/14,133.3
2012/9/15,133.3
2012/9/16,133.3
2012/9/17,132.8
2012/9/18,130.85
2012/9/19,129.3
2012/9/20,124.85
2012/9/21,127
2012/9/22,127
2012/9/23,127
2012/9/24,126.5
2012/9/25,126.75
2012/9/26,126.19
2012/9/27,126.65
2012/9/28,128.7
2012/9/29,128.7
2012/9/30,128.7
2012/10/1,127.55
2012/10/2,127.65
2012/10/3,126.55
2012/10/4,125.5
2012/10/5,128.55
2012/10/6,128.55
2012/10/7,128.55
2012/10/8,127.1
2012/10/9,127.9
2012/10/10,128.55
2012/10/11,130.15
2012/10/12,129.85
2012/10/13,129.85
2012/10/14,129.85
2012/10/15,129.05
2012/10/16,129.75
2012/10/17,129.05
2012/10/18,128.95
2012/10/19,128.3
2012/10/20,128.3
2012/10/21,128.3
2012/10/22,126.4
2012/10/23,124.1
2012/10/24,123.2
2012/10/25,123.8
2012/10/26,123.8
2012/10/27,123.8
2012/10/28,123.8
2012/10/29,124.7
2012/10/30,125.15
2012/10/31,125.1
2012/11/1,123.6
2012/11/2,123.05
2012/11/3,123.05
2012/11/4,123.05
2012/11/5,120.45
2012/11/6,121.7
2012/11/7,124.65
2012/11/8,121.75
2012/11/9,121.05
2012/11/10,121.05
2012/11/11,121.05
2012/11/12,122.85
2012/11/13,122.85
2012/11/14,122.55
2012/11/15,122.8
2012/11/16,122
2012/11/17,122
2012/11/18,122
2012/11/19,123.5
2012/11/20,125.5
2012/11/21,125.15
2012/11/22,125.3
2012/11/23,125.05
2012/11/24,125.05
2012/11/25,125.05
2012/11/26,126.15
2012/11/27,126.15
2012/11/28,124.5
2012/11/29,124.3
2012/11/30,125.7
2012/12/1,125.7
2012/12/2,125.7
2012/12/3,127.65
2012/12/4,127.1
2012/12/5,126.55
2012/12/6,125.57
2012/12/7,123.65
2012/12/8,123.65
2012/12/9,123.65
2012/12/10,122.95
2012/12/11,122.55
2012/12/12,123.3
2012/12/13,124.05
2012/12/14,123.3
2012/12/15,123.3
2012/12/16,123.3
2012/12/17,123.75
2012/12/18,123.5
2012/12/19,124.6
2012/12/20,125.85
2012/12/21,125.75
2012/12/22,125.75
2012/12/23,125.75
2012/12/24,124.75
2012/12/25,124.75
2012/12/26,124.75
2012/12/27,126.15
2012/12/28,125.75
2012/12/29,125.75
2012/12/30,125.75
2012/12/31,124.85
2013/1/1,124.85
2013/1/2,125.77
2013/1/3,125.78
2013/1/4,124.53
2013/1/5,124.53
2013/1/6,124.53
2013/1/7,125.25
2013/1/8,126.2
2013/1/9,126.9
2013/1/10,127.75
2013/1/11,126.7
2013/1/12,126.7
2013/1/13,126.7
2013/1/14,126.6
2013/1/15,127.25
2013/1/16,126.05
2013/1/17,125.8
2013/1/18,126.7
2013/1/19,126.7
2013/1/20,126.7
2013/1/21,127.15
2013/1/22,127.4
2013/1/23,127.45
2013/1/24,127.5
2013/1/25,128.3
2013/1/26,128.3
2013/1/27,128.3
2013/1/28,127.2
2013/1/29,127.7
2013/1/30,129.6
2013/1/31,129.55
2013/2/1,130.58
2013/2/2,130.58
2013/2/3,130.58
2013/2/4,131.65
2013/2/5,131.39
2013/2/6,132.65
2013/2/7,133.45
2013/2/8,134.35
2013/2/9,134.35
2013/2/10,134.35
2013/2/11,134.35
2013/2/12,134.35
2013/2/13,135.2
2013/2/14,134.8
2013/2/15,134.8
2013/2/16,134.8
2013/2/17,134.8
2013/2/18,134.65
2013/2/19,134.15
2013/2/20,134.15
2013/2/21,131.8
2013/2/22,131.55
2013/2/23,131.55
2013/2/24,131.55
2013/2/25,132.45
2013/2/26,130.25
2013/2/27,129.4
2013/2/28,127.1
2013/3/1,124.18
2013/3/2,124.18
2013/3/3,124.18
2013/3/4,124.47
2013/3/5,124.77
2013/3/6,125.65
2013/3/7,125.6
2013/3/8,125.45
2013/3/9,125.45
2013/3/10,125.45
2013/3/11,125.2
2013/3/12,124.5
2013/3/13,124.75
2013/3/14,122.4
2013/3/15,123.2
2013/3/16,123.2
2013/3/17,123.2
2013/3/18,122.9
2013/3/19,122.4
2013/3/20,121.35
2013/3/21,121.65
2013/3/22,121.15
2013/3/23,121.15
2013/3/24,121.15
2013/3/25,121.45
2013/3/26,121.15
2013/3/27,121.8
2013/3/28,122.65
2013/3/29,122.65
2013/3/30,122.65
2013/3/31,122.65
2013/4/1,122.35
2013/4/2,124.7
2013/4/3,124.15
2013/4/4,121.6
2013/4/5,120.35
2013/4/6,120.35
2013/4/7,120.35
2013/4/8,119.2
2013/4/9,119.25
2013/4/10,119.55
2013/4/11,119.8
2013/4/12,116.6
2013/4/13,116.6
2013/4/14,116.6
2013/4/15,114.65
2013/4/16,113.2
2013/4/17,113.35
2013/4/18,110.55
2013/4/19,112.5
2013/4/20,112.5
2013/4/21,112.5
2013/4/22,113.3
2013/4/23,112.6
2013/4/24,114.25
2013/4/25,115
2013/4/26,115.6
2013/4/27,115.6
2013/4/28,115.6
2013/4/29,115.15
2013/4/30,115.35
2013/5/1,115.35
2013/5/2,112.91
2013/5/3,114.52
2013/5/4,114.52
2013/5/5,114.52
2013/5/6,115.95
2013/5/7,116.7
2013/5/8,116.3
2013/5/9,116.63
2013/5/10,117.25
2013/5/11,117.25
2013/5/12,117.25
2013/5/13,116.35
2013/5/14,116.3
2013/5/15,115.45
2013/5/16,116.15
2013/5/17,118.2
2013/5/18,118.2
2013/5/19,118.2
2013/5/20,117.9
2013/5/21,118.5
2013/5/22,116.9
2013/5/23,115.15
2013/5/24,115.15
2013/5/25,115.15
2013/5/26,115.15
2013/5/27,115.7
2013/5/28,117.9
2013/5/29,117.9
2013/5/30,115.8
2013/5/31,114.59
2013/6/1,114.59
2013/6/2,114.59
2013/6/3,113.84
2013/6/4,114.83
2013/6/5,116.6
2013/6/6,116.68
2013/6/7,117.2
2013/6/8,117.2
2013/6/9,117.2
2013/6/10,117.4
2013/6/11,117.1
2013/6/12,116.9
2013/6/13,117.6
2013/6/14,119.75
2013/6/15,119.75
2013/6/16,119.75
2013/6/17,120.9
2013/6/18,119.75
2013/6/19,121.15
2013/6/20,118.75
2013/6/21,117.8
2013/6/22,117.8
2013/6/23,117.8
2013/6/24,115.6
2013/6/25,117.8
2013/6/26,116.9
2013/6/27,117.6
2013/6/28,119.05
2013/6/29,119.05
2013/6/30,119.05
2013/7/1,117.45
2013/7/2,116.75
2013/7/3,118.5
2013/7/4,119.1
2013/7/5,119.45
2013/7/6,119.45
2013/7/7,119.45
2013/7/8,120.7
2013/7/9,120.55
2013/7/10,121.4
2013/7/11,121.7
2013/7/12,121.1
2013/7/13,121.1
2013/7/14,121.1
2013/7/15,122
2013/7/16,123.3
2013/7/17,122.5
2013/7/18,123.4
2013/7/19,124.1
2013/7/20,124.1
2013/7/21,124.1
2013/7/22,123.9
2013/7/23,122.2
2013/7/24,122.55
2013/7/25,121.65
2013/7/26,122.35
2013/7/27,122.35
2013/7/28,122.35
2013/7/29,121.8
2013/7/30,121.95
2013/7/31,120.9
2013/8/1,122.82
2013/8/2,123.91
2013/8/3,123.91
2013/8/4,123.91
2013/8/5,122.4
2013/8/6,123.23
2013/8/7,121.54
2013/8/8,121.54
2013/8/9,121.54
2013/8/10,121.54
2013/8/11,121.54
2013/8/12,121.95
2013/8/13,123.37
2013/8/14,122.85
2013/8/15,124.1
2013/8/16,124.15
2013/8/17,124.15
2013/8/18,124.15
2013/8/19,124.65
2013/8/20,123.5
2013/8/21,123.4
2013/8/22,123.6
2013/8/23,123.45
2013/8/24,123.45
2013/8/25,123.45
2013/8/26,123.7
2013/8/27,124.25
2013/8/28,127.35
2013/8/29,127.4
2013/8/30,126.6
2013/8/31,126.6
2013/9/1,126.6
2013/9/2,125.8
2013/9/3,125.95
2013/9/4,125.89
2013/9/5,126.09
2013/9/6,125.95
2013/9/7,125.95
2013/9/8,125.95
2013/9/9,126.11
2013/9/10,124.61
2013/9/11,124.03
2013/9/12,123.95
2013/9/13,124.25
2013/9/14,124.25
2013/9/15,124.25
2013/9/16,123.6
2013/9/17,123
2013/9/18,121.4
2013/9/19,123.65
2013/9/20,121.95
2013/9/21,121.95
2013/9/22,121.95
2013/9/23,122
2013/9/24,119.95
2013/9/25,121.95
2013/9/26,121.35
2013/9/27,121.8
2013/9/28,121.8
2013/9/29,121.8
2013/9/30,121.2
2013/10/1,120.57
2013/10/2,120.5
2013/10/3,121.95
2013/10/4,121.8
2013/10/5,121.8
2013/10/6,121.8
2013/10/7,120.95
2013/10/8,122.65
2013/10/9,123.55
2013/10/10,123.25
2013/10/11,124.3
2013/10/12,124.3
2013/10/13,124.3
2013/10/14,123.65
2013/10/15,123.65
2013/10/16,123.5
2013/10/17,123.95
2013/10/18,122.85
2013/10/19,122.85
2013/10/20,122.85
2013/10/21,123.05
2013/10/22,123.55
2013/10/23,122.5
2013/10/24,120.95
2013/10/25,120.4
2013/10/26,120.4
2013/10/27,120.4
2013/10/28,121.8
2013/10/29,122.95
2013/10/30,123.2
2013/10/31,123.5
2013/11/1,122.15
2013/11/2,122.15
2013/11/3,122.15
2013/11/4,120.2
2013/11/5,119.65
2013/11/6,119.4
2013/11/7,119.05
2013/11/8,118.7
2013/11/9,118.7
2013/11/10,118.7
2013/11/11,119
2013/11/12,119.85
2013/11/13,119.25
2013/11/14,120.55
2013/11/15,121.4
2013/11/16,121.4
2013/11/17,121.4
2013/11/18,121.3
2013/11/19,121.35
2013/11/20,120.45
2013/11/21,122.15
2013/11/22,124.15
2013/11/23,124.15
2013/11/24,124.15
2013/11/25,124.15
2013/11/26,126.45
2013/11/27,126.4
2013/11/28,126.75
2013/11/29,126.7
2013/11/30,126.7
2013/12/1,126.7
2013/12/2,124.55
2013/12/3,125.82
2013/12/4,126.25
2013/12/5,125.9
2013/12/6,125.5
2013/12/7,125.5
2013/12/8,125.5
2013/12/9,125.65
2013/12/10,124.8
2013/12/11,124.1
2013/12/12,124.53
2013/12/13,123
2013/12/14,123
2013/12/15,123
2013/12/16,124.65
2013/12/17,123.6
2013/12/18,123.4
2013/12/19,124.45
2013/12/20,125.2
2013/12/21,125.2
2013/12/22,125.2
2013/12/23,126.1
2013/12/24,125.95
2013/12/25,125.95
2013/12/26,125.9
2013/12/27,126.05
2013/12/28,126.05
2013/12/29,126.05
2013/12/30,126.8
2013/12/31,125.4
2014/1/1,125.4
2014/1/2,125.25
2014/1/3,122.32
2014/1/4,122.32
2014/1/5,122.32
2014/1/6,121.63
2014/1/7,121.35
2014/1/8,121.41
2014/1/9,121.2
2014/1/10,121
2014/1/11,121
2014/1/12,121
2014/1/13,120.9
2014/1/14,120.55
2014/1/15,120.05
2014/1/16,120.45
2014/1/17,120.75
2014/1/18,120.75
2014/1/19,120.75
2014/1/20,120.75
2014/1/21,121.7
2014/1/22,121.75
2014/1/23,122.35
2014/1/24,121.6
2014/1/25,121.6
2014/1/26,121.6
2014/1/27,122.3
2014/1/28,121.6
2014/1/29,121.65
2014/1/30,122.1
2014/1/31,122.1
2014/2/1,122.1
2014/2/2,122.1
2014/2/3,120.18
2014/2/4,120.17
2014/2/5,120.65
2014/2/6,120.98
2014/2/7,121.46
2014/2/8,121.46
2014/2/9,121.46
2014/2/10,123.28
2014/2/11,123.23
2014/2/12,123.4
2014/2/13,122.55
2014/2/14,122.8
2014/2/15,122.8
2014/2/16,122.8
2014/2/17,123.7
2014/2/18,123.9
2014/2/19,124.9
2014/2/20,125.15
2014/2/21,125.05
2014/2/22,125.05
2014/2/23,125.05
2014/2/24,124.35
2014/2/25,124.45
2014/2/26,123.45
2014/2/27,123.25
2014/2/28,122.6
2014/3/1,122.6
2014/3/2,122.6
2014/3/3,125.11
2014/3/4,123.74
2014/3/5,122.48
2014/3/6,121.61
2014/3/7,121.39
2014/3/8,121.39
2014/3/9,121.39
2014/3/10,121.62
2014/3/11,122.1
2014/3/12,121.3
2014/3/13,120.6
2014/3/14,120.35
2014/3/15,120.35
2014/3/16,120.35
2014/3/17,121.05
2014/3/18,119.95
2014/3/19,119.95
2014/3/20,119.8
2014/3/21,121.3
2014/3/22,121.3
2014/3/23,121.3
2014/3/24,120.95
2014/3/25,121.7
2014/3/26,121.7
2014/3/27,121.5
2014/3/28,122.3
2014/3/29,122.3
2014/3/30,122.3
2014/3/31,122
2014/4/1,121.35
2014/4/2,120.02
2014/4/3,119.02
2014/4/4,121.14
2014/4/5,121.14
2014/4/6,121.14
2014/4/7,120.02
2014/4/8,120.82
2014/4/9,121.72
2014/4/10,122.15
2014/4/11,121.5
2014/4/12,121.5
2014/4/13,121.5
2014/4/14,121.6
2014/4/15,123.2
2014/4/16,124.25
2014/4/17,124.05
2014/4/18,124.05
2014/4/19,124.05
2014/4/20,124.05
2014/4/21,123.75
2014/4/22,124.35
2014/4/23,124.25
2014/4/24,123.6
2014/4/25,124.15
2014/4/26,124.15
2014/4/27,124.15
2014/4/28,124
2014/4/29,122.65
2014/4/30,121.98
2014/5/1,121.98
2014/5/2,121.86
2014/5/3,121.86
2014/5/4,121.86
2014/5/5,121.8
2014/5/6,121.32
2014/5/7,120.52
2014/5/8,120.79
2014/5/9,121.63
2014/5/10,121.63
2014/5/11,121.63
2014/5/12,121.05
2014/5/13,121.05
2014/5/14,122.1
2014/5/15,122.4
2014/5/16,121.9
2014/5/17,121.9
2014/5/18,121.9
2014/5/19,122.6
2014/5/20,121.85
2014/5/21,122.05
2014/5/22,121.8
2014/5/23,121.55
2014/5/24,121.55
2014/5/25,121.55
2014/5/26,121.35
2014/5/27,121.4
2014/5/28,121.7
2014/5/29,121.1
2014/5/30,120.5
2014/5/31,120.5
2014/6/1,120.5
2014/6/2,119.63
2014/6/3,118.11
2014/6/4,118.11
2014/6/5,117.96
2014/6/6,117.95
2014/6/7,117.95
2014/6/8,117.95
2014/6/9,119.03
2014/6/10,117.79
2014/6/11,119.16
2014/6/12,121.64
2014/6/13,122.68
2014/6/14,122.68
2014/6/15,122.68
2014/6/16,123.09
2014/6/17,123.89
2014/6/18,124.33
2014/6/19,124.83
2014/6/20,124.83
2014/6/21,124.83
2014/6/22,124.83
2014/6/23,123.83
2014/6/24,124.97
2014/6/25,124.23
2014/6/26,123.49
2014/6/27,123.09
2014/6/28,123.09
2014/6/29,123.09
2014/6/30,122.28
2014/7/1,122.68
2014/7/2,122.25
2014/7/3,120.97
2014/7/4,120.5
2014/7/5,120.5
2014/7/6,120.5
2014/7/7,120.34
2014/7/8,119.23
2014/7/9,118.76
2014/7/10,118.93
2014/7/11,118.62
2014/7/12,118.62
2014/7/13,118.62
2014/7/14,118.62
2014/7/15,117.58
2014/7/16,118.36
2014/7/17,118.26
2014/7/18,118.69
2014/7/19,118.69
2014/7/20,118.69
2014/7/21,117.95
2014/7/22,118.22
2014/7/23,118.72
2014/7/24,118.46
2014/7/25,119.26
2014/7/26,119.26
2014/7/27,119.26
2014/7/28,118.96
2014/7/29,119.53
2014/7/30,119.5
2014/7/31,118.69
2014/8/1,118.47
2014/8/2,118.47
2014/8/3,118.47
2014/8/4,118.15
2014/8/5,116.88
2014/8/6,117.75
2014/8/7,118.56
2014/8/8,117.55
2014/8/9,117.55
2014/8/10,117.55
2014/8/11,118.09
2014/8/12,117.15
2014/8/13,116.98
2014/8/14,116.21
2014/8/15,116.21
2014/8/16,116.21
2014/8/17,116.21
2014/8/18,114.83
2014/8/19,115.13
2014/8/20,115.34
2014/8/21,115.6
2014/8/22,115.84
2014/8/23,115.84
2014/8/24,115.84
2014/8/25,115.8
2014/8/26,116.44
2014/8/27,116.58
2014/8/28,116.54
2014/8/29,116.48
2014/8/30,116.48
2014/8/31,116.48
2014/9/1,116.28
2014/9/2,115.07
2014/9/3,116.15
2014/9/4,116.02
2014/9/5,114.29
2014/9/6,114.29
2014/9/7,114.29
2014/9/8,113.87
2014/9/9,113.52
2014/9/10,112.15
2014/9/11,111.78
2014/9/12,111.58
2014/9/13,111.58
2014/9/14,111.58
2014/9/15,111.58
2014/9/16,112.05
2014/9/17,112.15
2014/9/18,111.54
2014/9/19,110.7
2014/9/20,110.7
2014/9/21,110.7
2014/9/22,109.77
2014/9/23,109.39
2014/9/24,108.93
2014/9/25,109.7
2014/9/26,109.63
2014/9/27,109.63
2014/9/28,109.63
2014/9/29,109.97
2014/9/30,108.44
2014/10/1,108.76
2014/10/2,105.59
2014/10/3,106.03
2014/10/4,106.03
2014/10/5,106.03
2014/10/6,104.63
2014/10/7,104.36
2014/10/8,103.22
2014/10/9,102.85
2014/10/10,101.98
2014/10/11,101.98
2014/10/12,101.98
2014/10/13,101.44
2014/10/14,99.56
2014/10/15,97.79
2014/10/16,97.01
2014/10/17,98.26
2014/10/18,98.26
2014/10/19,98.26
2014/10/20,97.62
2014/10/21,98.12
2014/10/22,99.13
2014/10/23,99.09
2014/10/24,98.42
2014/10/25,98.42
2014/10/26,98.42
2014/10/27,98.29
2014/10/28,98.86
2014/10/29,100.97
2014/10/30,99.53
2014/10/31,98.83
2014/11/1,98.83
2014/11/2,98.83
2014/11/3,99.59
2014/11/4,97.04
2014/11/5,97.31
2014/11/6,96.88
2014/11/7,97.97
2014/11/8,97.97
2014/11/9,97.97
2014/11/10,98.19
2014/11/11,95.97
2014/11/12,96.14
2014/11/13,93.26
2014/11/14,92.45
2014/11/15,92.45
2014/11/16,92.45
2014/11/17,92.61
2014/11/18,92.65
2014/11/19,92.55
2014/11/20,92.11
2014/11/21,93.42
2014/11/22,93.42
2014/11/23,93.42
2014/11/24,93.89
2014/11/25,92.28
2014/11/26,92.32
2014/11/27,85.54
2014/11/28,87.15
2014/11/29,87.15
2014/11/30,87.15
2014/12/1,85.75
2014/12/2,85.44
2014/12/3,84.53
2014/12/4,82.82
2014/12/5,82.35
2014/12/6,82.35
2014/12/7,82.35
2014/12/8,80.3
2014/12/9,80.6
2014/12/10,77.82
2014/12/11,78.22
2014/12/12,75.94
2014/12/13,75.94
2014/12/14,75.94
2014/12/15,75.07
2014/12/16,74.33
2014/12/17,73.99
2014/12/18,73.29
2014/12/19,73.46
2014/12/20,73.46
2014/12/21,73.46
2014/12/22,73.29
2014/12/23,73.79
2014/12/24,72.99
2014/12/25,72.99
2014/12/26,72.75
2014/12/27,72.75
2014/12/28,72.75
2014/12/29,71.64
2014/12/30,70.7
2014/12/31,69.21
2015/1/1,69.21
2015/1/2,69.76
2015/1/3,69.76
2015/1/4,69.76
2015/1/5,67.05
2015/1/6,65.74
2015/1/7,64.06
2015/1/8,64.33
2015/1/9,63.05
2015/1/10,63.05
2015/1/11,63.05
2015/1/12,62.11
2015/1/13,60.34
2015/1/14,60.37
2015/1/15,61.98
2015/1/16,61.75
2015/1/17,61.75
2015/1/18,61.75
2015/1/19,61.58
2015/1/20,61.58
2015/1/21,61.17
2015/1/22,61.48
2015/1/23,61.81
2015/1/24,61.81
2015/1/25,61.81
2015/1/26,61.34
2015/1/27,61.31
2015/1/28,61.75
2015/1/29,60.77
2015/1/30,61.17
2015/1/31,61.17
2015/2/1,61.17
2015/2/2,65.94
2015/2/3,69.36
2015/2/4,69.33
2015/2/5,69.97
2015/2/6,71.07
2015/2/7,71.07
2015/2/8,71.07
2015/2/9,72.75
2015/2/10,71.85
2015/2/11,70.5
2015/2/12,72.68
2015/2/13,75.07
2015/2/14,75.07
2015/2/15,75.07
2015/2/16,75.54
2015/2/17,74.19
2015/2/18,74.19
2015/2/19,71.11
2015/2/20,74.19
2015/2/21,74.19
2015/2/22,74.19
2015/2/23,73.05
2015/2/24,73.15
2015/2/25,73.05
2015/2/26,74.33
2015/2/27,75.81
2015/2/28,75.81
2015/3/1,75.81
2015/3/2,75.4
2015/3/3,75.5
2015/3/4,74.19
2015/3/5,74.8
2015/3/6,74.26
2015/3/7,74.26
2015/3/8,74.26
2015/3/9,73.19
2015/3/10,71.01
2015/3/11,71.17
2015/3/12,70.74
2015/3/13,68.93
2015/3/14,68.93
2015/3/15,68.93
2015/3/16,67.05
2015/3/17,66.85
2015/3/18,68.22
2015/3/19,68.57
2015/3/20,69.23
2015/3/21,69.23
2015/3/22,69.23
2015/3/23,69.38
2015/3/24,68.6
2015/3/25,68.93
2015/3/26,71.07
2015/3/27,70.77
2015/3/28,70.77
2015/3/29,70.77
2015/3/30,68.66
2015/3/31,68.99
2015/4/1,69.03
2015/4/2,67.9
2015/4/3,67.9
2015/4/4,67.9
2015/4/5,67.9
2015/4/6,69.06
2015/4/7,70.83
2015/4/8,69.3
2015/4/9,68.99
2015/4/10,70.4
2015/4/11,70.4
2015/4/12,70.4
2015/4/13,70.74
2015/4/14,71.01
2015/4/15,73.29
2015/4/16,74.36
2015/4/17,74.36
2015/4/18,74.36
2015/4/19,74.36
2015/4/20,74.43
2015/4/21,74.19
2015/4/22,74.23
2015/4/23,75.94
2015/4/24,76.17
2015/4/25,76.17
2015/4/26,76.17
2015/4/27,75.97
2015/4/28,76.04
2015/4/29,77.11
2015/4/30,77.79
2015/5/1,78.26
2015/5/2,78.26
2015/5/3,78.26
2015/5/4,78.67
2015/5/5,80.23
2015/5/6,80.67
2015/5/7,78.76
2015/5/8,78.76
2015/5/9,78.76
2015/5/10,78.76
2015/5/11,76.98
2015/5/12,79.26
2015/5/13,80.07
2015/5/14,80.07
2015/5/15,79.5
2015/5/16,79.5
2015/5/17,79.5
2015/5/18,79.06
2015/5/19,76.89
2015/5/20,76.81
2015/5/21,79.03
2015/5/22,77.82
2015/5/23,77.82
2015/5/24,77.82
2015/5/25,77.5
2015/5/26,75.94
2015/5/27,75.02
2015/5/28,74.53
2015/5/29,77.52
2015/5/30,77.52
2015/5/31,77.52
2015/6/1,77.19
2015/6/2,78.03
2015/6/3,76.57
2015/6/4,74.11
2015/6/5,74.02
2015/6/6,74.02
2015/6/7,74.02
2015/6/8,74.59
2015/6/9,76.77
2015/6/10,77.35
2015/6/11,76.51
2015/6/12,76.01
2015/6/13,76.01
2015/6/14,76.01
2015/6/15,74.77
2015/6/16,74.93
2015/6/17,75.67
2015/6/18,76.07
2015/6/19,73.93
2015/6/20,73.93
2015/6/21,73.93
2015/6/22,73.91
2015/6/23,75.73
2015/6/24,75.3
2015/6/25,73.72
2015/6/26,74.06
2015/6/27,74.06
2015/6/28,74.06
2015/6/29,72.58
2015/6/30,73.79
2015/7/1,74.2
2015/7/2,73.83
2015/7/3,71.71
2015/7/4,71.71
2015/7/5,71.71
2015/7/6,69.16
2015/7/7,66.71
2015/7/8,66.98
2015/7/9,68.79
2015/7/10,68.22
2015/7/11,68.22
2015/7/12,68.22
2015/7/13,68.59
2015/7/14,67.52
2015/7/15,66.44
2015/7/16,65.91
2015/7/17,65.91
2015/7/18,65.91
2015/7/19,65.91
2015/7/20,65
2015/7/21,64.93
2015/7/22,65.13
2015/7/23,64.23
2015/7/24,62.95
2015/7/25,62.95
2015/7/26,62.95
2015/7/27,61.34
2015/7/28,61.56
2015/7/29,60.7
2015/7/30,61.62
2015/7/31,60.46
2015/8/1,60.46
2015/8/2,60.46
2015/8/3,60.59
2015/8/4,60.27
2015/8/5,59.93
2015/8/6,58.99
2015/8/7,58.83
2015/8/8,58.83
2015/8/9,58.83
2015/8/10,60.23
2015/8/11,59.09
2015/8/12,60
2015/8/13,59.64
2015/8/14,59.16
2015/8/15,59.16
2015/8/16,59.16
2015/8/17,59.5
2015/8/18,58.93
2015/8/19,57.79
2015/8/20,57.62
2015/8/21,55.47
2015/8/22,55.47
2015/8/23,55.47
2015/8/24,53.66
2015/8/25,53.86
2015/8/26,53.42
2015/8/27,56.14
2015/8/28,60.23
2015/8/29,60.23
2015/8/30,60.23
2015/8/31,58.83
2015/9/1,63.71
2015/9/2,60.03
2015/9/3,63.39
2015/9/4,61.91
2015/9/5,61.91
2015/9/6,61.91
2015/9/7,60
2015/9/8,61.44
2015/9/9,60.4
2015/9/10,60.37
2015/9/11,59.93
2015/9/12,59.93
2015/9/13,59.93
2015/9/14,58.86
2015/9/15,58.12
2015/9/16,60.6
2015/9/17,59.5
2015/9/18,58.86
2015/9/19,58.86
2015/9/20,58.86
2015/9/21,59.19
2015/9/22,58.72
2015/9/23,60.47
2015/9/24,59.3
2015/9/25,59.43
2015/9/26,59.43
2015/9/27,59.43
2015/9/28,57.85
2015/9/29,59.02
2015/9/30,58.78
2015/10/1,59.23
2015/10/2,57.75
2015/10/3,57.75
2015/10/4,57.75
2015/10/5,60.7
2015/10/6,62.45
2015/10/7,62.41
2015/10/8,62.48
2015/10/9,62.39
2015/10/10,62.39
2015/10/11,62.39
2015/10/12,61.28
2015/10/13,59.06
2015/10/14,58.56
2015/10/15,58.05
2015/10/16,59.01
2015/10/17,59.01
2015/10/18,59.01
2015/10/19,57.92
2015/10/20,57.55
2015/10/21,57.45
2015/10/22,57.65
2015/10/23,57.68
2015/10/24,57.68
2015/10/25,57.68
2015/10/26,57.42
2015/10/27,56.26
2015/10/28,58.89
2015/10/29,58.83
2015/10/30,59.16
2015/10/31,59.16
2015/11/1,59.16
2015/11/2,59.04
2015/11/3,60.44
2015/11/4,59.4
2015/11/5,58.76
2015/11/6,58.29
2015/11/7,58.29
2015/11/8,58.29
2015/11/9,58.19
2015/11/10,58.36
2015/11/11,56.61
2015/11/12,55.95
2015/11/13,55.54
2015/11/14,55.54
2015/11/15,55.54
2015/11/16,53.99
2015/11/17,55.07
2015/11/18,54.87
2015/11/19,55.44
2015/11/20,55.34
2015/11/21,55.34
2015/11/22,55.34
2015/11/23,56.54
2015/11/24,56.98
2015/11/25,56.01
2015/11/26,55.34
2015/11/27,55.03
2015/11/28,55.03
2015/11/29,55.03
2015/11/30,55.4
2015/12/1,53.15
2015/12/2,52.23
2015/12/3,52.42
2015/12/4,52.35
2015/12/5,52.35
2015/12/6,52.35
2015/12/7,49.53
2015/12/8,48.84
2015/12/9,48.42
2015/12/10,47.76
2015/12/11,45.6
2015/12/12,45.6
2015/12/13,45.6
2015/12/14,44.43
2015/12/15,45.77
2015/12/16,44.16
2015/12/17,43.56
2015/12/18,44.83
2015/12/19,44.83
2015/12/20,44.83
2015/12/21,42.79
2015/12/22,43.56
2015/12/23,43.86
2015/12/24,43.59
2015/12/25,43.59
2015/12/26,43.59
2015/12/27,43.59
2015/12/28,43.2
2015/12/29,44.13
2015/12/30,42.89
2015/12/31,42.11
2016/1/1,42.11
2016/1/2,42.11
2016/1/3,42.11
2016/1/4,43.9
2016/1/5,42.92
2016/1/6,41.34
2016/1/7,41.51
2016/1/8,39.16
2016/1/9,39.16
2016/1/10,39.16
2016/1/11,38.02
2016/1/12,37.05
2016/1/13,36.04
2016/1/14,35.77
2016/1/15,35.23
2016/1/16,35.23
2016/1/17,35.23
2016/1/18,34.3
2016/1/19,34.3
2016/1/20,31.07
2016/1/21,32.79
2016/1/22,36.04
2016/1/23,36.04
2016/1/24,36.04
2016/1/25,35.1
2016/1/26,35.87
2016/1/27,36.91
2016/1/28,38.88
2016/1/29,38.42
2016/1/30,38.42
2016/1/31,38.42
2016/2/1,39.16
2016/2/2,38.09
2016/2/3,39.8
2016/2/4,40.87
2016/2/5,40.23
2016/2/6,40.23
2016/2/7,40.23
2016/2/8,39.66
2016/2/9,37.89
2016/2/10,36.51
2016/2/11,36.54
2016/2/12,40.1
2016/2/13,40.1
2016/2/14,40.1
2016/2/15,40.37
2016/2/16,39.53
2016/2/17,41.58
2016/2/18,41.58
2016/2/19,39.8
2016/2/20,39.8
2016/2/21,39.8
2016/2/22,41.17
2016/2/23,39.26
2016/2/24,39.23
2016/2/25,39.88
2016/2/26,41.88
2016/2/27,41.88
2016/2/28,41.88
2016/2/29,41.98
2016/3/1,43.1
2016/3/2,43.58
2016/3/3,43.35
2016/3/4,44.33
2016/3/5,44.33
2016/3/6,44.33
2016/3/7,46.44
2016/3/8,46.81
2016/3/9,47.38
2016/3/10,46.54
2016/3/11,47.42
2016/3/12,47.42
2016/3/13,47.42
2016/3/14,46.04
2016/3/15,45.27
2016/3/16,47.21
2016/3/17,48.46
2016/3/18,49.13
2016/3/19,49.13
2016/3/20,49.13
2016/3/21,47.85
2016/3/22,48.32
2016/3/23,46.86
2016/3/24,46.78
2016/3/25,46.78
2016/3/26,46.78
2016/3/27,46.78
2016/3/28,46.29
2016/3/29,43.86
2016/3/30,44.97
2016/3/31,45.57
2016/4/1,43.49
2016/4/2,43.49
2016/4/3,43.49
2016/4/4,42.75
2016/4/5,41.44
2016/4/6,43.39
2016/4/7,43.02
2016/4/8,46.54
2016/4/9,46.54
2016/4/10,46.54
2016/4/11,47.05
2016/4/12,48.99
2016/4/13,49.06
2016/4/14,49.03
2016/4/15,47.45
2016/4/16,47.45
2016/4/17,47.45
2016/4/18,48.05
2016/4/19,49.19
2016/4/20,50.23
2016/4/21,51.21
2016/4/22,51.81
2016/4/23,51.81
2016/4/24,51.81
2016/4/25,51.44
2016/4/26,52.08
2016/4/27,52.68
2016/4/28,54.19
2016/4/29,53.62
2016/4/30,53.62
2016/5/1,53.62
2016/5/2,53.62
2016/5/3,51.04
2016/5/4,50.97
2016/5/5,51.64
2016/5/6,52.18
2016/5/7,52.18
2016/5/8,52.18
2016/5/9,49.83
2016/5/10,51.54
2016/5/11,54.13
2016/5/12,53.66
2016/5/13,54.5
2016/5/14,54.5
2016/5/15,54.5
2016/5/16,55.74
2016/5/17,56.51
2016/5/18,57.18
2016/5/19,55.39
2016/5/20,56.79
2016/5/21,56.79
2016/5/22,56.79
2016/5/23,56.07
2016/5/24,56.83
2016/5/25,57.45
2016/5/26,57.55
2016/5/27,57.79
2016/5/28,57.79
2016/5/29,57.79
2016/5/30,57.21
2016/5/31,58.42
2016/6/1,57.35
2016/6/2,58.02
2016/6/3,57.28
2016/6/4,57.28
2016/6/5,57.28
2016/6/6,57.8
2016/6/7,59.16
2016/6/8,60.17
2016/6/9,59.87
2016/6/10,58.66
2016/6/11,58.66
2016/6/12,58.66
2016/6/13,58.69
2016/6/14,57.68
2016/6/15,57.52
2016/6/16,55.3
2016/6/17,56.51
2016/6/18,56.51
2016/6/19,56.51
2016/6/20,58.79
2016/6/21,58.19
2016/6/22,58.36
2016/6/23,58.59
2016/6/24,56.71
2016/6/25,56.71
2016/6/26,56.71
2016/6/27,55.03
2016/6/28,56.28
2016/6/29,59.06
2016/6/30,58.19
2016/7/1,57.65
2016/7/2,57.65
2016/7/3,57.65
2016/7/4,58.25
2016/7/5,55.77
2016/7/6,55.74
2016/7/7,56.21
2016/7/8,55.27
2016/7/9,55.27
2016/7/10,55.27
2016/7/11,55.07
2016/7/12,56.21
2016/7/13,54.13
2016/7/14,54.53
2016/7/15,54.56
2016/7/16,54.56
2016/7/17,54.56
2016/7/18,53.46
2016/7/19,54.13
2016/7/20,54.77
2016/7/21,54.13
2016/7/22,52.65
2016/7/23,52.65
2016/7/24,52.65
2016/7/25,51.88
2016/7/26,51.64
2016/7/27,51.01
2016/7/28,51.01
2016/7/29,49.7
2016/7/30,49.7
2016/7/31,49.7
2016/8/1,48.36
2016/8/2,48.01
2016/8/3,48.62
2016/8/4,47.75
2016/8/5,49.83
2016/8/6,49.83
2016/8/7,49.83
2016/8/8,51.33
2016/8/9,51.71
2016/8/10,50.82
2016/8/11,52.82
2016/8/12,53.79
2016/8/13,53.79
2016/8/14,53.79
2016/8/15,55.47
2016/8/16,56.28
2016/8/17,56.41
2016/8/18,58.05
2016/8/19,57.85
2016/8/20,57.85
2016/8/21,57.85
2016/8/22,56.91
2016/8/23,57.25
2016/8/24,56.21
2016/8/25,56.87
2016/8/26,57.03
2016/8/27,57.03
2016/8/28,57.03
2016/8/29,55.89
2016/8/30,55.7
2016/8/31,54.16
2016/9/1,52.96
2016/9/2,53.86
2016/9/3,53.86
2016/9/4,53.86
2016/9/5,54.7
2016/9/6,53.62
2016/9/7,54.6
2016/9/8,56.95
2016/9/9,56.07
2016/9/10,56.07
2016/9/11,56.07
2016/9/12,55.77
2016/9/13,54.62
2016/9/14,53.75
2016/9/15,54.5
2016/9/16,54.13
2016/9/17,54.13
2016/9/18,54.13
2016/9/19,54.8
2016/9/20,54.03
2016/9/21,54.77
2016/9/22,55.94
2016/9/23,55.74
2016/9/24,55.74
2016/9/25,55.74
2016/9/26,55.81
2016/9/27,53.83
2016/9/28,54.73
2016/9/29,58.46
2016/9/30,58.67
2016/10/1,58.67
2016/10/2,58.67
2016/10/3,59.06
2016/10/4,60.07
2016/10/5,61.02
2016/10/6,61.58
2016/10/7,61.49
2016/10/8,61.49
2016/10/9,61.49
2016/10/10,62.65
2016/10/11,61.88
2016/10/12,61.17
2016/10/13,61.51
2016/10/14,60.91
2016/10/15,60.91
2016/10/16,60.91
2016/10/17,60.47
2016/10/18,60.74
2016/10/19,62.55
2016/10/20,61.07
2016/10/21,61.51
2016/10/22,61.51
2016/10/23,61.51
2016/10/24,61.51
2016/10/25,61.33
2016/10/26,61.17
2016/10/27,61.64
2016/10/28,61.28
2016/10/29,61.28
2016/10/30,61.28
2016/10/31,58.83
2016/11/1,58.29
2016/11/2,56.6
2016/11/3,56.54
2016/11/4,55.85
2016/11/5,55.85
2016/11/6,55.85
2016/11/7,55.47
2016/11/8,55.91
2016/11/9,55.81
2016/11/10,55.82
2016/11/11,54.23
2016/11/12,54.23
2016/11/13,54.23
2016/11/14,53.42
2016/11/15,55.23
2016/11/16,55.7
2016/11/17,55.7
2016/11/18,55.7
2016/11/19,55.7
2016/11/20,55.7
2016/11/21,58.46
2016/11/22,58.26
2016/11/23,58.27
2016/11/24,58.09
2016/11/25,56.38
2016/11/26,56.38
2016/11/27,56.38
2016/11/28,57.28
2016/11/29,55.4
2016/11/30,58.46
2016/12/1,62.06
2016/12/2,62.48
2016/12/3,62.48
2016/12/4,62.48
2016/12/5,63.05
2016/12/6,62.28
2016/12/7,62.16
2016/12/8,61.88
2016/12/9,62.62
2016/12/10,62.62
2016/12/11,62.62
2016/12/12,64.46
2016/12/13,64.16
2016/12/14,63.69
2016/12/15,62.17
2016/12/16,64.33
2016/12/17,64.33
2016/12/18,64.33
2016/12/19,63.93
2016/12/20,64.53
2016/12/21,63.7
2016/12/22,63.84
2016/12/23,63.42
2016/12/24,63.42
2016/12/25,63.42
2016/12/26,63.42
2016/12/27,64.13
2016/12/28,65.67
2016/12/29,66.12
2016/12/30,65.87
2016/12/31,65.87
2017/1/1,65.87
2017/1/2,65.87
2017/1/3,65.73
2017/1/4,65.6
2017/1/5,65.4
2017/1/6,66.14
2017/1/7,66.14
2017/1/8,66.14
2017/1/9,64.73
2017/1/10,63.66
2017/1/11,64.6
2017/1/12,65.64
2017/1/13,65.03
2017/1/14,65.03
2017/1/15,65.03
2017/1/16,64.93
2017/1/17,65.35
2017/1/18,64.56
2017/1/19,63.69
2017/1/20,65.27
2017/1/21,65.27
2017/1/22,65.27
2017/1/23,64.93
2017/1/24,65.34
2017/1/25,65.44
2017/1/26,66.31
2017/1/27,65.23
2017/1/28,65.23
2017/1/29,65.23
2017/1/30,65.1
2017/1/31,66.14
2017/2/1,66.66
2017/2/2,67.14
2017/2/3,66.98
2017/2/4,66.98
2017/2/5,66.98
2017/2/6,66.85
2017/2/7,65.74
2017/2/8,66.43
2017/2/9,66.48
2017/2/10,67.67
2017/2/11,67.67
2017/2/12,67.67
2017/2/13,66.01
2017/2/14,66.74
2017/2/15,66.32
2017/2/16,66.01
2017/2/17,66.14
2017/2/18,66.14
2017/2/19,66.14
2017/2/20,67.15
2017/2/21,67.69
2017/2/22,66.24
2017/2/23,67.67
2017/2/24,66.91
2017/2/25,66.91
2017/2/26,66.91
2017/2/27,67.18
2017/2/28,66.25
2017/3/1,67.14
2017/3/2,65.49
2017/3/3,65.57
2017/3/4,65.57
2017/3/5,65.57
2017/3/6,66.06
2017/3/7,66.21
2017/3/8,65.44
2017/3/9,62.28
2017/3/10,61.91
2017/3/11,61.91
2017/3/12,61.91
2017/3/13,61.41
2017/3/14,60.47
2017/3/15,61.33
2017/3/16,61.22
2017/3/17,61.28
2017/3/18,61.28
2017/3/19,61.28
2017/3/20,61.49
2017/3/21,61.9
2017/3/22,59.85
2017/3/23,60.07
2017/3/24,60
2017/3/25,60
2017/3/26,60
2017/3/27,60.45
2017/3/28,61.74
2017/3/29,62.15
2017/3/30,62.95
2017/3/31,62.89
2017/4/1,62.89
2017/4/2,62.89
2017/4/3,62.84
2017/4/4,63.66
2017/4/5,63.99
2017/4/6,64.43
2017/4/7,64.97
2017/4/8,64.97
2017/4/9,64.97
2017/4/10,65.84
2017/4/11,65.91
2017/4/12,66.52
2017/4/13,66.58
2017/4/14,66.58
2017/4/15,66.58
2017/4/16,66.58
2017/4/17,65.99
2017/4/18,65.6
2017/4/19,65.13
2017/4/20,63.85
2017/4/21,62.77
2017/4/22,62.77
2017/4/23,62.77
2017/4/24,62.68
2017/4/25,62.32
2017/4/26,62.87
2017/4/27,60.91
2017/4/28,61.33
2017/4/29,61.33
2017/4/30,61.33
2017/5/1,61.33
2017/5/2,60.07
2017/5/3,59.03
2017/5/4,57.11
2017/5/5,58.09
2017/5/6,58.09
2017/5/7,58.09
2017/5/8,57.68
2017/5/9,58.08
2017/5/10,59.3
2017/5/11,59.93
2017/5/12,59.63
2017/5/13,59.63
2017/5/14,59.63
2017/5/15,60.94
2017/5/16,60.77
2017/5/17,61.54
2017/5/18,61.71
2017/5/19,62.82
2017/5/20,62.82
2017/5/21,62.82
2017/5/22,63.56
2017/5/23,63.59
2017/5/24,63.69
2017/5/25,62.8
2017/5/26,61.17
2017/5/27,61.17
2017/5/28,61.17
2017/5/29,61.36
2017/5/30,60.82
2017/5/31,59.3
2017/6/1,59.99
2017/6/2,58.61
2017/6/3,58.61
2017/6/4,58.61
2017/6/5,57.72
2017/6/6,57.62
2017/6/7,56.85
2017/6/8,56.73
2017/6/9,57.36
2017/6/10,57.36
2017/6/11,57.36
2017/6/12,57.79
2017/6/13,57.48
2017/6/14,56.41
2017/6/15,56.45
2017/6/16,56.97
2017/6/17,56.97
2017/6/18,56.97
2017/6/19,57.21
2017/6/20,55.6
2017/6/21,55.61
2017/6/22,55.54
2017/6/23,55.39
2017/6/24,55.39
2017/6/25,55.39
2017/6/26,55.17
2017/6/27,57
2017/6/28,57.62
2017/6/29,58.72
2017/6/30,58.93
2017/7/1,58.93
2017/7/2,58.93
2017/7/3,60.4
2017/7/4,60.87
2017/7/5,59.89
2017/7/6,60.4
2017/7/7,57.85
2017/7/8,57.85
2017/7/9,57.85
2017/7/10,58.39
2017/7/11,58.39
2017/7/12,58.76
2017/7/13,59.56
2017/7/14,60.03
2017/7/15,60.03
2017/7/16,60.03
2017/7/17,60.1
2017/7/18,59.7
2017/7/19,60.97
2017/7/20,61.94
2017/7/21,60.57
2017/7/22,60.57
2017/7/23,60.57
2017/7/24,60.47
2017/7/25,61.82
2017/7/26,63.02
2017/7/27,63.72
2017/7/28,64.83
2017/7/29,64.83
2017/7/30,64.83
2017/7/31,65.07
2017/8/1,63.72
2017/8/2,64.56
2017/8/3,64.85
2017/8/4,64.33
2017/8/5,64.33
2017/8/6,64.33
2017/8/7,63.02
2017/8/8,64.03
2017/8/9,63.88
2017/8/10,64.36
2017/8/11,63.93
2017/8/12,63.93
2017/8/13,63.93
2017/8/14,64.09
2017/8/15,62.45
2017/8/16,62.35
2017/8/17,61.68
2017/8/18,62.55
2017/8/19,62.55
2017/8/20,62.55
2017/8/21,62.47
2017/8/22,62.85
2017/8/23,63.62
2017/8/24,63.96
2017/8/25,63.59
2017/8/26,63.59
2017/8/27,63.59
2017/8/28,64.26
2017/8/29,63.93
2017/8/30,65.13
2017/8/31,65.13
2017/9/1,66.38
2017/9/2,66.38
2017/9/3,66.38
2017/9/4,65.82
2017/9/5,67.32
2017/9/6,67.79
2017/9/7,67.79
2017/9/8,67.84
2017/9/9,67.84
2017/9/10,67.84
2017/9/11,66.78
2017/9/12,67.11
2017/9/13,67.72
2017/9/14,68.12
2017/9/15,68.15
2017/9/16,68.15
2017/9/17,68.15
2017/9/18,66.85
2017/9/19,67.79
2017/9/20,68.52
2017/9/21,68.74
2017/9/22,68.64
2017/9/23,68.64
2017/9/24,68.64
2017/9/25,70
2017/9/26,69.7
2017/9/27,69.8
2017/9/28,70.1
2017/9/29,70.03
2017/9/30,70.03
2017/10/1,70.03
2017/10/2,67.15
2017/10/3,66.75
2017/10/4,67.11
2017/10/5,68.49
2017/10/6,66.17
2017/10/7,66.17
2017/10/8,66.17
2017/10/9,65.97
2017/10/10,67.65
2017/10/11,67.25
2017/10/12,66.91
2017/10/13,68.15
2017/10/14,68.15
2017/10/15,68.15
2017/10/16,68.99
2017/10/17,68.62
2017/10/18,68.29
2017/10/19,67.82
2017/10/20,68.56
2017/10/21,68.56
2017/10/22,68.56
2017/10/23,68.15
2017/10/24,68.36
2017/10/25,69.36
2017/10/26,69.66
2017/10/27,70.97
2017/10/28,70.97
2017/10/29,70.97
2017/10/30,71.07
2017/10/31,71.29
2017/11/1,70.87
2017/11/2,70.248
2017/11/3,70.836
2017/11/4,70.836
2017/11/5,70.836
2017/11/6,72.928
2017/11/7,73.093
2017/11/8,73.04
2017/11/9,73.795
2017/11/10,73.817
2017/11/11,73.817
2017/11/12,73.817
2017/11/13,73.497
2017/11/14,71.765
2017/11/15,72.708
2017/11/16,72.653
2017/11/17,73.627
2017/11/18,73.627
2017/11/19,73.627
2017/11/20,73.008
2017/11/21,73.652
2017/11/22,73.933
2017/11/23,73.933
2017/11/24,73.947
2017/11/25,73.947
2017/11/26,73.947
2017/11/27,73.815
2017/11/28,74.06
2017/11/29,73.182
2017/11/30,72.85
2017/12/1,74.331
2017/12/2,74.331
2017/12/3,74.331
2017/12/4,72.6
2017/12/5,72.994
2017/12/6,71.761
2017/12/7,72.225
2017/12/8,74.056
2017/12/9,74.056
2017/12/10,74.056
2017/12/11,75.037
2017/12/12,74.812
2017/12/13,73.758
2017/12/14,73.724
2017/12/15,74
2017/12/16,74
2017/12/17,74
2017/12/18,74.514
2017/12/19,74.516
2017/12/20,75.384
2017/12/21,75.575
2017/12/22,75.442
2017/12/23,75.442
2017/12/24,75.442
2017/12/25,75.442
2017/12/26,78.423
2017/12/27,77.58
2017/12/28,77.791
2017/12/29,78.296
2017/12/30,78.296
2017/12/31,78.296
2018/1/1,78.296
2018/1/2,77.773
2018/1/3,79.216
2018/1/4,79.31
2018/1/5,78.957
2018/1/6,78.957
2018/1/7,78.957
2018/1/8,78.741
2018/1/9,79.3
2018/1/10,79.948
2018/1/11,80.671
2018/1/12,80.083
2018/1/13,80.083
2018/1/14,80.083
2018/1/15,81.037
2018/1/16,80.751
2018/1/17,80.52
2018/1/18,80.649
2018/1/19,80.104
2018/1/20,80.104
2018/1/21,80.104
2018/1/22,80.904
2018/1/23,81.487
2018/1/24,82.005
2018/1/25,82.888
2018/1/26,83.131
2018/1/27,83.131
2018/1/28,83.131
2018/1/29,82.073
2018/1/30,81.168
2018/1/31,81.028
2018/2/1,81.396
2018/2/2,80.51
2018/2/3,80.51
2018/2/4,80.51
2018/2/5,80.269
2018/2/6,78.73
2018/2/7,77.156
2018/2/8,75.801
2018/2/9,73.94
2018/2/10,73.94
2018/2/11,73.94
2018/2/12,74.137
2018/2/13,72.675
2018/2/14,72.675
2018/2/15,73.855
2018/2/16,75.447
2018/2/17,75.447
2018/2/18,75.447
2018/2/19,76.485
2018/2/20,76.009
2018/2/21,76.282
2018/2/22,77.425
2018/2/23,78.366
2018/2/24,78.366
2018/2/25,78.366
2018/2/26,79.236
2018/2/27,78.857
2018/2/28,76.363
2018/3/1,74.123
2018/3/2,74.506
2018/3/3,74.506
2018/3/4,74.506
2018/3/5,75.789
2018/3/6,75.739
2018/3/7,75.741
2018/3/8,75.06
2018/3/9,76.248
2018/3/10,76.248
2018/3/11,76.248
2018/3/12,75.06
2018/3/13,75.36
2018/3/14,75.792
2018/3/15,76.145
2018/3/16,76.981
2018/3/17,76.981
2018/3/18,76.981
2018/3/19,77.459
2018/3/20,78.546
2018/3/21,80.622
2018/3/22,80.142
2018/3/23,80.774
2018/3/24,80.774
2018/3/25,80.774
2018/3/26,80.979
2018/3/27,81.512
2018/3/28,81.599
2018/3/29,81.779
2018/3/30,81.779
2018/3/31,81.779
2018/4/1,81.779
2018/4/2,80.192
2018/4/3,80.303
2018/4/4,79.667
2018/4/5,79.726
2018/4/6,79.048
2018/4/7,79.048
2018/4/8,79.048
2018/4/9,81.151
2018/4/10,83.02
2018/4/11,85.294
2018/4/12,84.048
2018/4/13,84.539
2018/4/14,84.539
2018/4/15,84.539
2018/4/16,83.65
2018/4/17,83.272
2018/4/18,84.695
2018/4/19,86.326
2018/4/20,85
2018/4/21,85
2018/4/22,85
2018/4/23,85.806
2018/4/24,86.601
2018/4/25,85.697
2018/4/26,86.977
2018/4/27,86.14
2018/4/28,86.14
2018/4/29,86.14
2018/4/30,86.977
2018/5/1,85.719
2018/5/2,86.2217
2018/5/3,85.074
2018/5/4,86.293
2018/5/5,86.293
2018/5/6,86.293
2018/5/7,88.2
2018/5/8,86.13
2018/5/9,89.551
2018/5/10,89.187
2018/5/11,89.91
2018/5/12,89.91
2018/5/13,89.91
2018/5/14,90.256
2018/5/15,91.339
2018/5/16,90.881
2018/5/17,93.468
2018/5/18,92.461
2018/5/19,92.461
2018/5/20,92.461
2018/5/21,91.977
2018/5/22,93.249
2018/5/23,92.341
2018/5/24,92.451
2018/5/25,92.561
2018/5/26,92.561
2018/5/27,92.561
2018/5/28,88.95
2018/5/29,88.83
2018/5/30,90.53
2018/5/31,90.845
2018/6/1,88.672
2018/6/2,88.672
2018/6/3,88.672
2018/6/4,87.888
2018/6/5,86.979
2018/6/6,86.756
2018/6/7,88.541
2018/6/8,86.979
2018/6/9,86.979
2018/6/10,86.979
2018/6/11,88.459
2018/6/12,88.559
2018/6/13,88.433
2018/6/14,87.78
2018/6/15,85.034
2018/6/16,85.034
2018/6/17,85.034
2018/6/18,85.978
2018/6/19,85.921
2018/6/20,86.08
2018/6/21,84.35
2018/6/22,85.792
2018/6/23,85.792
2018/6/24,85.792
2018/6/25,85.235
2018/6/26,85.346
2018/6/27,88.181
2018/6/28,88.013
2018/6/29,89.356
2018/6/30,89.356
2018/7/1,89.356
2018/7/2,87.856
2018/7/3,87.088
2018/7/4,88.487
2018/7/5,88.915
2018/7/6,88.302
2018/7/7,88.302
2018/7/8,88.302
2018/7/9,89.246
2018/7/10,89.895
2018/7/11,88.168
2018/7/12,85.13
2018/7/13,86.94
2018/7/14,86.94
2018/7/15,86.94
2018/7/16,84.28
2018/7/17,84.05
2018/7/18,83.906
2018/7/19,85.208
2018/7/20,85.737
2018/7/21,85.737
2018/7/22,85.737
2018/7/23,86.59
2018/7/24,87.23
2018/7/25,87.489
2018/7/26,88.4
2018/7/27,88.686
2018/7/28,88.686
2018/7/29,88.686
2018/7/30,88.469
2018/7/31,87.493
2018/8/1,85.215
2018/8/2,86.054
2018/8/3,86.662
2018/8/4,86.662
2018/8/5,86.662
2018/8/6,87.396
2018/8/7,88.048
2018/8/8,86.503
2018/8/9,86.423
2018/8/10,87.53
2018/8/11,87.53
2018/8/12,87.53
2018/8/13,87.25
2018/8/14,87.25
2018/8/15,85.176
2018/8/16,85.76
2018/8/17,86.508
2018/8/18,86.508
2018/8/19,86.508
2018/8/20,86.287
2018/8/21,87.08
2018/8/22,88.768
2018/8/23,89.26
2018/8/24,90.849
2018/8/25,90.849
2018/8/26,90.849
2018/8/27,90.785
2018/8/28,91.34
2018/8/29,91.413
2018/8/30,92.026
2018/8/31,92.432
2018/9/1,92.432
2018/9/2,92.432
2018/9/3,92.635
2018/9/4,92.629
2018/9/5,91.34
2018/9/6,90.267
2018/9/7,89.93
2018/9/8,89.93
2018/9/9,89.93
2018/9/10,90.943
2018/9/11,91.91
2018/9/12,92.68
2018/9/13,91.17
2018/9/14,90.94
2018/9/15,90.94
2018/9/16,90.94
2018/9/17,91.264
2018/9/18,91.716
2018/9/19,92.256
2018/9/20,92.33
2018/9/21,92.443
2018/9/22,92.443
2018/9/23,92.443
2018/9/24,94.15
2018/9/25,95.739
2018/9/26,95.468
2018/9/27,95.72
2018/9/28,97.29
2018/10/8,95.588
2018/10/9,99.033
2018/10/10,98.343
2018/10/11,95.7848
2018/10/12,95.402
2018/10/15,95.203
2018/10/16,95.203
2018/10/17,94.527
2018/10/18,94.853
2018/10/19,94.853
2018/10/22,95.234
2018/10/23,93.353
2018/10/24,92.815
2018/10/25,93.606
2018/10/26,94.305
2018/10/29,93.697
2018/10/30,92.338
2018/10/31,92.338
2018/11/1,88.918
2018/11/2,88.918
2018/11/5,88.918
2018/11/6,88.918
2018/11/7,88.544
2018/11/8,88.544
2018/11/9,86.479
2018/11/12,86.479
2018/11/13,84.423
2018/11/14,84.45
2018/11/15,83.83
2018/11/16,83.046
2018/11/19,82.48
2018/11/20,79.714
2018/11/21,79.003
2018/11/22,79.003
2018/11/23,79.003
2018/11/26,75.495
2018/11/27,74.571
2018/11/28,73.182
2018/11/29,73.182
2018/11/30,71.534
2018/12/3,71.984
2018/12/4,74.556
2018/12/5,75.24
2018/12/6,71.546
2018/12/7,75.925
2018/12/10,75.925
2018/12/11,75.925
2018/12/12,73.953
2018/12/13,72.832
2018/12/14,72.895
2018/12/17,72.014
2018/12/18,69.511
2018/12/19,70.532
2018/12/20,68.172
2018/12/21,68.172
2018/12/24,68.172
2018/12/25,68.172
2018/12/26,68.172
2018/12/27,65.457
2018/12/28,65.457
2019/1/2,68.121
2019/1/3,67.545
2019/1/4,69.749
2019/1/7,71.88
2019/1/8,71.88
2019/1/9,71.88
2019/1/10,71.88
2019/1/11,74.859
2019/1/14,74.859
