date,LL神华煤化工价格
2009/1/5,8450
2009/1/6,8200
2009/1/7,8500
2009/1/8,8500
2009/1/9,8500
2009/1/12,8500
2009/1/13,8500
2009/1/14,8500
2009/1/15,8550
2009/1/16,8550
2009/1/19,8600
2009/1/20,8600
2009/1/21,8600
2009/1/22,8600
2009/1/23,8600
2009/2/2,8650
2009/2/3,8750
2009/2/4,8750
2009/2/5,8800
2009/2/6,8800
2009/2/9,9000
2009/2/10,9050
2009/2/11,9150
2009/2/12,9150
2009/2/13,9100
2009/2/16,9000
2009/2/17,8950
2009/2/18,8750
2009/2/19,8700
2009/2/20,8700
2009/2/23,8500
2009/2/24,8600
2009/2/25,8600
2009/2/26,8700
2009/2/27,8700
2009/3/2,8700
2009/3/3,8650
2009/3/4,8600
2009/3/5,8550
2009/3/6,8450
2009/3/9,8450
2009/3/10,8550
2009/3/11,8600
2009/3/12,8600
2009/3/13,8650
2009/3/16,8700
2009/3/17,8800
2009/3/18,8800
2009/3/19,8850
2009/3/20,8850
2009/3/23,9000
2009/3/24,9200
2009/3/25,9250
2009/3/26,9250
2009/3/27,9300
2009/3/30,9300
2009/3/31,9375
2009/4/1,9500
2009/4/2,9675
2009/4/3,9875
2009/4/7,10050
2009/4/8,9950
2009/4/9,9950
2009/4/10,9900
2009/4/13,9600
2009/4/14,9550
2009/4/15,9450
2009/4/16,9400
2009/4/17,9400
2009/4/20,9600
2009/4/21,9650
2009/4/22,9700
2009/4/23,9700
2009/4/24,9700
2009/4/27,9650
2009/4/28,9650
2009/4/29,9575
2009/4/30,9575
2009/5/4,9550
2009/5/5,9500
2009/5/6,9450
2009/5/7,9450
2009/5/8,9450
2009/5/11,9600
2009/5/12,9575
2009/5/13,9575
2009/5/14,9575
2009/5/15,9525
2009/5/18,9525
2009/5/19,9500
2009/5/20,9375
2009/5/21,9350
2009/5/22,9175
2009/5/25,9150
2009/5/26,9150
2009/5/27,9150
2009/6/1,9300
2009/6/2,9425
2009/6/3,9600
2009/6/4,9600
2009/6/5,9675
2009/6/8,9775
2009/6/9,9775
2009/6/10,9825
2009/6/11,9900
2009/6/12,9950
2009/6/15,10000
2009/6/16,9950
2009/6/17,9900
2009/6/18,9900
2009/6/19,9900
2009/6/22,9850
2009/6/23,9750
2009/6/24,9725
2009/6/25,9725
2009/6/26,9750
2009/6/29,9750
2009/6/30,9750
2009/7/1,9800
2009/7/2,9850
2009/7/3,9850
2009/7/6,10050
2009/7/7,10225
2009/7/8,10225
2009/7/9,10200
2009/7/10,10200
2009/7/13,10200
2009/7/14,10100
2009/7/15,9925
2009/7/16,9925
2009/7/17,9950
2009/7/20,10125
2009/7/21,10125
2009/7/22,10125
2009/7/23,10125
2009/7/24,10175
2009/7/27,10300
2009/7/28,10450
2009/7/29,10475
2009/7/30,10450
2009/7/31,10575
2009/8/3,10675
2009/8/4,10850
2009/8/5,11050
2009/8/6,11075
2009/8/7,11075
2009/8/10,11075
2009/8/11,11025
2009/8/12,11025
2009/8/13,11025
2009/8/14,11050
2009/8/17,11050
2009/8/18,11050
2009/8/19,10950
2009/8/20,10950
2009/8/21,10950
2009/8/24,10950
2009/8/25,10900
2009/8/26,10850
2009/8/27,10850
2009/8/28,10850
2009/8/31,10825
2009/9/1,10775
2009/9/2,10700
2009/9/3,10625
2009/9/4,10575
2009/9/7,10550
2009/9/8,10475
2009/9/9,10350
2009/9/10,10400
2009/9/11,10400
2009/9/14,10400
2009/9/15,10350
2009/9/16,10300
2009/9/17,10300
2009/9/18,10150
2009/9/21,10000
2009/9/22,9950
2009/9/23,9850
2009/9/24,9850
2009/9/25,9775
2009/9/28,9650
2009/9/29,9650
2009/9/30,9800
2009/10/9,9800
2009/10/12,9800
2009/10/13,10200
2009/10/14,10200
2009/10/15,10200
2009/10/16,10200
2009/10/19,10350
2009/10/20,10350
2009/10/21,10375
2009/10/22,10525
2009/10/23,10575
2009/10/26,10725
2009/10/27,10725
2009/10/28,10750
2009/10/29,10650
2009/10/30,10650
2009/11/2,10625
2009/11/3,10625
2009/11/4,10625
2009/11/5,10625
2009/11/6,10625
2009/11/9,10625
2009/11/10,10625
2009/11/11,10725
2009/11/12,10850
2009/11/13,10900
2009/11/16,11225
2009/11/17,11350
2009/11/18,11425
2009/11/19,11425
2009/11/20,11400
2009/11/23,11400
2009/11/24,11400
2009/11/25,11400
2009/11/26,11400
2009/11/27,11400
2009/11/30,11350
2009/12/1,11300
2009/12/2,11250
2009/12/3,11250
2009/12/4,11150
2009/12/7,11150
2009/12/8,11100
2009/12/9,11050
2009/12/10,10900
2009/12/11,10800
2009/12/14,10750
2009/12/15,10850
2009/12/16,11050
2009/12/17,11450
2009/12/18,11450
2009/12/21,11475
2009/12/22,11475
2009/12/23,11475
2009/12/24,11550
2009/12/25,11575
2009/12/28,11600
2009/12/29,11625
2009/12/30,11625
2009/12/31,11650
2010/1/4,11900
2010/1/5,12200
2010/1/6,12200
2010/1/7,12200
2010/1/8,12100
2010/1/11,12000
2010/1/12,11950
2010/1/13,11725
2010/1/14,11725
2010/1/15,11700
2010/1/18,11600
2010/1/19,11600
2010/1/20,11600
2010/1/21,11650
2010/1/22,11650
2010/1/25,11700
2010/1/26,11675
2010/1/27,11600
2010/1/28,11525
2010/1/29,11400
2010/2/1,11300
2010/2/2,11300
2010/2/3,11250
2010/2/4,11250
2010/2/5,11250
2010/2/8,11250
2010/2/9,11250
2010/2/10,11250
2010/2/11,11250
2010/2/12,11250
2010/2/22,11550
2010/2/23,11675
2010/2/24,11650
2010/2/25,11600
2010/2/26,11525
2010/3/1,11525
2010/3/2,11525
2010/3/3,11500
2010/3/4,11425
2010/3/5,11375
2010/3/8,11250
2010/3/9,11200
2010/3/10,11150
2010/3/11,11150
2010/3/12,11050
2010/3/15,10950
2010/3/16,10775
2010/3/17,10775
2010/3/18,10950
2010/3/19,11000
2010/3/22,11100
2010/3/23,11150
2010/3/24,11150
2010/3/25,11075
2010/3/26,11075
2010/3/29,11050
2010/3/30,11050
2010/3/31,11025
2010/4/1,11025
2010/4/2,11025
2010/4/6,11125
2010/4/7,11200
2010/4/8,11175
2010/4/9,11175
2010/4/12,11275
2010/4/13,11275
2010/4/14,11275
2010/4/15,11300
2010/4/16,11300
2010/4/19,11300
2010/4/20,11300
2010/4/21,11300
2010/4/22,11300
2010/4/23,11250
2010/4/26,11275
2010/4/27,11125
2010/4/28,11125
2010/4/29,11125
2010/4/30,11125
2010/5/4,11125
2010/5/5,11050
2010/5/6,11000
2010/5/7,10975
2010/5/10,10850
2010/5/11,10850
2010/5/12,10800
2010/5/13,10775
2010/5/14,10650
2010/5/17,10575
2010/5/18,10375
2010/5/19,9950
2010/5/20,10100
2010/5/21,10100
2010/5/24,10125
2010/5/25,10125
2010/5/26,10100
2010/5/27,10000
2010/5/28,10050
2010/5/31,10100
2010/6/1,10050
2010/6/2,10025
2010/6/3,9950
2010/6/4,9900
2010/6/7,9600
2010/6/8,9350
2010/6/9,9375
2010/6/10,9375
2010/6/11,9500
2010/6/17,9525
2010/6/18,9500
2010/6/21,9500
2010/6/22,9500
2010/6/23,9475
2010/6/24,9475
2010/6/25,9475
2010/6/28,9475
2010/6/29,9475
2010/6/30,9325
2010/7/1,9200
2010/7/2,9050
2010/7/5,8900
2010/7/6,8850
2010/7/7,8750
2010/7/8,8750
2010/7/9,8825
2010/7/12,8950
2010/7/13,8975
2010/7/14,8975
2010/7/15,8975
2010/7/16,8900
2010/7/19,8900
2010/7/20,8975
2010/7/21,9000
2010/7/22,9025
2010/7/23,9350
2010/7/26,9550
2010/7/27,9550
2010/7/28,9550
2010/7/29,9550
2010/7/30,9550
2010/8/2,9750
2010/8/3,10050
2010/8/4,10150
2010/8/5,10075
2010/8/6,9950
2010/8/9,9925
2010/8/10,9925
2010/8/11,9825
2010/8/12,9650
2010/8/13,9525
2010/8/16,9600
2010/8/17,9700
2010/8/18,9825
2010/8/19,9775
2010/8/20,9750
2010/8/23,9600
2010/8/24,9600
2010/8/25,9550
2010/8/26,9650
2010/8/27,9700
2010/8/30,9775
2010/8/31,9775
2010/9/1,9750
2010/9/2,9800
2010/9/3,9800
2010/9/6,9825
2010/9/7,9825
2010/9/8,9825
2010/9/9,9800
2010/9/10,9800
2010/9/13,9800
2010/9/14,9800
2010/9/15,9800
2010/9/16,9800
2010/9/17,9800
2010/9/20,9825
2010/9/21,9800
2010/9/27,9900
2010/9/28,9950
2010/9/29,9975
2010/9/30,9975
2010/10/8,10400
2010/10/11,10900
2010/10/12,10900
2010/10/13,10800
2010/10/14,10750
2010/10/15,10700
2010/10/18,10650
2010/10/19,10600
2010/10/20,10550
2010/10/21,10500
2010/10/22,10500
2010/10/25,10650
2010/10/26,10800
2010/10/27,10900
2010/10/28,10900
2010/10/29,10950
2010/11/1,11200
2010/11/2,11525
2010/11/3,11550
2010/11/4,11600
2010/11/5,11700
2010/11/8,11800
2010/11/9,12000
2010/11/10,12400
2010/11/11,12200
2010/11/12,11800
2010/11/15,11400
2010/11/16,11300
2010/11/17,10700
2010/11/18,10800
2010/11/19,11050
2010/11/22,11050
2010/11/23,10800
2010/11/24,10750
2010/11/25,10800
2010/11/26,10500
2010/11/29,10550
2010/11/30,10500
2010/12/1,10550
2010/12/2,10700
2010/12/3,10750
2010/12/6,10800
2010/12/7,10700
2010/12/8,10700
2010/12/9,10700
2010/12/10,10700
2010/12/13,10850
2010/12/14,10900
2010/12/15,10900
2010/12/16,10850
2010/12/17,10850
2010/12/20,10850
2010/12/21,10850
2010/12/22,10850
2010/12/23,10850
2010/12/24,10900
2010/12/27,10950
2010/12/28,11050
2010/12/29,11050
2010/12/30,11050
2010/12/31,11050
2011/1/4,11300
2011/1/5,11350
2011/1/6,11400
2011/1/7,11400
2011/1/10,11350
2011/1/11,11300
2011/1/12,11250
2011/1/13,11250
2011/1/14,11200
2011/1/17,11100
2011/1/18,11000
2011/1/19,11000
2011/1/20,11000
2011/1/21,11000
2011/1/24,11100
2011/1/25,11050
2011/1/26,10975
2011/1/27,10975
2011/1/28,10975
2011/1/31,10975
2011/2/1,10975
2011/2/9,11000
2011/2/10,11000
2011/2/11,11050
2011/2/14,11050
2011/2/15,11025
2011/2/16,11025
2011/2/17,11000
2011/2/18,11000
2011/2/21,11000
2011/2/22,10900
2011/2/23,10900
2011/2/24,10850
2011/2/25,10850
2011/2/28,11000
2011/3/1,11000
2011/3/2,11100
2011/3/3,11200
2011/3/4,11200
2011/3/7,11350
2011/3/8,11350
2011/3/9,11350
2011/3/10,11350
2011/3/11,11250
2011/3/14,11100
2011/3/15,10975
2011/3/16,10900
2011/3/17,10900
2011/3/18,10925
2011/3/21,11000
2011/3/22,11000
2011/3/23,11000
2011/3/24,11000
2011/3/25,11000
2011/3/28,10975
2011/3/29,10950
2011/3/30,10925
2011/3/31,10900
2011/4/1,10850
2011/4/6,10800
2011/4/7,10850
2011/4/8,10900
2011/4/11,11050
2011/4/12,11125
2011/4/13,11075
2011/4/14,11075
2011/4/15,11075
2011/4/18,11075
2011/4/19,11000
2011/4/20,11000
2011/4/21,11025
2011/4/22,11025
2011/4/25,11050
2011/4/26,11050
2011/4/27,11050
2011/4/28,11050
2011/4/29,11050
2011/5/3,11075
2011/5/4,11125
2011/5/5,11025
2011/5/6,10750
2011/5/9,10750
2011/5/10,10750
2011/5/11,10750
2011/5/12,10500
2011/5/13,10500
2011/5/16,10400
2011/5/17,10400
2011/5/18,10400
2011/5/19,10375
2011/5/20,10375
2011/5/23,10275
2011/5/24,10150
2011/5/25,10050
2011/5/26,10125
2011/5/27,10125
2011/5/30,10150
2011/5/31,10150
2011/6/1,10000
2011/6/2,9950
2011/6/3,9900
2011/6/7,9900
2011/6/8,9950
2011/6/9,10000
2011/6/10,10000
2011/6/13,10000
2011/6/14,10000
2011/6/15,10000
2011/6/16,10000
2011/6/17,10000
2011/6/20,9900
2011/6/21,9900
2011/6/22,9900
2011/6/23,9900
2011/6/24,9900
2011/6/27,9900
2011/6/28,9900
2011/6/29,9900
2011/6/30,9900
2011/7/1,10000
2011/7/4,10250
2011/7/5,10400
2011/7/6,10400
2011/7/7,10400
2011/7/8,10600
2011/7/11,10600
2011/7/12,10600
2011/7/13,10600
2011/7/14,10650
2011/7/15,10650
2011/7/18,10700
2011/7/19,10700
2011/7/20,10700
2011/7/21,10700
2011/7/22,10700
2011/7/25,#N/A
2011/7/26,10900
2011/7/27,11000
2011/7/28,11050
2011/7/29,11050
2011/8/1,11050
2011/8/2,11050
2011/8/3,11000
2011/8/4,10850
2011/8/5,10550
2011/8/8,10450
2011/8/9,9800
2011/8/10,10200
2011/8/11,10300
2011/8/12,10500
2011/8/15,10450
2011/8/16,10450
2011/8/17,10350
2011/8/18,10400
2011/8/19,10400
2011/8/22,10150
2011/8/23,10200
2011/8/24,10300
2011/8/25,10300
2011/8/26,10300
2011/8/29,10300
2011/8/30,10350
2011/8/31,10350
2011/9/1,10350
2011/9/2,10350
2011/9/5,10300
2011/9/6,10250
2011/9/7,10300
2011/9/8,10300
2011/9/9,10300
2011/9/13,10300
2011/9/14,10250
2011/9/15,10250
2011/9/16,10250
2011/9/19,10100
2011/9/20,10000
2011/9/21,9800
2011/9/22,9800
2011/9/23,9500
2011/9/26,9400
2011/9/27,9400
2011/9/28,9400
2011/9/29,9200
2011/9/30,9300
2011/10/10,9500
2011/10/11,9450
2011/10/12,9250
2011/10/13,9200
2011/10/14,9250
2011/10/17,9300
2011/10/18,9300
2011/10/19,9250
2011/10/20,8800
2011/10/21,8700
2011/10/24,8700
2011/10/25,9000
2011/10/26,9200
2011/10/27,9300
2011/10/28,9500
2011/10/31,9400
2011/11/1,9400
2011/11/2,9400
2011/11/3,9500
2011/11/4,9600
2011/11/7,9600
2011/11/8,9550
2011/11/9,9550
2011/11/10,9200
2011/11/11,9200
2011/11/14,9450
2011/11/15,9450
2011/11/16,9400
2011/11/17,9350
2011/11/18,9250
2011/11/21,9200
2011/11/22,9200
2011/11/23,9200
2011/11/24,9000
2011/11/25,9050
2011/11/28,9200
2011/11/29,9150
2011/11/30,9100
2011/12/1,9250
2011/12/2,9200
2011/12/5,9200
2011/12/6,9200
2011/12/7,9200
2011/12/8,9150
2011/12/9,9100
2011/12/12,9050
2011/12/13,9000
2011/12/14,9000
2011/12/15,8900
2011/12/16,8900
2011/12/19,8900
2011/12/20,8900
2011/12/21,8950
2011/12/22,8900
2011/12/23,9000
2011/12/26,9050
2011/12/27,9050
2011/12/28,9100
2011/12/29,9100
2011/12/30,9200
2012/1/4,9300
2012/1/5,9350
2012/1/6,9350
2012/1/9,9350
2012/1/10,9350
2012/1/11,9350
2012/1/12,9350
2012/1/13,9300
2012/1/16,9300
2012/1/17,9350
2012/1/18,9400
2012/1/19,9450
2012/1/20,9500
2012/1/30,9600
2012/1/31,9650
2012/2/1,9600
2012/2/2,9650
2012/2/3,9650
2012/2/6,9750
2012/2/7,9750
2012/2/8,9750
2012/2/9,9750
2012/2/10,9750
2012/2/13,9750
2012/2/14,9750
2012/2/15,9700
2012/2/16,9650
2012/2/17,9650
2012/2/20,9650
2012/2/21,9700
2012/2/22,9750
2012/2/23,9750
2012/2/24,9750
2012/2/27,9800
2012/2/28,9850
2012/2/29,9900
2012/3/1,9950
2012/3/2,10100
2012/3/5,10150
2012/3/6,10200
2012/3/7,10150
2012/3/8,10150
2012/3/9,10200
2012/3/12,10300
2012/3/13,10400
2012/3/14,10450
2012/3/15,10500
2012/3/16,10450
2012/3/19,10400
2012/3/20,10400
2012/3/21,10400
2012/3/22,10400
2012/3/23,10400
2012/3/26,10400
2012/3/27,10450
2012/3/28,10400
2012/3/29,10350
2012/3/30,10350
2012/4/5,10300
2012/4/6,10400
2012/4/9,10350
2012/4/10,10350
2012/4/11,10300
2012/4/12,10300
2012/4/13,10300
2012/4/16,10250
2012/4/17,10300
2012/4/18,10300
2012/4/19,10250
2012/4/20,10250
2012/4/23,10200
2012/4/24,10150
2012/4/25,10100
2012/4/26,10100
2012/4/27,10100
2012/5/2,10100
2012/5/3,10000
2012/5/4,9900
2012/5/7,9700
2012/5/8,9700
2012/5/9,9650
2012/5/10,9700
2012/5/11,9650
2012/5/14,9600
2012/5/15,9500
2012/5/16,9500
2012/5/17,9500
2012/5/18,9500
2012/5/21,9600
2012/5/22,9600
2012/5/23,9550
2012/5/24,9550
2012/5/25,9550
2012/5/28,9650
2012/5/29,9700
2012/5/30,9850
2012/5/31,9800
2012/6/1,9750
2012/6/4,9350
2012/6/5,9500
2012/6/6,9500
2012/6/7,9500
2012/6/8,9500
2012/6/11,9500
2012/6/12,9500
2012/6/13,9500
2012/6/14,9500
2012/6/15,9500
2012/6/18,9650
2012/6/19,9650
2012/6/20,9700
2012/6/21,9700
2012/6/25,9700
2012/6/26,9700
2012/6/27,9700
2012/6/28,9750
2012/6/29,9750
2012/7/2,9950
2012/7/3,10000
2012/7/4,10150
2012/7/5,10150
2012/7/6,10200
2012/7/9,10150
2012/7/10,10150
2012/7/11,10050
2012/7/12,10050
2012/7/13,10000
2012/7/16,10100
2012/7/17,10100
2012/7/18,10100
2012/7/19,10100
2012/7/20,10100
2012/7/23,10000
2012/7/24,10000
2012/7/25,9950
2012/7/26,9900
2012/7/27,9900
2012/7/30,9950
2012/7/31,9950
2012/8/1,9950
2012/8/2,9950
2012/8/3,10000
2012/8/6,10050
2012/8/7,10100
2012/8/8,10150
2012/8/9,10250
2012/8/10,10250
2012/8/13,10250
2012/8/14,10250
2012/8/15,10250
2012/8/16,10300
2012/8/17,10350
2012/8/20,10350
2012/8/21,10350
2012/8/22,10350
2012/8/23,10350
2012/8/24,10350
2012/8/27,10350
2012/8/28,10300
2012/8/29,10300
2012/8/30,10300
2012/8/31,10350
2012/9/3,10400
2012/9/4,10450
2012/9/5,10500
2012/9/6,10550
2012/9/7,10600
2012/9/10,10700
2012/9/11,10700
2012/9/12,10750
2012/9/13,10750
2012/9/14,10800
2012/9/17,11050
2012/9/18,11050
2012/9/19,11050
2012/9/20,11050
2012/9/21,11000
2012/9/24,10950
2012/9/25,10900
2012/9/26,10850
2012/9/27,10800
2012/9/28,10750
2012/10/8,10700
2012/10/9,10650
2012/10/10,10600
2012/10/11,10550
2012/10/12,10550
2012/10/15,10550
2012/10/16,10450
2012/10/17,10450
2012/10/18,10450
2012/10/19,10450
2012/10/22,10450
2012/10/23,10400
2012/10/24,10400
2012/10/25,10400
2012/10/26,10400
2012/10/29,10400
2012/10/30,10450
2012/10/31,10450
2012/11/1,10500
2012/11/2,10600
2012/11/5,10700
2012/11/6,10750
2012/11/7,10800
2012/11/8,10850
2012/11/9,10800
2012/11/12,10750
2012/11/13,10700
2012/11/14,10700
2012/11/15,10650
2012/11/16,10600
2012/11/19,10600
2012/11/20,10600
2012/11/21,10600
2012/11/22,10550
2012/11/23,10500
2012/11/26,10550
2012/11/27,10600
2012/11/28,10600
2012/11/29,10650
2012/11/30,10650
2012/12/3,10750
2012/12/4,10850
2012/12/5,10900
2012/12/6,10900
2012/12/7,10900
2012/12/10,10950
2012/12/11,11000
2012/12/12,10950
2012/12/13,10950
2012/12/14,10900
2012/12/17,11000
2012/12/18,11000
2012/12/19,11000
2012/12/20,11000
2012/12/21,11000
2012/12/24,11000
2012/12/25,11000
2012/12/26,11100
2012/12/27,11100
2012/12/28,11100
2012/12/31,11100
2013/1/4,11100
2013/1/7,11100
2013/1/8,11150
2013/1/9,11150
2013/1/10,11150
2013/1/11,11150
2013/1/14,11100
2013/1/15,11100
2013/1/16,11000
2013/1/17,11000
2013/1/18,11000
2013/1/21,10950
2013/1/22,10950
2013/1/23,10900
2013/1/24,10900
2013/1/25,10900
2013/1/28,10950
2013/1/29,11050
2013/1/30,11100
2013/1/31,11100
2013/2/1,11100
2013/2/4,11100
2013/2/5,11150
2013/2/6,11150
2013/2/7,11150
2013/2/8,11150
2013/2/18,11100
2013/2/19,11100
2013/2/20,11000
2013/2/21,11000
2013/2/22,11000
2013/2/25,10900
2013/2/26,10850
2013/2/27,10850
2013/2/28,10850
2013/3/1,10900
2013/3/4,10850
2013/3/5,10800
2013/3/6,10800
2013/3/7,10800
2013/3/8,10650
2013/3/11,10650
2013/3/12,10600
2013/3/13,10450
2013/3/14,10450
2013/3/15,10450
2013/3/18,10500
2013/3/19,10600
2013/3/20,10650
2013/3/21,10700
2013/3/22,10700
2013/3/25,10700
2013/3/26,10700
2013/3/27,10650
2013/3/28,10650
2013/3/29,10650
2013/4/1,10600
2013/4/2,10600
2013/4/3,10600
2013/4/8,10450
2013/4/9,10450
2013/4/10,10450
2013/4/11,10500
2013/4/12,10450
2013/4/15,10300
2013/4/16,10150
2013/4/17,10150
2013/4/18,10050
2013/4/19,10050
2013/4/22,10100
2013/4/23,10050
2013/4/24,10050
2013/4/25,10100
2013/4/26,10200
2013/5/2,10250
2013/5/3,10250
2013/5/6,10400
2013/5/7,10400
2013/5/8,10450
2013/5/9,10500
2013/5/10,10500
2013/5/13,10500
2013/5/14,10500
2013/5/15,10500
2013/5/16,10400
2013/5/17,10400
2013/5/20,10400
2013/5/21,10400
2013/5/22,10400
2013/5/23,10400
2013/5/24,10400
2013/5/27,10400
2013/5/28,10400
2013/5/29,10450
2013/5/30,10500
2013/5/31,10450
2013/6/3,10450
2013/6/4,10500
2013/6/5,10550
2013/6/6,10600
2013/6/7,10700
2013/6/13,10700
2013/6/14,10700
2013/6/17,10700
2013/6/18,10700
2013/6/19,10700
2013/6/20,10700
2013/6/21,10600
2013/6/24,10550
2013/6/25,10550
2013/6/26,10550
2013/6/27,10550
2013/6/28,10550
2013/7/1,10550
2013/7/2,10550
2013/7/3,10600
2013/7/4,10650
2013/7/5,10650
2013/7/8,10650
2013/7/9,10650
2013/7/10,10650
2013/7/11,10800
2013/7/12,10800
2013/7/15,10800
2013/7/16,10750
2013/7/17,10750
2013/7/18,10750
2013/7/19,10800
2013/7/22,10900
2013/7/23,10900
2013/7/24,10950
2013/7/25,11050
2013/7/26,11050
2013/7/29,11100
2013/7/30,11100
2013/7/31,11100
2013/8/1,11300
2013/8/2,11300
2013/8/5,11350
2013/8/6,11450
2013/8/7,11500
2013/8/8,11450
2013/8/9,11350
2013/8/12,11350
2013/8/13,11300
2013/8/14,11250
2013/8/15,11250
2013/8/16,11250
2013/8/19,11200
2013/8/20,11200
2013/8/21,11150
2013/8/22,11150
2013/8/23,11100
2013/8/26,11150
2013/8/27,11200
2013/8/28,11350
2013/8/29,11450
2013/8/30,11450
2013/9/2,11450
2013/9/3,11450
2013/9/4,11550
2013/9/5,11600
2013/9/6,11600
2013/9/9,11650
2013/9/10,11650
2013/9/11,11650
2013/9/12,11600
2013/9/13,11600
2013/9/16,11550
2013/9/17,11450
2013/9/18,11450
2013/9/23,11250
2013/9/24,11200
2013/9/25,11150
2013/9/26,11150
2013/9/27,11200
2013/9/30,#N/A
2013/10/8,11450
2013/10/9,11550
2013/10/10,11550
2013/10/11,11650
2013/10/14,11650
2013/10/15,11550
2013/10/16,11500
2013/10/17,11450
2013/10/18,11450
2013/10/21,11450
2013/10/22,11450
2013/10/23,11350
2013/10/24,11400
2013/10/25,11450
2013/10/28,11500
2013/10/29,11550
2013/10/30,11650
2013/10/31,11650
2013/11/1,11650
2013/11/4,11650
2013/11/5,11600
2013/11/6,11550
2013/11/7,11550
2013/11/8,11550
2013/11/11,11550
2013/11/12,11550
2013/11/13,11600
2013/11/14,11700
2013/11/15,11700
2013/11/18,11700
2013/11/19,11700
2013/11/20,11750
2013/11/21,11750
2013/11/22,11750
2013/11/25,11800
2013/11/26,11850
2013/11/27,11900
2013/11/28,11900
2013/11/29,11950
2013/12/2,11950
2013/12/3,12000
2013/12/4,12000
2013/12/5,12000
2013/12/6,12000
2013/12/9,11950
2013/12/10,11900
2013/12/11,11700
2013/12/12,11700
2013/12/13,11700
2013/12/16,11700
2013/12/17,11700
2013/12/18,11650
2013/12/19,11600
2013/12/20,11650
2013/12/23,11650
2013/12/24,11600
2013/12/25,11650
2013/12/26,11700
2013/12/27,11700
2013/12/30,11750
2013/12/31,11750
2014/1/2,11750
2014/1/3,11750
2014/1/6,11750
2014/1/7,11700
2014/1/8,11650
2014/1/9,11650
2014/1/10,11650
2014/1/13,11650
2014/1/14,11650
2014/1/15,11600
2014/1/16,11500
2014/1/17,11500
2014/1/20,11450
2014/1/21,11400
2014/1/22,11350
2014/1/23,11350
2014/1/24,11350
2014/1/27,11350
2014/1/28,11350
2014/1/29,11300
2014/1/30,11300
2014/2/7,11300
2014/2/10,11300
2014/2/11,11000
2014/2/12,10950
2014/2/13,10900
2014/2/14,10800
2014/2/17,10750
2014/2/18,10600
2014/2/19,10600
2014/2/20,10800
2014/2/21,10950
2014/2/24,11000
2014/2/25,11100
2014/2/26,11050
2014/2/27,11050
2014/2/28,11000
2014/3/3,10950
2014/3/4,10950
2014/3/5,10900
2014/3/6,10750
2014/3/7,10750
2014/3/10,10700
2014/3/11,10650
2014/3/12,10700
2014/3/13,10800
2014/3/14,10850
2014/3/17,10900
2014/3/18,10900
2014/3/19,10900
2014/3/20,10900
2014/3/21,10900
2014/3/24,10900
2014/3/25,10950
2014/3/26,11000
2014/3/27,11000
2014/3/28,11050
2014/3/31,11150
2014/4/1,11200
2014/4/2,11300
2014/4/3,11400
2014/4/4,11450
2014/4/8,11400
2014/4/9,11350
2014/4/10,11350
2014/4/11,11350
2014/4/14,11450
2014/4/15,11500
2014/4/16,11550
2014/4/17,11650
2014/4/18,11650
2014/4/21,11700
2014/4/22,11750
2014/4/23,11750
2014/4/24,11750
2014/4/25,11650
2014/4/28,11550
2014/4/29,11550
2014/4/30,11550
2014/5/5,11650
2014/5/6,11650
2014/5/7,11700
2014/5/8,11700
2014/5/9,11700
2014/5/12,11600
2014/5/13,11600
2014/5/14,11550
2014/5/15,11500
2014/5/16,11400
2014/5/19,11450
2014/5/20,11500
2014/5/21,11600
2014/5/22,11650
2014/5/23,11650
2014/5/26,11650
2014/5/27,11650
2014/5/28,11600
2014/5/29,11600
2014/5/30,11600
2014/6/3,11650
2014/6/4,11750
2014/6/5,11800
2014/6/6,11800
2014/6/9,11850
2014/6/10,11850
2014/6/11,11900
2014/6/12,11950
2014/6/13,12000
2014/6/16,12000
2014/6/17,11900
2014/6/18,11900
2014/6/19,11800
2014/6/20,11750
2014/6/23,11700
2014/6/24,11650
2014/6/25,11600
2014/6/26,11600
2014/6/27,11650
2014/6/30,11750
2014/7/1,11850
2014/7/2,11850
2014/7/3,11900
2014/7/4,11900
2014/7/7,12000
2014/7/8,11950
2014/7/9,11900
2014/7/10,11750
2014/7/11,11750
2014/7/14,11750
2014/7/15,11750
2014/7/16,11700
2014/7/17,11750
2014/7/18,11600
2014/7/21,11550
2014/7/22,11550
2014/7/23,11650
2014/7/24,11650
2014/7/25,11600
2014/7/28,11700
2014/7/29,11700
2014/7/30,11750
2014/7/31,11700
2014/8/1,11650
2014/8/4,11650
2014/8/5,11600
2014/8/6,11550
2014/8/7,11500
2014/8/8,11400
2014/8/11,11350
2014/8/12,11300
2014/8/13,11150
2014/8/14,11000
2014/8/15,11100
2014/8/18,11250
2014/8/19,11250
2014/8/20,11200
2014/8/21,11150
2014/8/22,11200
2014/8/25,11150
2014/8/26,11050
2014/8/27,11000
2014/8/28,11000
2014/8/29,11000
2014/9/1,10950
2014/9/2,11000
2014/9/3,11100
2014/9/4,11100
2014/9/5,11050
2014/9/9,10900
2014/9/10,10800
2014/9/11,10650
2014/9/12,10650
2014/9/15,10700
2014/9/16,10650
2014/9/17,10600
2014/9/18,10500
2014/9/19,10450
2014/9/22,10300
2014/9/23,10150
2014/9/24,10200
2014/9/25,10350
2014/9/26,10400
2014/9/29,10550
2014/9/30,10580
2014/10/8,10500
2014/10/9,10400
2014/10/10,10250
2014/10/13,10200
2014/10/14,10300
2014/10/15,10200
2014/10/16,10200
2014/10/17,10200
2014/10/20,10200
2014/10/21,10200
2014/10/22,10200
2014/10/23,10250
2014/10/24,10250
2014/10/27,10300
2014/10/28,10400
2014/10/29,10500
2014/10/30,10600
2014/10/31,10500
2014/11/3,10550
2014/11/4,10500
2014/11/5,10450
2014/11/6,10500
2014/11/7,10500
2014/11/10,10550
2014/11/11,10450
2014/11/12,10500
2014/11/13,10500
2014/11/14,10400
2014/11/17,10400
2014/11/18,10350
2014/11/19,10300
2014/11/20,10300
2014/11/21,10300
2014/11/24,10300
2014/11/25,10300
2014/11/26,10250
2014/11/27,10250
2014/11/28,10100
2014/12/1,10000
2014/12/2,10000
2014/12/3,9900
2014/12/4,9700
2014/12/5,9600
2014/12/8,9450
2014/12/9,9300
2014/12/10,9100
2014/12/11,9000
2014/12/12,8900
2014/12/15,8900
2014/12/16,9000
2014/12/17,9000
2014/12/18,9200
2014/12/19,9350
2014/12/22,9650
2014/12/23,9550
2014/12/24,9400
2014/12/25,9350
2014/12/26,9250
2014/12/29,9200
2014/12/30,9300
2014/12/31,9500
2015/1/5,9400
2015/1/6,9300
2015/1/7,9100
2015/1/8,8900
2015/1/9,8700
2015/1/12,8650
2015/1/13,8600
2015/1/14,8750
2015/1/15,9100
2015/1/16,9100
2015/1/19,9150
2015/1/20,9075
2015/1/21,9025
2015/1/22,8950
2015/1/23,8800
2015/1/26,8650
2015/1/27,8600
2015/1/28,8650
2015/1/29,8700
2015/1/30,8700
2015/2/2,8875
2015/2/3,9050
2015/2/4,9100
2015/2/5,8800
2015/2/6,8950
2015/2/9,8950
2015/2/10,9050
2015/2/11,9000
2015/2/12,9000
2015/2/13,9100
2015/2/16,9100
2015/2/17,9150
2015/2/25,9150
2015/2/26,9250
2015/2/27,9300
2015/3/2,9500
2015/3/3,9450
2015/3/4,9400
2015/3/5,9300
2015/3/6,9200
2015/3/9,9150
2015/3/10,9250
2015/3/11,9150
2015/3/12,9250
2015/3/13,9250
2015/3/16,9275
2015/3/17,9300
2015/3/18,9250
2015/3/19,9350
2015/3/20,9300
2015/3/23,9600
2015/3/24,9700
2015/3/25,9750
2015/3/26,9800
2015/3/27,9800
2015/3/30,9800
2015/3/31,9925
2015/4/1,9975
2015/4/2,10200
2015/4/3,10100
2015/4/7,10100
2015/4/8,10175
2015/4/9,10100
2015/4/10,9950
2015/4/13,9950
2015/4/14,9900
2015/4/15,9850
2015/4/16,9950
2015/4/17,10050
2015/4/20,10100
2015/4/21,10200
2015/4/22,10100
2015/4/23,10200
2015/4/24,10300
2015/4/27,10450
2015/4/28,10450
2015/4/29,10400
2015/4/30,10550
2015/5/4,10600
2015/5/5,10550
2015/5/6,10550
2015/5/7,10400
2015/5/8,10250
2015/5/11,10100
2015/5/12,10000
2015/5/13,9950
2015/5/14,9900
2015/5/15,9900
2015/5/18,9800
2015/5/19,9650
2015/5/20,9550
2015/5/21,9700
2015/5/22,9800
2015/5/25,9800
2015/5/26,9800
2015/5/27,9600
2015/5/28,9400
2015/5/29,9400
2015/6/1,9450
2015/6/2,9400
2015/6/3,9400
2015/6/4,9450
2015/6/5,9500
2015/6/8,9450
2015/6/9,9350
2015/6/10,9450
2015/6/11,9650
2015/6/12,9550
2015/6/15,9550
2015/6/16,9650
2015/6/17,9550
2015/6/18,9450
2015/6/19,9500
2015/6/23,9500
2015/6/24,9550
2015/6/25,9550
2015/6/26,9650
2015/6/29,9600
2015/6/30,9650
2015/7/1,9700
2015/7/2,9650
2015/7/3,9650
2015/7/6,9550
2015/7/7,9250
2015/7/8,8750
2015/7/9,9250
2015/7/10,9350
2015/7/13,9350
2015/7/14,9350
2015/7/15,9300
2015/7/16,9200
2015/7/17,9150
2015/7/20,9100
2015/7/21,9050
2015/7/22,9150
2015/7/23,9200
2015/7/24,9000
2015/7/27,8750
2015/7/28,8800
2015/7/29,8950
2015/7/30,8950
2015/7/31,8800
2015/8/3,8700
2015/8/4,8650
2015/8/5,8850
2015/8/6,8800
2015/8/7,8750
2015/8/10,8800
2015/8/11,9050
2015/8/12,9100
2015/8/13,9100
2015/8/14,9100
2015/8/17,9020
2015/8/18,8850
2015/8/19,8850
2015/8/20,8700
2015/8/21,8750
2015/8/24,8600
2015/8/25,8650
2015/8/26,8600
2015/8/27,8750
2015/8/28,8900
2015/8/31,8900
2015/9/1,9000
2015/9/2,8950
2015/9/7,8950
2015/9/8,8850
2015/9/9,8900
2015/9/10,8800
2015/9/11,8850
2015/9/14,8800
2015/9/15,8700
2015/9/16,8700
2015/9/17,8750
2015/9/18,8700
2015/9/21,8650
2015/9/22,8650
2015/9/23,8650
2015/9/24,8600
2015/9/25,8550
2015/9/28,8500
2015/9/29,8400
2015/9/30,8400
2015/10/8,8500
2015/10/9,8650
2015/10/12,8650
2015/10/13,8600
2015/10/14,8550
2015/10/15,8500
2015/10/16,8480
2015/10/19,8450
2015/10/20,8400
2015/10/21,8400
2015/10/22,8500
2015/10/23,8400
2015/10/26,8350
2015/10/27,8300
2015/10/28,8400
2015/10/29,8400
2015/10/30,8350
2015/11/2,8350
2015/11/3,8330
2015/11/4,8400
2015/11/5,8300
2015/11/6,8300
2015/11/9,8300
2015/11/10,8250
2015/11/11,8270
2015/11/12,8220
2015/11/13,8200
2015/11/16,8120
2015/11/17,8120
2015/11/18,8090
2015/11/19,8050
2015/11/20,7950
2015/11/23,7950
2015/11/24,8100
2015/11/25,8200
2015/11/26,8250
2015/11/27,8300
2015/11/30,8350
2015/12/1,8350
2015/12/2,8450
2015/12/3,8500
2015/12/4,8450
2015/12/7,8450
2015/12/8,8300
2015/12/9,8350
2015/12/10,8350
2015/12/11,8250
2015/12/14,8220
2015/12/15,8250
2015/12/16,8280
2015/12/17,8350
2015/12/18,8400
2015/12/21,8450
2015/12/22,8500
2015/12/23,8550
2015/12/24,8550
2015/12/25,8550
2015/12/28,8600
2015/12/29,8700
2015/12/30,8700
2015/12/31,8700
2016/1/4,8750
2016/1/5,8750
2016/1/6,8700
2016/1/7,8600
2016/1/8,8550
2016/1/11,8550
2016/1/12,8450
2016/1/13,8400
2016/1/14,8350
2016/1/15,8400
2016/1/18,8450
2016/1/19,8550
2016/1/20,8480
2016/1/21,8450
2016/1/22,8500
2016/1/25,8550
2016/1/26,8650
2016/1/27,8700
2016/1/28,8700
2016/1/29,8600
2016/2/1,8580
2016/2/2,8550
2016/2/3,8550
2016/2/4,8550
2016/2/5,8600
2016/2/15,8600
2016/2/16,8600
2016/2/17,8550
2016/2/18,8550
2016/2/19,8700
2016/2/22,8750
2016/2/23,8700
2016/2/24,8750
2016/2/25,8850
2016/2/26,8750
2016/2/29,8800
2016/3/1,8880
2016/3/2,9000
2016/3/3,8950
2016/3/4,9050
2016/3/7,9050
2016/3/8,9000
2016/3/9,9050
2016/3/10,8950
2016/3/11,8900
2016/3/14,8850
2016/3/15,8850
2016/3/16,9050
2016/3/17,9250
2016/3/18,9350
2016/3/21,9400
2016/3/22,9300
2016/3/23,9300
2016/3/24,9300
2016/3/25,9400
2016/3/28,9400
2016/3/29,9420
2016/3/30,9420
2016/3/31,9420
2016/4/1,9550
2016/4/5,9500
2016/4/6,9350
2016/4/7,9300
2016/4/8,9200
2016/4/11,9150
2016/4/12,9150
2016/4/13,9150
2016/4/14,9100
2016/4/15,8950
2016/4/18,8850
2016/4/19,8750
2016/4/20,8650
2016/4/21,8650
2016/4/22,8650
2016/4/25,8750
2016/4/26,8850
2016/4/27,8800
2016/4/28,8750
2016/4/29,8700
2016/5/3,8480
2016/5/4,8490
2016/5/5,8470
2016/5/6,8380
2016/5/9,8350
2016/5/10,8370
2016/5/11,8500
2016/5/12,8450
2016/5/13,8400
2016/5/16,8400
2016/5/17,8380
2016/5/18,8450
2016/5/19,8450
2016/5/20,8450
2016/5/23,8450
2016/5/24,8450
2016/5/25,8450
2016/5/26,8430
2016/5/27,8350
2016/5/30,8330
2016/5/31,8390
2016/6/1,8380
2016/6/2,8340
2016/6/3,8380
2016/6/6,8400
2016/6/7,8450
2016/6/8,8480
2016/6/13,8450
2016/6/14,8500
2016/6/15,8520
2016/6/16,8600
2016/6/17,8600
2016/6/20,8750
2016/6/21,8750
2016/6/22,8800
2016/6/23,8800
2016/6/24,8800
2016/6/27,8900
2016/6/28,9000
2016/6/29,8950
2016/6/30,8900
2016/7/1,9000
2016/7/4,9250
2016/7/5,9250
2016/7/6,9250
2016/7/7,9300
2016/7/8,9000
2016/7/11,9000
2016/7/12,9150
2016/7/13,9000
2016/7/14,9100
2016/7/15,9000
2016/7/18,8900
2016/7/19,8750
2016/7/20,8750
2016/7/21,8800
2016/7/22,8950
2016/7/25,8750
2016/7/26,8700
2016/7/27,8700
2016/7/28,8950
2016/7/29,8900
2016/8/1,9200
2016/8/2,9000
2016/8/3,8950
2016/8/4,8900
2016/8/5,9050
2016/8/8,9000
2016/8/9,9050
2016/8/10,8980
2016/8/11,8950
2016/8/12,8950
2016/8/15,8950
2016/8/16,8950
2016/8/17,8900
2016/8/18,8950
2016/8/19,8970
2016/8/22,8900
2016/8/23,9000
2016/8/24,9000
2016/8/25,9050
2016/8/26,9050
2016/8/29,8950
2016/8/30,8850
2016/8/31,8900
2016/9/1,8850
2016/9/2,8850
2016/9/5,8850
2016/9/6,8880
2016/9/7,8900
2016/9/8,9000
2016/9/9,9000
2016/9/12,8800
2016/9/13,8800
2016/9/14,8850
2016/9/19,8800
2016/9/20,8700
2016/9/21,8700
2016/9/22,8700
2016/9/23,8600
2016/9/26,8650
2016/9/27,8680
2016/9/28,8680
2016/9/29,8750
2016/9/30,8750
2016/10/10,9100
2016/10/11,9250
2016/10/12,9180
2016/10/13,9130
2016/10/14,9100
2016/10/17,9150
2016/10/18,9250
2016/10/19,9250
2016/10/20,9300
2016/10/21,9300
2016/10/24,9400
2016/10/25,9550
2016/10/26,9450
2016/10/27,9450
2016/10/28,9600
2016/10/31,9900
2016/11/1,9850
2016/11/2,9750
2016/11/3,9850
2016/11/4,9700
2016/11/7,9680
2016/11/8,9800
2016/11/9,10000
2016/11/10,10000
2016/11/11,10100
2016/11/14,10050
2016/11/15,9750
2016/11/16,9600
2016/11/17,9600
2016/11/18,9500
2016/11/21,9350
2016/11/22,9650
2016/11/23,9400
2016/11/24,9300
2016/11/25,9350
2016/11/28,9450
2016/11/29,9450
2016/11/30,9350
2016/12/1,9400
2016/12/2,9430
2016/12/5,9650
2016/12/6,9650
2016/12/7,9850
2016/12/8,9900
2016/12/9,10000
2016/12/12,10150
2016/12/13,10150
2016/12/14,10100
2016/12/15,9930
2016/12/16,9980
2016/12/19,9900
2016/12/20,9700
2016/12/21,9700
2016/12/22,9800
2016/12/23,9750
2016/12/26,9750
2016/12/27,9900
2016/12/28,9950
2016/12/29,10000
2016/12/30,9750
2017/1/3,9700
2017/1/4,9700
2017/1/5,9750
2017/1/6,9750
2017/1/9,9750
2017/1/10,9800
2017/1/11,9800
2017/1/12,9800
2017/1/13,9850
2017/1/16,10050
2017/1/17,10000
2017/1/18,10000
2017/1/19,10000
2017/1/20,10000
2017/1/23,10100
2017/1/24,10100
2017/1/25,10100
2017/1/26,10100
2017/2/3,10050
2017/2/6,10050
2017/2/7,10050
2017/2/8,10000
2017/2/9,10050
2017/2/10,10000
2017/2/13,10200
2017/2/14,10150
2017/2/15,10000
2017/2/16,9800
2017/2/17,9750
2017/2/20,9800
2017/2/21,9700
2017/2/22,9700
2017/2/23,9500
2017/2/24,9550
2017/2/27,9600
2017/2/28,9500
2017/3/1,9500
2017/3/2,9450
2017/3/3,9500
2017/3/6,9550
2017/3/7,9520
2017/3/8,9250
2017/3/9,9240
2017/3/10,9150
2017/3/13,9100
2017/3/14,9180
2017/3/15,9200
2017/3/16,9250
2017/3/17,9300
2017/3/20,9300
2017/3/21,9380
2017/3/22,9250
2017/3/23,9300
2017/3/24,9250
2017/3/27,9100
2017/3/28,9150
2017/3/29,9200
2017/3/30,9100
2017/3/31,9100
2017/4/5,9300
2017/4/6,9350
2017/4/7,9380
2017/4/10,9220
2017/4/11,9250
2017/4/12,9100
2017/4/13,9150
2017/4/14,9050
2017/4/17,9000
2017/4/18,8950
2017/4/19,8900
2017/4/20,8860
2017/4/21,8850
2017/4/24,8680
2017/4/25,8680
2017/4/26,8680
2017/4/27,8710
2017/4/28,8800
2017/5/2,8850
2017/5/3,8800
2017/5/4,8700
2017/5/5,8650
2017/5/8,8750
2017/5/9,8670
2017/5/10,8640
2017/5/11,8650
2017/5/12,8700
2017/5/15,8850
2017/5/16,8950
2017/5/17,9000
2017/5/18,9050
2017/5/19,9230
2017/5/22,9180
2017/5/23,9200
2017/5/24,9150
2017/5/25,9150
2017/5/26,9100
2017/5/31,9030
2017/6/1,9100
2017/6/2,8930
2017/6/5,8900
2017/6/6,8900
2017/6/7,8910
2017/6/8,8920
2017/6/9,8950
2017/6/12,9100
2017/6/13,9050
2017/6/14,8930
2017/6/15,8870
2017/6/16,8870
2017/6/19,8960
2017/6/20,8950
2017/6/21,8870
2017/6/22,8830
2017/6/23,8750
2017/6/26,8850
2017/6/27,8900
2017/6/28,8880
2017/6/29,8900
2017/6/30,8950
2017/7/3,8970
2017/7/4,8880
2017/7/5,8850
2017/7/6,8950
2017/7/7,8950
2017/7/10,8860
2017/7/11,8980
2017/7/12,9000
2017/7/13,9050
2017/7/14,9050
2017/7/17,9050
2017/7/18,9100
2017/7/19,9120
2017/7/20,9450
2017/7/21,9420
2017/7/24,9450
2017/7/25,9450
2017/7/26,9300
2017/7/27,9400
2017/7/28,9270
2017/7/31,9250
2017/8/1,9400
2017/8/2,9400
2017/8/3,9350
2017/8/4,9350
2017/8/7,9300
2017/8/8,9350
2017/8/9,9400
2017/8/10,9420
2017/8/11,9300
2017/8/14,9300
2017/8/15,9200
2017/8/16,9230
2017/8/17,9350
2017/8/18,9400
2017/8/21,9450
2017/8/22,9450
2017/8/23,9500
2017/8/24,9600
2017/8/25,9650
2017/8/28,9550
2017/8/29,9650
2017/8/30,9680
2017/8/31,9700
2017/9/1,9800
2017/9/4,10050
2017/9/5,10000
2017/9/6,10000
2017/9/7,9920
2017/9/8,9850
2017/9/11,9800
2017/9/12,9800
2017/9/13,9700
2017/9/14,9600
2017/9/15,9520
2017/9/18,9500
2017/9/19,9500
2017/9/20,9500
2017/9/21,9340
2017/9/22,9350
2017/9/25,9400
2017/9/26,9450
2017/9/27,9500
2017/9/28,9250
2017/9/29,9350
2017/10/9,9350
2017/10/10,9400
2017/10/11,9350
2017/10/12,9310
2017/10/13,9450
2017/10/16,9530
2017/10/17,9600
2017/10/18,9650
2017/10/19,9500
2017/10/20,9690
2017/10/23,9650
2017/10/24,9700
2017/10/25,9650
2017/10/26,9600
2017/10/27,9500
2017/10/30,9500
2017/10/31,9450
2017/11/1,9400
2017/11/2,9450
2017/11/3,9600
2017/11/6,9680
2017/11/7,9700
2017/11/8,9750
2017/11/9,9750
2017/11/10,9750
2017/11/13,9650
2017/11/14,9650
2017/11/15,9520
2017/11/16,9550
2017/11/17,9500
2017/11/20,9550
2017/11/21,9650
2017/11/22,9700
2017/11/23,9630
2017/11/24,9650
2017/11/27,9530
2017/11/28,9450
2017/11/29,9480
2017/11/30,9470
2017/12/1,9570
2017/12/4,9650
2017/12/5,9630
2017/12/6,9580
2017/12/7,9460
2017/12/8,9600
2017/12/11,9550
2017/12/12,9570
2017/12/13,9550
2017/12/14,9530
2017/12/15,9500
2017/12/18,9490
2017/12/19,9530
2017/12/20,9570
2017/12/21,9550
2017/12/22,9480
2017/12/25,9450
2017/12/26,9420
2017/12/27,9600
2017/12/28,9600
2017/12/29,9500
2018/1/2,9750
2018/1/3,9700
2018/1/4,9650
2018/1/5,9650
2018/1/8,9650
2018/1/9,9600
2018/1/10,9650
2018/1/11,9700
2018/1/12,9700
2018/1/15,9800
2018/1/16,9700
2018/1/17,9700
2018/1/18,9650
2018/1/19,9600
2018/1/22,9650
2018/1/23,9650
2018/1/24,9650
2018/1/25,9650
2018/1/26,9650
2018/1/29,9650
2018/1/30,9600
2018/1/31,9550
2018/2/1,9550
2018/2/2,9500
2018/2/5,9450
2018/2/6,9450
2018/2/7,9400
2018/2/8,9450
2018/2/9,9450
2018/2/12,9450
2018/2/13,9450
2018/2/14,9450
2018/2/22,9400
2018/2/23,9450
2018/2/26,9300
2018/2/27,9270
2018/2/28,9280
2018/3/1,9350
2018/3/2,9400
2018/3/5,9350
2018/3/6,9300
2018/3/7,9350
2018/3/8,9150
2018/3/9,9130
2018/3/12,9000
2018/3/13,9050
2018/3/14,9200
2018/3/15,9200
2018/3/16,9120
2018/3/19,9200
2018/3/20,9150
2018/3/21,9160
2018/3/22,9200
2018/3/23,9000
2018/3/26,8940
2018/3/27,9050
2018/3/28,9010
2018/3/29,9100
2018/3/30,9090
2018/4/2,9150
2018/4/3,9150
2018/4/4,9100
2018/4/9,9250
2018/4/10,9270
2018/4/11,9350
2018/4/12,9300
2018/4/13,9350
2018/4/16,9255
2018/4/17,9250
2018/4/18,9350
2018/4/19,9350
2018/4/20,9300
2018/4/23,9270
2018/4/24,9350
2018/4/25,9320
2018/4/26,9320
2018/4/27,9400
2018/5/2,9400
2018/5/3,9450
2018/5/4,9600
2018/5/7,9600
2018/5/8,9550
2018/5/9,9600
2018/5/10,9570
2018/5/11,9570
2018/5/14,9570
2018/5/15,9570
2018/5/16,9570
2018/5/17,9530
2018/5/18,9550
2018/5/21,9500
2018/5/22,9500
2018/5/23,9410
2018/5/24,9370
2018/5/25,9350
2018/5/28,9350
2018/5/29,9310
2018/5/30,9300
2018/5/31,9300
2018/6/1,9350
2018/6/4,9350
2018/6/5,9300
2018/6/6,9300
2018/6/7,9300
2018/6/8,9300
2018/6/11,9300
2018/6/12,9300
2018/6/13,9300
2018/6/14,9280
2018/6/15,9250
2018/6/19,9170
2018/6/20,9170
2018/6/21,9150
2018/6/22,9100
2018/6/25,9100
2018/6/26,9150
2018/6/27,9200
2018/6/28,9200
2018/6/29,9250
2018/7/2,9300
2018/7/3,9270
2018/7/4,9270
2018/7/5,9270
2018/7/6,9270
2018/7/9,9200
2018/7/10,9200
2018/7/11,9200
2018/7/12,9250
2018/7/13,9300
2018/7/16,9320
2018/7/17,9320
2018/7/18,9320
2018/7/19,9280
2018/7/20,9300
2018/7/23,9330
2018/7/24,9350
2018/7/25,9400
2018/7/26,9380
2018/7/27,9370
2018/7/30,9420
2018/7/31,9430
2018/8/1,9400
2018/8/2,9450
2018/8/3,9550
2018/8/6,9600
2018/8/7,9610
2018/8/8,9610
2018/8/9,9630
2018/8/10,9600
2018/8/13,9600
2018/8/14,9600
2018/8/15,9600
2018/8/16,9610
2018/8/17,9700
2018/8/20,9530
2018/8/21,9530
2018/8/22,9520
2018/8/23,9550
2018/8/24,9480
2018/8/27,9480
2018/8/28,9440
2018/8/29,9400
2018/8/30,9380
2018/8/31,9400
2018/9/3,9280
2018/9/4,9350
2018/9/5,9380
2018/9/6,9370
2018/9/7,9400
2018/9/10,9430
2018/9/11,9400
2018/9/12,9400
2018/9/13,9400
2018/9/14,9450
2018/9/17,9400
2018/9/18,9550
2018/9/19,9550
2018/9/20,9650
2018/9/21,9650
2018/9/25,9600
2018/9/26,9550
2018/9/27,9630
2018/9/28,9650
2018/10/8,9700
2018/10/9,9800
2018/10/10,9770
2018/10/11,9650
2018/10/12,9650
2018/10/15,9650
2018/10/16,9550
2018/10/17,9600
2018/10/18,9650
2018/10/19,9600
2018/10/22,9600
2018/10/23,9600
2018/10/24,9550
2018/10/25,9460
2018/10/26,9500
2018/10/29,9410
2018/10/30,9400
2018/10/31,9400
2018/11/1,9350
2018/11/2,9350
2018/11/5,9420
2018/11/6,9350
2018/11/7,9350
2018/11/8,9350
2018/11/9,9350
2018/11/12,9300
2018/11/13,9300
2018/11/14,9300
2018/11/15,9320
2018/11/16,9320
2018/11/19,9330
2018/11/20,9250
2018/11/21,9200
2018/11/22,9180
2018/11/23,9080
2018/11/26,9050
2018/11/27,8950
2018/11/28,9050
2018/11/29,9050
2018/11/30,9050
2018/12/3,9200
2018/12/4,9300
2018/12/5,9280
2018/12/6,9370
2018/12/7,9300
2018/12/10,9300
