日期,MEG
2006-12-18,8080.0
2006-12-19,8100.0
2006-12-20,8110.0
2006-12-21,8110.0
2006-12-22,8110.0
2006-12-26,8110.0
2006-12-27,8090.0
2006-12-28,8100.0
2006-12-29,8100.0
2007-01-04,8135.0
2007-01-05,8135.0
2007-01-08,8150.0
2007-01-09,8185.0
2007-01-10,8190.0
2007-01-11,8210.0
2007-01-12,8190.0
2007-01-15,8225.0
2007-01-17,8200.0
2007-01-18,8175.0
2007-01-19,8125.0
2007-01-22,8125.0
2007-01-23,8100.0
2007-01-24,8100.0
2007-01-25,8100.0
2007-01-26,8100.0
2007-01-29,8115.0
2007-01-30,8115.0
2007-01-31,8125.0
2007-02-01,8125.0
2007-02-02,8125.0
2007-02-05,8150.0
2007-02-06,8175.0
2007-02-07,8175.0
2007-02-08,8175.0
2007-02-09,8175.0
2007-02-12,8185.0
2007-02-13,8215.0
2007-02-14,8215.0
2007-02-15,8215.0
2007-02-16,8215.0
2007-02-26,8215.0
2007-02-27,8225.0
2007-02-28,8225.0
2007-03-01,8275.0
2007-03-02,8290.0
2007-03-05,8315.0
2007-03-06,8325.0
2007-03-07,8325.0
2007-03-08,8325.0
2007-03-09,8275.0
2007-03-12,8225.0
2007-03-13,8175.0
2007-03-14,8150.0
2007-03-15,8050.0
2007-03-16,8025.0
2007-03-19,7975.0
2007-03-20,7975.0
2007-03-21,8025.0
2007-03-22,8025.0
2007-03-23,8025.0
2007-03-26,8100.0
2007-03-27,8150.0
2007-03-28,8150.0
2007-03-29,8150.0
2007-03-30,8165.0
2007-04-02,8225.0
2007-04-03,8275.0
2007-04-04,8250.0
2007-04-05,8275.0
2007-04-06,8275.0
2007-04-10,8225.0
2007-04-11,8225.0
2007-04-12,8265.0
2007-04-13,8325.0
2007-04-16,8450.0
2007-04-17,8475.0
2007-04-18,8425.0
2007-04-19,8425.0
2007-04-20,8425.0
2007-04-23,8425.0
2007-04-24,8450.0
2007-04-25,8475.0
2007-04-26,8525.0
2007-04-27,8525.0
2007-04-30,8525.0
2007-05-08,8575.0
2007-05-09,8575.0
2007-05-10,8625.0
2007-05-11,8700.0
2007-05-14,8765.0
2007-05-15,8775.0
2007-05-16,8775.0
2007-05-17,8775.0
2007-05-18,8800.0
2007-05-21,8825.0
2007-05-22,8825.0
2007-05-23,8800.0
2007-05-24,8850.0
2007-05-25,8875.0
2007-05-28,8875.0
2007-05-29,8925.0
2007-05-30,8940.0
2007-05-31,8925.0
2007-06-01,8900.0
2007-06-04,8890.0
2007-06-05,8875.0
2007-06-06,8775.0
2007-06-07,8675.0
2007-06-08,8575.0
2007-06-11,8575.0
2007-06-12,8525.0
2007-06-13,8475.0
2007-06-14,8475.0
2007-06-15,8490.0
2007-06-18,8540.0
2007-06-19,8575.0
2007-06-20,8600.0
2007-06-21,8590.0
2007-06-22,8575.0
2007-06-25,8550.0
2007-06-26,8535.0
2007-06-27,8525.0
2007-06-28,8515.0
2007-06-29,8515.0
2007-07-02,8530.0
2007-07-03,8515.0
2007-07-04,8540.0
2007-07-06,8565.0
2007-07-09,8590.0
2007-07-10,8590.0
2007-07-11,8590.0
2007-07-12,8610.0
2007-07-13,8625.0
2007-07-16,8650.0
2007-07-17,8690.0
2007-07-18,8690.0
2007-07-19,8715.0
2007-07-20,8750.0
2007-07-23,8775.0
2007-07-24,8775.0
2007-07-25,8775.0
2007-07-26,8775.0
2007-07-27,8775.0
2007-07-30,8775.0
2007-07-31,8800.0
2007-08-01,8815.0
2007-08-02,8815.0
2007-08-03,8815.0
2007-08-06,8875.0
2007-08-07,8850.0
2007-08-08,8875.0
2007-08-09,8890.0
2007-08-10,8890.0
2007-08-13,8975.0
2007-08-14,9050.0
2007-08-15,9200.0
2007-08-16,9375.0
2007-08-17,9450.0
2007-08-20,9750.0
2007-08-21,10450.0
2007-08-22,10550.0
2007-08-23,11000.0
2007-08-24,10900.0
2007-08-27,10800.0
2007-08-28,10700.0
2007-08-29,10600.0
2007-08-30,10600.0
2007-08-31,10625.0
2007-09-03,10700.0
2007-09-05,11500.0
2007-09-06,11850.0
2007-09-07,12200.0
2007-09-10,12700.0
2007-09-11,12850.0
2007-09-12,12750.0
2007-09-13,12500.0
2007-09-14,12000.0
2007-09-17,11950.0
2007-09-18,12000.0
2007-09-19,12150.0
2007-09-20,12350.0
2007-09-21,12450.0
2007-09-24,12450.0
2007-09-25,12400.0
2007-09-26,12350.0
2007-09-27,12250.0
2007-09-28,12200.0
2007-10-08,12200.0
2007-10-09,12200.0
2007-10-10,12350.0
2007-10-11,12375.0
2007-10-12,12400.0
2007-10-15,12500.0
2007-10-16,12600.0
2007-10-17,12625.0
2007-10-18,12700.0
2007-10-19,12750.0
2007-10-22,12900.0
2007-10-23,12950.0
2007-10-24,12940.0
2007-10-25,12825.0
2007-10-26,12825.0
2007-10-29,12850.0
2007-10-30,12950.0
2007-10-31,13000.0
2007-11-01,13240.0
2007-11-02,13300.0
2007-11-05,13550.0
2007-11-06,13875.0
2007-11-07,14400.0
2007-11-08,14850.0
2007-11-09,15050.0
2007-11-12,15150.0
2007-11-13,15450.0
2007-11-14,15475.0
2007-11-15,15375.0
2007-11-16,15325.0
2007-11-19,15325.0
2007-11-20,15025.0
2007-11-21,14750.0
2007-11-22,14250.0
2007-11-26,13875.0
2007-11-27,14300.0
2007-11-28,14450.0
2007-11-29,14500.0
2007-11-30,14450.0
2007-12-03,14250.0
2007-12-04,14150.0
2007-12-05,13950.0
2007-12-06,13600.0
2007-12-07,13625.0
2007-12-10,13450.0
2007-12-11,13150.0
2007-12-12,12950.0
2007-12-13,12700.0
2007-12-14,12650.0
2007-12-17,12675.0
2007-12-18,12700.0
2007-12-19,12800.0
2007-12-20,12900.0
2007-12-21,12900.0
2007-12-24,12900.0
2007-12-25,12850.0
2007-12-27,12650.0
2007-12-28,12625.0
2008-01-02,12725.0
2008-01-03,12675.0
2008-01-04,12650.0
2008-01-07,12525.0
2008-01-08,12475.0
2008-01-09,12250.0
2008-01-10,12125.0
2008-01-11,12175.0
2008-01-14,12050.0
2008-01-15,11600.0
2008-01-16,11550.0
2008-01-17,11350.0
2008-01-18,11250.0
2008-01-21,11050.0
2008-01-23,10550.0
2008-01-24,10250.0
2008-01-25,10175.0
2008-01-28,10050.0
2008-01-29,9950.0
2008-01-30,9900.0
2008-01-31,9800.0
2008-02-01,9650.0
2008-02-04,9650.0
2008-02-05,9650.0
2008-02-13,9550.0
2008-02-14,9550.0
2008-02-15,9650.0
2008-02-18,9650.0
2008-02-20,9625.0
2008-02-21,9650.0
2008-02-22,9675.0
2008-02-25,9725.0
2008-02-26,9815.0
2008-02-27,9925.0
2008-02-28,9965.0
2008-02-29,9975.0
2008-03-03,10050.0
2008-03-04,10040.0
2008-03-05,10010.0
2008-03-06,9875.0
2008-03-07,9825.0
2008-03-10,9750.0
2008-03-11,9725.0
2008-03-12,9675.0
2008-03-13,9625.0
2008-03-14,9575.0
2008-03-17,9575.0
2008-03-18,9675.0
2008-03-19,9725.0
2008-03-20,9725.0
2008-03-21,9715.0
2008-03-25,9650.0
2008-03-26,9625.0
2008-03-27,9610.0
2008-03-28,9590.0
2008-03-31,9590.0
2008-04-01,9510.0
2008-04-02,9500.0
2008-04-03,9425.0
2008-04-07,9250.0
2008-04-08,9165.0
2008-04-09,9165.0
2008-04-10,9125.0
2008-04-11,9125.0
2008-04-14,9090.0
2008-04-15,9090.0
2008-04-16,9135.0
2008-04-17,9135.0
2008-04-18,9125.0
2008-04-21,9065.0
2008-04-22,8895.0
2008-04-23,8825.0
2008-04-24,8765.0
2008-04-25,8790.0
2008-04-28,8825.0
2008-04-29,8825.0
2008-04-30,8825.0
2008-05-06,8690.0
2008-05-07,8685.0
2008-05-08,8675.0
2008-05-09,8660.0
2008-05-12,8690.0
2008-05-13,8725.0
2008-05-14,8825.0
2008-05-15,8825.0
2008-05-16,8825.0
2008-05-19,8825.0
2008-05-20,8825.0
2008-05-21,8840.0
2008-05-22,8875.0
2008-05-23,8875.0
2008-05-26,8900.0
2008-05-28,9025.0
2008-05-29,9025.0
2008-05-30,9040.0
2008-06-02,9185.0
2008-06-03,9225.0
2008-06-04,9350.0
2008-06-05,9425.0
2008-06-06,9650.0
2008-06-10,9810.0
2008-06-11,9875.0
2008-06-12,9825.0
2008-06-13,9775.0
2008-06-16,9675.0
2008-06-17,9525.0
2008-06-18,9375.0
2008-06-19,9190.0
2008-06-20,8950.0
2008-06-23,8875.0
2008-06-24,8875.0
2008-06-25,8875.0
2008-06-26,8775.0
2008-06-27,8775.0
2008-06-30,8775.0
2008-07-01,8775.0
2008-07-02,8790.0
2008-07-03,8805.0
2008-07-04,8805.0
2008-07-08,8815.0
2008-07-09,8825.0
2008-07-10,8775.0
2008-07-11,8775.0
2008-07-14,8740.0
2008-07-15,8650.0
2008-07-16,8575.0
2008-07-17,8525.0
2008-07-18,8475.0
2008-07-21,8350.0
2008-07-22,8300.0
2008-07-23,8075.0
2008-07-24,7975.0
2008-07-25,7925.0
2008-07-28,7850.0
2008-07-29,7825.0
2008-07-30,7700.0
2008-07-31,7750.0
2008-08-01,7790.0
2008-08-04,7825.0
2008-08-05,7790.0
2008-08-06,7735.0
2008-08-07,7625.0
2008-08-08,7600.0
2008-08-11,7500.0
2008-08-12,7375.0
2008-08-13,7265.0
2008-08-14,7125.0
2008-08-15,6925.0
2008-08-18,6925.0
2008-08-19,6975.0
2008-08-20,6975.0
2008-08-21,6950.0
2008-08-22,7025.0
2008-08-25,7050.0
2008-08-26,7125.0
2008-08-27,7275.0
2008-08-28,7325.0
2008-08-29,7325.0
2008-09-01,7325.0
2008-09-03,7050.0
2008-09-04,6900.0
2008-09-05,6750.0
2008-09-08,6675.0
2008-09-09,6625.0
2008-09-10,6625.0
2008-09-11,6675.0
2008-09-12,6725.0
2008-09-16,6725.0
2008-09-17,6600.0
2008-09-18,6500.0
2008-09-19,6500.0
2008-09-22,6575.0
2008-09-23,6675.0
2008-09-24,6625.0
2008-09-25,6625.0
2008-09-26,6625.0
2008-10-06,6525.0
2008-10-07,6425.0
2008-10-08,6315.0
2008-10-09,5975.0
2008-10-10,5875.0
2008-10-13,5575.0
2008-10-14,5525.0
2008-10-15,5290.0
2008-10-16,4825.0
2008-10-17,4425.0
2008-10-20,4150.0
2008-10-21,4325.0
2008-10-22,4200.0
2008-10-23,4075.0
2008-10-24,4050.0
2008-10-27,3950.0
2008-10-28,3650.0
2008-10-29,3450.0
2008-10-30,3475.0
2008-10-31,3475.0
2008-11-03,3525.0
2008-11-04,3525.0
2008-11-05,3650.0
2008-11-06,3750.0
2008-11-07,3650.0
2008-11-10,3675.0
2008-11-11,3675.0
2008-11-12,3725.0
2008-11-13,3725.0
2008-11-14,3725.0
2008-11-17,3725.0
2008-11-18,3735.0
2008-11-19,3825.0
2008-11-20,3810.0
2008-11-21,3750.0
2008-11-24,3725.0
2008-11-25,3725.0
2008-11-26,3700.0
2008-11-27,3725.0
2008-12-01,3760.0
2008-12-02,3760.0
2008-12-03,3825.0
2008-12-04,3875.0
2008-12-05,3875.0
2008-12-08,3900.0
2008-12-09,3975.0
2008-12-10,4025.0
2008-12-11,4040.0
2008-12-12,4125.0
2008-12-15,4170.0
2008-12-16,4215.0
2008-12-17,4275.0
2008-12-18,4325.0
2008-12-19,4375.0
2008-12-22,4500.0
2008-12-23,4625.0
2008-12-24,4590.0
2008-12-25,4475.0
2008-12-29,4325.0
2008-12-30,4325.0
2008-12-31,4325.0
2009-01-05,4100.0
2009-01-06,4135.0
2009-01-07,4200.0
2009-01-08,4200.0
2009-01-09,4200.0
2009-01-12,4225.0
2009-01-13,4225.0
2009-01-14,4265.0
2009-01-15,4265.0
2009-01-16,4300.0
2009-01-19,4275.0
2009-01-21,4290.0
2009-01-22,4290.0
2009-01-23,4290.0
2009-02-02,4325.0
2009-02-03,4350.0
2009-02-04,4375.0
2009-02-05,4410.0
2009-02-06,4410.0
2009-02-09,4475.0
2009-02-10,4500.0
2009-02-11,4525.0
2009-02-12,4465.0
2009-02-13,4375.0
2009-02-16,4345.0
2009-02-18,4075.0
2009-02-19,3965.0
2009-02-20,3925.0
2009-02-23,3925.0
2009-02-24,3925.0
2009-02-25,3900.0
2009-02-26,3850.0
2009-02-27,3825.0
2009-03-02,3775.0
2009-03-03,3675.0
2009-03-04,3635.0
2009-03-05,3590.0
2009-03-06,3610.0
2009-03-09,3635.0
2009-03-10,3635.0
2009-03-11,3655.0
2009-03-12,3655.0
2009-03-13,3645.0
2009-03-16,3625.0
2009-03-17,3610.0
2009-03-18,3650.0
2009-03-19,3675.0
2009-03-20,3725.0
2009-03-23,3775.0
2009-03-24,3775.0
2009-03-25,3775.0
2009-03-26,3765.0
2009-03-27,3790.0
2009-03-30,3800.0
2009-03-31,3900.0
2009-04-01,3975.0
2009-04-02,4175.0
2009-04-03,4350.0
2009-04-07,4475.0
2009-04-08,4250.0
2009-04-09,4225.0
2009-04-10,4175.0
2009-04-14,4175.0
2009-04-15,4240.0
2009-04-16,4390.0
2009-04-17,4415.0
2009-04-20,4650.0
2009-04-21,4775.0
2009-04-22,4775.0
2009-04-23,4625.0
2009-04-24,4625.0
2009-04-27,4625.0
2009-04-28,4625.0
2009-04-29,4625.0
2009-04-30,4625.0
2009-05-04,4625.0
2009-05-05,4575.0
2009-05-06,4525.0
2009-05-07,4455.0
2009-05-08,4490.0
2009-05-11,4525.0
2009-05-12,4510.0
2009-05-13,4510.0
2009-05-14,4395.0
2009-05-15,4375.0
2009-05-18,4325.0
2009-05-19,4275.0
2009-05-20,4275.0
2009-05-21,4325.0
2009-05-22,4365.0
2009-05-25,4390.0
2009-05-27,4390.0
2009-06-01,4475.0
2009-06-02,4475.0
2009-06-03,4625.0
2009-06-04,4540.0
2009-06-05,4560.0
2009-06-08,4545.0
2009-06-09,4510.0
2009-06-10,4540.0
2009-06-11,4625.0
2009-06-12,4675.0
2009-06-15,4675.0
2009-06-16,4765.0
2009-06-17,4815.0
2009-06-18,4900.0
2009-06-19,4925.0
2009-06-22,4890.0
2009-06-23,4825.0
2009-06-24,4825.0
2009-06-25,4850.0
2009-06-26,4905.0
2009-06-29,4990.0
2009-06-30,5125.0
2009-07-01,5175.0
2009-07-02,5275.0
2009-07-03,5275.0
2009-07-07,5375.0
2009-07-08,5425.0
2009-07-09,5475.0
2009-07-10,5525.0
2009-07-13,5525.0
2009-07-14,5425.0
2009-07-15,5300.0
2009-07-16,5300.0
2009-07-17,5365.0
2009-07-20,5400.0
2009-07-21,5510.0
2009-07-22,5575.0
2009-07-23,5575.0
2009-07-24,5575.0
2009-07-27,5725.0
2009-07-28,5875.0
2009-07-29,5890.0
2009-07-30,5925.0
2009-07-31,5950.0
2009-08-03,6100.0
2009-08-04,6225.0
2009-08-05,6265.0
2009-08-06,6245.0
2009-08-07,6175.0
2009-08-10,6100.0
2009-08-11,6125.0
2009-08-12,6225.0
2009-08-13,6225.0
2009-08-14,6275.0
2009-08-17,6290.0
2009-08-18,6225.0
2009-08-19,6250.0
2009-08-20,6175.0
2009-08-21,6110.0
2009-08-24,6125.0
2009-08-25,6110.0
2009-08-26,6085.0
2009-08-27,5975.0
2009-08-28,5975.0
2009-08-31,5950.0
2009-09-01,5925.0
2009-09-02,5850.0
2009-09-03,5790.0
2009-09-04,5790.0
2009-09-07,5975.0
2009-09-09,6005.0
2009-09-10,5980.0
2009-09-11,5980.0
2009-09-14,5925.0
2009-09-15,5800.0
2009-09-16,5825.0
2009-09-17,5810.0
2009-09-18,5775.0
2009-09-21,5765.0
2009-09-22,5640.0
2009-09-23,5610.0
2009-09-24,5575.0
2009-09-25,5575.0
2009-09-28,5565.0
2009-09-29,5565.0
2009-09-30,5565.0
2009-10-12,5650.0
2009-10-13,5790.0
2009-10-14,5875.0
2009-10-15,5975.0
2009-10-16,6025.0
2009-10-19,6125.0
2009-10-20,6100.0
2009-10-21,6010.0
2009-10-22,6060.0
2009-10-23,6025.0
2009-10-26,6075.0
2009-10-27,6125.0
2009-10-28,6125.0
2009-10-29,6075.0
2009-10-30,6075.0
2009-11-02,6075.0
2009-11-03,6110.0
2009-11-04,6225.0
2009-11-05,6275.0
2009-11-06,6355.0
2009-11-09,6375.0
2009-11-10,6455.0
2009-11-11,6510.0
2009-11-12,6555.0
2009-11-13,6475.0
2009-11-16,6515.0
2009-11-17,6665.0
2009-11-18,6725.0
2009-11-19,6690.0
2009-11-20,6725.0
2009-11-23,6875.0
2009-11-24,6925.0
2009-11-25,6975.0
2009-11-26,7050.0
2009-11-30,7025.0
2009-12-01,7025.0
2009-12-02,7125.0
2009-12-03,7225.0
2009-12-04,7325.0
2009-12-07,7475.0
2009-12-08,7475.0
2009-12-09,7425.0
2009-12-10,7275.0
2009-12-11,7275.0
2009-12-14,7275.0
2009-12-15,7250.0
2009-12-16,7250.0
2009-12-17,7300.0
2009-12-18,7240.0
2009-12-21,7215.0
2009-12-22,7215.0
2009-12-23,7215.0
2009-12-24,7215.0
2009-12-25,7215.0
2009-12-29,7450.0
2009-12-30,7475.0
2009-12-31,7475.0
2010-01-04,7750.0
2010-01-05,8100.0
2010-01-06,8100.0
2010-01-07,8100.0
2010-01-08,8025.0
2010-01-11,8100.0
2010-01-12,8100.0
2010-01-13,8100.0
2010-01-14,8290.0
2010-01-15,8500.0
2010-01-18,8600.0
2010-01-20,8875.0
2010-01-21,8875.0
2010-01-22,8525.0
2010-01-25,8475.0
2010-01-26,8425.0
2010-01-27,8275.0
2010-01-28,8125.0
2010-01-29,8125.0
2010-02-01,8200.0
2010-02-02,8325.0
2010-02-03,8425.0
2010-02-04,8475.0
2010-02-05,8425.0
2010-02-08,8425.0
2010-02-09,8425.0
2010-02-10,8375.0
2010-02-11,8375.0
2010-02-12,8375.0
2010-02-22,8525.0
2010-02-23,8510.0
2010-02-24,8510.0
2010-02-25,8375.0
2010-02-26,8275.0
2010-03-01,8175.0
2010-03-02,8025.0
2010-03-03,7925.0
2010-03-04,7775.0
2010-03-05,7775.0
2010-03-08,7825.0
2010-03-09,7925.0
2010-03-10,7715.0
2010-03-11,7615.0
2010-03-12,7605.0
2010-03-15,7505.0
2010-03-16,7490.0
2010-03-17,7625.0
2010-03-18,7730.0
2010-03-19,7675.0
2010-03-22,7625.0
2010-03-23,7615.0
2010-03-24,7575.0
2010-03-25,7625.0
2010-03-26,7675.0
2010-03-29,7700.0
2010-03-30,7725.0
2010-03-31,7700.0
2010-04-01,7650.0
2010-04-02,7675.0
2010-04-06,7875.0
2010-04-07,7900.0
2010-04-08,7900.0
2010-04-09,7850.0
2010-04-12,7825.0
2010-04-13,7765.0
2010-04-14,7690.0
2010-04-15,7715.0
2010-04-16,7665.0
2010-04-19,7550.0
2010-04-20,7500.0
2010-04-21,7550.0
2010-04-22,7475.0
2010-04-23,7525.0
2010-04-26,7525.0
2010-04-27,7475.0
2010-04-28,7425.0
2010-04-29,7365.0
2010-04-30,7325.0
2010-05-04,7390.0
2010-05-05,7325.0
2010-05-06,7275.0
2010-05-07,7100.0
2010-05-10,6975.0
2010-05-11,7025.0
2010-05-12,6950.0
2010-05-13,6825.0
2010-05-14,6650.0
2010-05-17,6325.0
2010-05-18,6325.0
2010-05-19,6350.0
2010-05-20,6425.0
2010-05-21,6275.0
2010-05-24,6350.0
2010-05-25,6250.0
2010-05-26,6175.0
2010-05-27,6175.0
2010-05-28,6275.0
2010-05-31,6300.0
2010-06-02,6125.0
2010-06-03,6175.0
2010-06-04,6125.0
2010-06-07,5925.0
2010-06-08,5900.0
2010-06-09,5950.0
2010-06-10,5975.0
2010-06-11,5950.0
2010-06-17,5875.0
2010-06-18,5825.0
2010-06-21,5875.0
2010-06-22,5975.0
2010-06-23,5900.0
2010-06-24,5900.0
2010-06-25,5875.0
2010-06-28,5925.0
2010-06-29,5850.0
2010-06-30,5775.0
2010-07-01,5800.0
2010-07-02,5815.0
2010-07-05,5810.0
2010-07-07,5810.0
2010-07-08,5875.0
2010-07-09,5860.0
2010-07-12,5835.0
2010-07-13,5800.0
2010-07-14,5810.0
2010-07-15,5750.0
2010-07-16,5725.0
2010-07-19,5750.0
2010-07-20,5775.0
2010-07-21,5810.0
2010-07-22,5815.0
2010-07-23,5865.0
2010-07-26,5875.0
2010-07-27,5900.0
2010-07-28,5940.0
2010-07-29,6000.0
2010-07-30,6200.0
2010-08-02,6375.0
2010-08-03,6475.0
2010-08-04,6375.0
2010-08-05,6250.0
2010-08-06,6175.0
2010-08-09,6365.0
2010-08-10,6375.0
2010-08-11,6375.0
2010-08-12,6275.0
2010-08-13,6300.0
2010-08-16,6375.0
2010-08-17,6450.0
2010-08-18,6400.0
2010-08-19,6385.0
2010-08-20,6375.0
2010-08-23,6350.0
2010-08-24,6365.0
2010-08-25,6365.0
2010-08-26,6365.0
2010-08-27,6425.0
2010-08-30,6510.0
2010-08-31,6465.0
2010-09-01,6465.0
2010-09-02,6500.0
2010-09-03,6515.0
2010-09-06,6540.0
2010-09-08,6515.0
2010-09-09,6490.0
2010-09-10,6490.0
2010-09-13,6525.0
2010-09-14,6570.0
2010-09-15,6565.0
2010-09-16,6555.0
2010-09-17,6565.0
2010-09-20,6600.0
2010-09-21,6610.0
2010-09-27,7075.0
2010-09-28,7050.0
2010-09-29,7025.0
2010-09-30,7025.0
2010-10-08,7375.0
2010-10-11,7825.0
2010-10-12,7850.0
2010-10-13,7815.0
2010-10-14,7875.0
2010-10-15,7875.0
2010-10-18,7825.0
2010-10-19,7750.0
2010-10-20,7625.0
2010-10-21,7765.0
2010-10-22,7725.0
2010-10-25,7700.0
2010-10-26,7675.0
2010-10-27,7640.0
2010-10-28,7590.0
2010-10-29,7625.0
2010-11-01,7715.0
2010-11-02,7775.0
2010-11-03,7875.0
2010-11-04,8050.0
2010-11-05,8425.0
2010-11-08,8975.0
2010-11-09,9200.0
2010-11-10,9100.0
2010-11-11,8775.0
2010-11-12,8450.0
2010-11-15,8350.0
2010-11-16,8410.0
2010-11-17,8200.0
2010-11-18,8200.0
2010-11-19,8325.0
2010-11-22,8300.0
2010-11-23,8130.0
2010-11-24,8075.0
2010-11-25,8075.0
2010-11-29,7875.0
2010-11-30,7890.0
2010-12-01,7925.0
2010-12-02,8175.0
2010-12-03,8825.0
2010-12-06,8300.0
2010-12-07,8175.0
2010-12-08,8200.0
2010-12-09,8175.0
2010-12-10,8175.0
2010-12-13,8275.0
2010-12-14,8325.0
2010-12-15,8290.0
2010-12-16,8275.0
2010-12-17,8300.0
2010-12-20,8350.0
2010-12-21,8400.0
2010-12-22,8450.0
2010-12-23,8465.0
2010-12-24,8515.0
2010-12-28,8615.0
2010-12-29,8600.0
2010-12-30,8625.0
2010-12-31,8640.0
2011-01-04,8800.0
2011-01-05,8855.0
2011-01-06,8975.0
2011-01-07,8900.0
2011-01-10,8875.0
2011-01-11,8875.0
2011-01-12,8925.0
2011-01-13,9025.0
2011-01-14,9075.0
2011-01-17,9125.0
2011-01-19,9275.0
2011-01-20,9275.0
2011-01-21,9310.0
2011-01-24,9450.0
2011-01-25,9475.0
2011-01-26,9495.0
2011-01-27,9525.0
2011-01-28,9525.0
2011-01-31,9525.0
2011-02-01,9525.0
2011-02-09,9600.0
2011-02-10,9800.0
2011-02-11,9925.0
2011-02-14,9850.0
2011-02-15,9900.0
2011-02-16,9900.0
2011-02-17,9875.0
2011-02-18,9800.0
2011-02-21,9735.0
2011-02-23,9825.0
2011-02-24,9825.0
2011-02-25,9725.0
2011-02-28,9825.0
2011-03-01,9925.0
2011-03-02,9895.0
2011-03-03,9900.0
2011-03-04,9825.0
2011-03-07,9825.0
2011-03-08,9725.0
2011-03-09,9775.0
2011-03-10,9675.0
2011-03-11,9625.0
2011-03-14,9615.0
2011-03-15,9600.0
2011-03-16,9525.0
2011-03-17,9525.0
2011-03-18,9550.0
2011-03-21,9575.0
2011-03-22,9550.0
2011-03-23,9525.0
2011-03-24,9515.0
2011-03-25,9475.0
2011-03-28,9375.0
2011-03-29,9275.0
2011-03-30,9225.0
2011-03-31,9075.0
2011-04-01,8800.0
2011-04-06,8625.0
2011-04-07,8625.0
2011-04-08,8690.0
2011-04-11,8900.0
2011-04-12,8825.0
2011-04-13,8750.0
2011-04-14,8800.0
2011-04-15,8835.0
2011-04-18,8725.0
2011-04-19,8650.0
2011-04-20,8550.0
2011-04-21,8645.0
2011-04-22,8650.0
2011-04-25,8650.0
2011-04-26,8675.0
2011-04-27,8715.0
2011-04-28,8825.0
2011-04-29,8815.0
2011-05-03,8840.0
2011-05-04,8765.0
2011-05-05,8625.0
2011-05-06,8525.0
2011-05-09,8515.0
2011-05-10,8545.0
2011-05-11,8575.0
2011-05-12,8525.0
2011-05-13,8550.0
2011-05-16,8615.0
2011-05-17,8650.0
2011-05-18,8735.0
2011-05-19,8800.0
2011-05-20,8735.0
2011-05-23,8715.0
2011-05-24,8655.0
2011-05-25,8715.0
2011-05-26,8775.0
2011-05-27,8800.0
2011-05-30,8950.0
2011-06-01,9650.0
2011-06-02,9150.0
2011-06-03,9200.0
2011-06-07,9400.0
2011-06-08,9550.0
2011-06-09,9525.0
2011-06-10,9425.0
2011-06-13,9350.0
2011-06-14,9325.0
2011-06-15,9475.0
2011-06-16,9475.0
2011-06-17,9500.0
2011-06-20,9425.0
2011-06-21,9400.0
2011-06-22,9425.0
2011-06-23,9445.0
2011-06-24,9475.0
2011-06-27,9425.0
2011-06-28,9400.0
2011-06-29,9375.0
2011-06-30,9425.0
2011-07-01,9400.0
2011-07-04,9425.0
2011-07-06,9400.0
2011-07-07,9365.0
2011-07-08,9300.0
2011-07-11,9200.0
2011-07-12,9000.0
2011-07-13,9050.0
2011-07-14,9100.0
2011-07-15,9115.0
2011-07-18,9205.0
2011-07-19,9215.0
2011-07-20,9325.0
2011-07-21,9375.0
2011-07-22,9365.0
2011-07-25,9405.0
2011-07-26,9380.0
2011-07-27,9525.0
2011-07-28,9500.0
2011-07-29,9525.0
2011-08-01,9915.0
2011-08-02,9900.0
2011-08-03,9875.0
2011-08-04,9875.0
2011-08-05,9650.0
2011-08-08,9550.0
2011-08-09,9250.0
2011-08-10,9500.0
2011-08-11,9565.0
2011-08-12,9575.0
2011-08-15,9550.0
2011-08-16,9450.0
2011-08-17,9515.0
2011-08-18,9575.0
2011-08-19,9500.0
2011-08-22,9555.0
2011-08-23,9590.0
2011-08-24,9635.0
2011-08-25,9615.0
2011-08-26,9700.0
2011-08-29,9800.0
2011-08-30,9875.0
2011-08-31,9875.0
2011-09-01,9875.0
2011-09-02,9905.0
2011-09-05,9955.0
2011-09-07,10150.0
2011-09-08,10350.0
2011-09-09,10355.0
2011-09-13,10375.0
2011-09-14,10350.0
2011-09-15,10275.0
2011-09-16,10175.0
2011-09-19,10100.0
2011-09-20,10025.0
2011-09-21,10075.0
2011-09-22,10000.0
2011-09-23,9750.0
2011-09-26,9550.0
2011-09-27,9400.0
2011-09-28,9350.0
2011-09-29,9250.0
2011-09-30,9275.0
2011-10-10,9650.0
2011-10-11,9600.0
2011-10-12,9475.0
2011-10-13,9465.0
2011-10-14,9375.0
2011-10-17,9350.0
2011-10-18,9175.0
2011-10-19,9100.0
2011-10-20,8750.0
2011-10-21,8650.0
2011-10-24,8850.0
2011-10-25,9075.0
2011-10-26,9000.0
2011-10-27,8950.0
2011-10-28,8950.0
2011-10-31,8700.0
2011-11-01,8575.0
2011-11-02,8600.0
2011-11-03,8625.0
2011-11-04,8635.0
2011-11-07,8550.0
2011-11-08,8500.0
2011-11-09,8450.0
2011-11-10,8250.0
2011-11-11,8275.0
2011-11-14,8350.0
2011-11-15,8335.0
2011-11-16,8300.0
2011-11-17,8275.0
2011-11-18,8225.0
2011-11-21,8225.0
2011-11-22,8190.0
2011-11-23,8175.0
2011-11-25,7975.0
2011-11-28,7975.0
2011-11-29,7975.0
2011-11-30,8005.0
2011-12-01,8150.0
2011-12-02,8125.0
2011-12-05,8240.0
2011-12-06,8325.0
2011-12-07,8440.0
2011-12-08,8425.0
2011-12-09,8375.0
2011-12-12,8345.0
2011-12-13,8250.0
2011-12-14,8225.0
2011-12-15,8140.0
2011-12-16,8250.0
2011-12-19,8275.0
2011-12-20,8325.0
2011-12-21,8365.0
2011-12-22,8365.0
2011-12-23,8325.0
2011-12-27,8235.0
2011-12-28,8265.0
2011-12-29,8275.0
2012-01-04,8450.0
2012-01-05,8445.0
2012-01-09,8535.0
2012-01-10,8500.0
2012-01-11,8500.0
2012-01-12,8475.0
2012-01-13,8485.0
2012-01-16,8500.0
2012-01-17,8525.0
2012-01-18,8565.0
2012-01-19,8565.0
2012-01-20,8565.0
2012-01-30,8665.0
2012-01-31,8640.0
2012-02-01,8575.0
2012-02-02,8465.0
2012-02-03,8410.0
2012-02-06,8450.0
2012-02-07,8395.0
2012-02-08,8400.0
2012-02-09,8385.0
2012-02-10,8365.0
2012-02-13,8310.0
2012-02-14,8290.0
2012-02-15,8225.0
2012-02-16,8125.0
2012-02-17,8125.0
2012-02-20,8160.0
2012-02-21,8200.0
2012-02-22,8210.0
2012-02-23,8140.0
2012-02-24,8155.0
2012-02-27,8235.0
2012-02-28,8150.0
2012-02-29,8160.0
2012-03-01,8185.0
2012-03-02,8200.0
2012-03-05,8150.0
2012-03-06,8100.0
2012-03-07,7990.0
2012-03-08,7950.0
2012-03-09,7925.0
2012-03-12,7875.0
2012-03-13,7750.0
2012-03-14,7600.0
2012-03-15,7325.0
2012-03-16,7300.0
2012-03-19,7325.0
2012-03-20,7350.0
2012-03-21,7400.0
2012-03-22,7450.0
2012-03-23,7450.0
2012-03-26,7500.0
2012-03-27,7515.0
2012-03-28,7550.0
2012-03-29,7475.0
2012-03-30,7360.0
2012-04-05,7175.0
2012-04-09,7205.0
2012-04-10,7200.0
2012-04-11,7175.0
2012-04-12,7225.0
2012-04-13,7300.0
2012-04-16,7365.0
2012-04-17,7475.0
2012-04-18,7475.0
2012-04-19,7445.0
2012-04-20,7445.0
2012-04-23,7425.0
2012-04-24,7375.0
2012-04-25,7385.0
2012-04-26,7425.0
2012-04-27,7500.0
2012-05-02,7690.0
2012-05-03,7700.0
2012-05-04,7585.0
2012-05-07,7525.0
2012-05-08,7555.0
2012-05-09,7525.0
2012-05-10,7555.0
2012-05-11,7590.0
2012-05-14,7500.0
2012-05-15,7350.0
2012-05-16,7375.0
2012-05-17,7375.0
2012-05-18,7425.0
2012-05-21,7415.0
2012-05-22,7440.0
2012-05-23,7335.0
2012-05-24,7275.0
2012-05-25,7325.0
2012-05-28,7315.0
2012-05-29,7375.0
2012-05-30,7360.0
2012-05-31,7275.0
2012-06-01,7175.0
2012-06-04,6750.0
2012-06-05,6650.0
2012-06-06,6650.0
2012-06-07,6650.0
2012-06-08,6450.0
2012-06-11,6475.0
2012-06-12,6325.0
2012-06-13,6265.0
2012-06-14,6350.0
2012-06-15,6475.0
2012-06-18,6615.0
2012-06-19,6550.0
2012-06-20,6440.0
2012-06-21,6325.0
2012-06-25,6340.0
2012-06-26,6315.0
2012-06-27,6365.0
2012-06-28,6425.0
2012-06-29,6450.0
2012-07-02,6615.0
2012-07-03,6680.0
2012-07-04,6775.0
2012-07-05,6725.0
2012-07-06,6750.0
2012-07-09,6700.0
2012-07-10,6725.0
2012-07-11,6685.0
2012-07-12,6740.0
2012-07-13,6840.0
2012-07-16,7025.0
2012-07-17,7010.0
2012-07-18,6975.0
2012-07-19,7150.0
2012-07-20,7150.0
2012-07-23,7025.0
2012-07-24,7000.0
2012-07-25,7050.0
2012-07-26,7055.0
2012-07-27,7150.0
2012-07-30,7285.0
2012-07-31,7285.0
2012-08-01,7300.0
2012-08-02,7340.0
2012-08-03,7550.0
2012-08-06,7750.0
2012-08-07,7700.0
2012-08-08,7710.0
2012-08-09,7875.0
2012-08-10,7890.0
2012-08-13,7740.0
2012-08-14,7625.0
2012-08-15,7705.0
2012-08-16,7745.0
2012-08-17,7735.0
2012-08-20,7675.0
2012-08-21,7660.0
2012-08-22,7725.0
2012-08-23,7850.0
2012-08-24,8035.0
2012-08-27,8065.0
2012-08-28,7975.0
2012-08-29,8050.0
2012-08-30,8175.0
2012-08-31,8175.0
2012-09-03,8165.0
2012-09-04,8200.0
2012-09-05,8175.0
2012-09-06,8200.0
2012-09-07,8185.0
2012-09-10,8225.0
2012-09-11,8285.0
2012-09-12,8410.0
2012-09-13,8475.0
2012-09-14,8665.0
2012-09-17,8675.0
2012-09-18,8525.0
2012-09-19,8475.0
2012-09-20,8375.0
2012-09-21,8375.0
2012-09-24,8310.0
2012-09-25,8325.0
2012-09-26,8240.0
2012-09-27,8200.0
2012-09-28,8225.0
2012-10-08,8185.0
2012-10-09,8315.0
2012-10-10,8375.0
2012-10-11,8400.0
2012-10-12,8365.0
2012-10-15,8265.0
2012-10-16,8295.0
2012-10-17,8300.0
2012-10-18,8280.0
2012-10-19,8225.0
2012-10-22,8155.0
2012-10-23,8135.0
2012-10-24,8040.0
2012-10-25,8055.0
2012-10-26,8050.0
2012-10-29,8000.0
2012-10-30,7825.0
2012-10-31,7875.0
2012-11-01,7980.0
2012-11-02,7965.0
2012-11-05,7825.0
2012-11-06,7835.0
2012-11-07,7925.0
2012-11-08,7825.0
2012-11-09,7850.0
2012-11-12,7825.0
2012-11-13,7760.0
2012-11-14,7685.0
2012-11-15,7725.0
2012-11-16,7615.0
2012-11-19,7635.0
2012-11-20,7725.0
2012-11-21,7650.0
2012-11-22,7675.0
2012-11-23,7705.0
2012-11-26,7800.0
2012-11-27,7850.0
2012-11-28,7760.0
2012-11-29,7800.0
2012-11-30,7825.0
2012-12-03,7925.0
2012-12-04,7925.0
2012-12-05,8005.0
2012-12-06,8075.0
2012-12-07,8140.0
2012-12-10,8200.0
2012-12-11,8135.0
2012-12-12,8175.0
2012-12-13,8200.0
2012-12-14,8240.0
2012-12-17,8435.0
2012-12-18,8500.0
2012-12-19,8475.0
2012-12-20,8480.0
2012-12-21,8515.0
2012-12-24,8650.0
2012-12-25,8685.0
2012-12-26,8605.0
2012-12-27,8700.0
2012-12-28,8860.0
2012-12-31,9050.0
2013-01-04,9150.0
2013-01-07,9150.0
2013-01-08,9025.0
2013-01-09,8950.0
2013-01-10,8975.0
2013-01-11,8865.0
2013-01-14,8850.0
2013-01-15,8850.0
2013-01-16,8685.0
2013-01-17,8725.0
2013-01-18,8840.0
2013-01-21,8830.0
2013-01-22,8725.0
2013-01-23,8755.0
2013-01-24,8740.0
2013-01-25,8715.0
2013-01-28,8690.0
2013-01-29,8800.0
2013-01-30,8825.0
2013-01-31,8775.0
2013-02-01,8815.0
2013-02-04,8885.0
2013-02-05,8825.0
2013-02-06,8855.0
2013-02-07,8840.0
2013-02-08,8840.0
2013-02-18,8825.0
2013-02-19,8750.0
2013-02-20,8675.0
2013-02-21,8555.0
2013-02-22,8625.0
2013-02-25,8555.0
2013-02-26,8350.0
2013-02-27,8200.0
2013-02-28,8150.0
2013-03-01,7950.0
2013-03-04,7850.0
2013-03-05,8005.0
2013-03-06,8000.0
2013-03-07,7875.0
2013-03-08,7900.0
2013-03-11,7975.0
2013-03-12,7752.5
2013-03-13,7700.0
2013-03-14,7760.0
2013-03-15,7960.0
2013-03-18,7800.0
2013-03-19,7705.0
2013-03-20,7740.0
2013-03-21,7755.0
2013-03-22,7650.0
2013-03-25,7575.0
2013-03-26,7400.0
2013-03-27,7340.0
2013-03-28,7305.0
2013-03-29,7315.0
2013-04-01,7195.0
2013-04-02,7275.0
2013-04-03,7400.0
2013-04-08,7325.0
2013-04-09,7400.0
2013-04-10,7585.0
2013-04-11,7560.0
2013-04-12,7600.0
2013-04-15,7450.0
2013-04-16,7350.0
2013-04-17,7405.0
2013-04-18,7300.0
2013-04-19,7360.0
2013-04-22,7375.0
2013-04-23,7325.0
2013-04-24,7315.0
2013-04-25,7360.0
2013-04-26,7330.0
2013-05-02,7275.0
2013-05-03,7325.0
2013-05-06,7375.0
2013-05-07,7400.0
2013-05-08,7440.0
2013-05-09,7485.0
2013-05-10,7465.0
2013-05-13,7505.0
2013-05-14,7440.0
2013-05-15,7375.0
2013-05-16,7390.0
2013-05-17,7425.0
2013-05-20,7400.0
2013-05-21,7415.0
2013-05-22,7415.0
2013-05-23,7365.0
2013-05-24,7360.0
2013-05-27,7335.0
2013-05-28,7335.0
2013-05-29,7295.0
2013-05-30,7150.0
2013-05-31,7085.0
2013-06-03,6875.0
2013-06-04,6915.0
2013-06-05,6975.0
2013-06-06,6950.0
2013-06-07,6975.0
2013-06-13,7000.0
2013-06-14,7005.0
2013-06-17,7055.0
2013-06-18,7140.0
2013-06-19,7205.0
2013-06-20,7100.0
2013-06-21,7100.0
2013-06-24,7125.0
2013-06-25,7100.0
2013-06-26,7130.0
2013-06-27,7105.0
2013-06-28,7025.0
2013-07-01,7050.0
2013-07-02,7140.0
2013-07-03,7140.0
2013-07-04,7145.0
2013-07-05,7190.0
2013-07-08,7260.0
2013-07-09,7300.0
2013-07-10,7335.0
2013-07-11,7405.0
2013-07-12,7400.0
2013-07-15,7405.0
2013-07-16,7380.0
2013-07-17,7415.0
2013-07-18,7480.0
2013-07-19,7625.0
2013-07-22,7745.0
2013-07-23,7790.0
2013-07-24,7825.0
2013-07-25,7920.0
2013-07-26,7900.0
2013-07-29,7825.0
2013-07-30,7860.0
2013-07-31,7865.0
2013-08-01,8025.0
2013-08-02,8100.0
2013-08-05,8100.0
2013-08-06,8100.0
2013-08-07,8050.0
2013-08-08,8095.0
2013-08-09,8175.0
2013-08-12,8310.0
2013-08-13,8350.0
2013-08-14,8310.0
2013-08-15,8290.0
2013-08-16,8265.0
2013-08-19,8230.0
2013-08-20,8040.0
2013-08-21,7940.0
2013-08-22,8050.0
2013-08-23,8000.0
2013-08-26,8015.0
2013-08-27,8015.0
2013-08-28,8060.0
2013-08-29,8050.0
2013-08-30,8055.0
2013-09-02,8045.0
2013-09-03,8025.0
2013-09-04,7950.0
2013-09-05,7930.0
2013-09-06,7950.0
2013-09-09,8000.0
2013-09-10,8005.0
2013-09-11,7975.0
2013-09-12,7935.0
2013-09-13,7910.0
2013-09-16,7820.0
2013-09-17,7775.0
2013-09-18,7810.0
2013-09-23,7880.0
2013-09-24,7850.0
2013-09-25,7825.0
2013-09-26,7825.0
2013-09-27,7835.0
2013-09-30,7830.0
2013-10-08,7825.0
2013-10-09,7785.0
2013-10-10,7770.0
2013-10-11,7800.0
2013-10-14,7800.0
2013-10-15,7890.0
2013-10-16,7935.0
2013-10-17,7940.0
2013-10-18,7870.0
2013-10-21,7800.0
2013-10-22,7720.0
2013-10-23,7645.0
2013-10-24,7625.0
2013-10-25,7545.0
2013-10-28,7440.0
2013-10-29,7425.0
2013-10-30,7500.0
2013-10-31,7425.0
2013-11-01,7475.0
2013-11-04,7480.0
2013-11-05,7470.0
2013-11-06,7450.0
2013-11-07,7480.0
2013-11-08,7485.0
2013-11-11,7515.0
2013-11-12,7540.0
2013-11-13,7500.0
2013-11-14,7485.0
2013-11-15,7480.0
2013-11-18,7450.0
2013-11-19,7350.0
2013-11-20,7365.0
2013-11-21,7350.0
2013-11-22,7345.0
2013-11-25,7360.0
2013-11-26,7405.0
2013-11-27,7415.0
2013-11-28,7470.0
2013-11-29,7460.0
2013-12-02,7575.0
2013-12-03,7620.0
2013-12-04,7675.0
2013-12-05,7690.0
2013-12-06,7715.0
2013-12-09,7875.0
2013-12-10,7860.0
2013-12-11,7815.0
2013-12-12,7870.0
2013-12-13,7815.0
2013-12-16,7780.0
2013-12-17,7785.0
2013-12-18,7655.0
2013-12-19,7615.0
2013-12-20,7595.0
2013-12-23,7620.0
2013-12-24,7585.0
2013-12-25,7660.0
2013-12-26,7665.0
2013-12-27,7590.0
2013-12-30,7550.0
2013-12-31,7510.0
2014-01-02,7540.0
2014-01-03,7525.0
2014-01-06,7520.0
2014-01-07,7440.0
2014-01-08,7330.0
2014-01-09,7340.0
2014-01-10,7310.0
2014-01-13,7335.0
2014-01-14,7310.0
2014-01-15,7330.0
2014-01-16,7350.0
2014-01-17,7360.0
2014-01-20,7380.0
2014-01-21,7350.0
2014-01-22,7335.0
2014-01-23,7310.0
2014-01-24,7265.0
2014-01-27,7190.0
2014-01-28,7165.0
2014-01-29,7165.0
2014-02-07,7185.0
2014-02-10,7190.0
2014-02-11,7240.0
2014-02-12,7175.0
2014-02-13,7085.0
2014-02-14,7000.0
2014-02-17,6895.0
2014-02-18,6895.0
2014-02-19,6885.0
2014-02-20,6785.0
2014-02-21,6755.0
2014-02-24,6725.0
2014-02-25,6735.0
2014-02-26,6630.0
2014-02-27,6490.0
2014-02-28,6520.0
2014-03-03,6600.0
2014-03-04,6665.0
2014-03-05,6805.0
2014-03-06,6855.0
2014-03-07,6810.0
2014-03-10,6700.0
2014-03-11,6675.0
2014-03-12,6660.0
2014-03-13,6670.0
2014-03-14,6590.0
2014-03-17,6600.0
2014-03-18,6590.0
2014-03-19,6615.0
2014-03-20,6660.0
2014-03-21,6670.0
2014-03-24,6755.0
2014-03-25,6885.0
2014-03-26,6830.0
2014-03-27,6860.0
2014-03-28,6875.0
2014-03-31,6905.0
2014-04-01,6830.0
2014-04-02,6825.0
2014-04-03,6770.0
2014-04-04,6800.0
2014-04-08,6815.0
2014-04-09,6805.0
2014-04-10,6785.0
2014-04-11,6785.0
2014-04-14,6805.0
2014-04-15,6805.0
2014-04-16,6810.0
2014-04-17,6820.0
2014-04-18,6790.0
2014-04-21,6765.0
2014-04-22,6755.0
2014-04-23,6770.0
2014-04-24,6765.0
2014-04-25,6750.0
2014-04-28,6685.0
2014-04-29,6630.0
2014-04-30,6660.0
2014-05-05,6620.0
2014-05-06,6600.0
2014-05-07,6605.0
2014-05-08,6600.0
2014-05-09,6580.0
2014-05-12,6625.0
2014-05-13,6665.0
2014-05-14,6675.0
2014-05-15,6695.0
2014-05-16,6685.0
2014-05-19,6785.0
2014-05-20,6775.0
2014-05-21,6790.0
2014-05-22,6775.0
2014-05-23,6775.0
2014-05-26,6810.0
2014-05-27,6855.0
2014-05-28,6850.0
2014-05-29,6990.0
2014-05-30,7050.0
2014-06-03,7135.0
2014-06-04,7250.0
2014-06-05,7320.0
2014-06-06,7245.0
2014-06-09,7265.0
2014-06-10,7320.0
2014-06-11,7325.0
2014-06-12,7280.0
2014-06-13,7410.0
2014-06-16,7505.0
2014-06-17,7400.0
2014-06-18,7340.0
2014-06-19,7310.0
2014-06-20,7395.0
2014-06-23,7515.0
2014-06-24,7480.0
2014-06-25,7475.0
2014-06-26,7550.0
2014-06-27,7575.0
2014-06-30,7495.0
2014-07-01,7480.0
2014-07-02,7400.0
2014-07-03,7445.0
2014-07-04,7470.0
2014-07-07,7425.0
2014-07-08,7400.0
2014-07-09,7415.0
2014-07-10,7395.0
2014-07-11,7390.0
2014-07-14,7345.0
2014-07-15,7340.0
2014-07-16,7375.0
2014-07-17,7445.0
2014-07-18,7455.0
2014-07-21,7430.0
2014-07-22,7445.0
2014-07-23,7430.0
2014-07-24,7425.0
2014-07-25,7420.0
2014-07-28,7430.0
2014-07-29,7420.0
2014-07-30,7430.0
2014-07-31,7360.0
2014-08-01,7355.0
2014-08-04,7340.0
2014-08-05,7340.0
2014-08-06,7345.0
2014-08-07,7410.0
2014-08-08,7465.0
2014-08-11,7495.0
2014-08-12,7460.0
2014-08-13,7480.0
2014-08-14,7475.0
2014-08-15,7465.0
2014-08-18,7430.0
2014-08-19,7412.5
2014-08-20,7405.0
2014-08-21,7380.0
2014-08-22,7370.0
2014-08-25,7320.0
2014-08-26,7270.0
2014-08-27,7270.0
2014-08-28,7175.0
2014-08-29,7210.0
2014-09-01,7205.0
2014-09-02,7170.0
2014-09-03,7145.0
2014-09-04,7135.0
2014-09-05,7140.0
2014-09-09,7085.0
2014-09-10,6985.0
2014-09-11,6830.0
2014-09-12,6860.0
2014-09-15,6865.0
2014-09-16,6900.0
2014-09-17,6870.0
2014-09-18,6805.0
2014-09-19,6690.0
2014-09-22,6525.0
2014-09-23,6520.0
2014-09-24,6455.0
2014-09-25,6500.0
2014-09-26,6535.0
2014-09-29,6530.0
2014-09-30,6510.0
2014-10-08,6265.0
2014-10-09,6150.0
2014-10-10,6025.0
2014-10-13,5720.0
2014-10-14,5750.0
2014-10-15,5905.0
2014-10-16,5720.0
2014-10-17,5895.0
2014-10-20,5985.0
2014-10-21,6130.0
2014-10-22,6115.0
2014-10-23,6145.0
2014-10-24,6290.0
2014-10-27,6205.0
2014-10-28,6115.0
2014-10-29,6050.0
2014-10-30,6090.0
2014-10-31,6030.0
2014-11-03,5980.0
2014-11-04,5885.0
2014-11-05,5790.0
2014-11-06,5880.0
2014-11-07,6075.0
2014-11-10,6350.0
2014-11-11,6340.0
2014-11-12,6330.0
2014-11-13,6430.0
2014-11-14,6385.0
2014-11-17,6435.0
2014-11-18,6407.5
2014-11-19,6495.0
2014-11-20,6635.0
2014-11-21,6790.0
2014-11-24,6810.0
2014-11-25,6680.0
2014-11-26,6640.0
2014-11-27,6550.0
2014-11-28,6280.0
2014-12-01,6100.0
2014-12-02,6150.0
2014-12-03,6300.0
2014-12-04,6405.0
2014-12-05,6320.0
2014-12-08,6165.0
2014-12-09,6115.0
2014-12-10,6175.0
2014-12-11,5925.0
2014-12-12,5840.0
2014-12-15,5810.0
2014-12-16,5850.0
2014-12-17,5790.0
2014-12-18,5920.0
2014-12-19,5905.0
2014-12-22,6050.0
2014-12-23,6020.0
2014-12-24,5925.0
2014-12-25,5835.0
2014-12-26,5815.0
2014-12-29,5820.0
2014-12-30,5780.0
2014-12-31,5740.0
2015-01-05,5655.0
2015-01-06,5555.0
2015-01-07,5390.0
2015-01-08,5390.0
2015-01-09,5480.0
2015-01-12,5485.0
2015-01-13,5405.0
2015-01-14,5430.0
2015-01-15,5495.0
2015-01-16,5505.0
2015-01-19,5625.0
2015-01-20,5650.0
2015-01-21,5685.0
2015-01-22,5765.0
2015-01-23,5675.0
2015-01-26,5610.0
2015-01-27,5680.0
2015-01-28,5775.0
2015-01-29,5780.0
2015-01-30,5740.0
2015-02-02,5745.0
2015-02-03,5900.0
2015-02-04,6015.0
2015-02-05,5935.0
2015-02-06,6010.0
2015-02-09,6010.0
2015-02-10,5965.0
2015-02-11,6030.0
2015-02-12,6025.0
2015-02-13,6165.0
2015-02-16,6170.0
2015-02-17,6190.0
2015-02-25,6165.0
2015-02-26,6285.0
2015-02-27,6335.0
2015-03-02,6550.0
2015-03-03,6475.0
2015-03-04,6360.0
2015-03-05,6300.0
2015-03-06,6285.0
2015-03-09,6240.0
2015-03-10,6290.0
2015-03-11,6305.0
2015-03-12,6400.0
2015-03-13,6440.0
2015-03-16,6255.0
2015-03-17,6240.0
2015-03-18,6060.0
2015-03-19,6125.0
2015-03-20,6140.0
2015-03-23,6220.0
2015-03-24,6235.0
2015-03-25,6230.0
2015-03-26,6285.0
2015-03-27,6300.0
2015-03-30,6345.0
2015-03-31,6405.0
2015-04-01,6390.0
2015-04-02,6450.0
2015-04-03,6465.0
2015-04-07,6585.0
2015-04-08,6630.0
2015-04-09,6640.0
2015-04-10,6680.0
2015-04-13,6710.0
2015-04-14,6910.0
2015-04-15,6990.0
2015-04-16,6995.0
2015-04-17,6990.0
2015-04-20,7170.0
2015-04-21,7665.0
2015-04-22,7700.0
2015-04-23,8040.0
2015-04-24,7855.0
2015-04-27,7910.0
2015-04-28,7865.0
2015-04-29,7600.0
2015-04-30,7515.0
2015-05-04,7800.0
2015-05-05,7875.0
2015-05-06,7950.0
2015-05-07,7860.0
2015-05-08,7815.0
2015-05-11,7835.0
2015-05-12,7765.0
2015-05-13,7655.0
2015-05-14,7640.0
2015-05-15,7675.0
2015-05-18,7720.0
2015-05-19,7525.0
2015-05-20,7285.0
2015-05-21,7425.0
2015-05-22,7400.0
2015-05-25,7200.0
2015-05-26,7170.0
2015-05-27,7145.0
2015-05-28,7175.0
2015-05-29,7095.0
2015-06-01,7135.0
2015-06-02,7175.0
2015-06-03,7235.0
2015-06-04,7295.0
2015-06-05,7375.0
2015-06-08,7425.0
2015-06-09,7410.0
2015-06-10,7400.0
2015-06-11,7450.0
2015-06-12,7315.0
2015-06-15,7140.0
2015-06-16,7160.0
2015-06-17,7180.0
2015-06-18,7185.0
2015-06-19,7205.0
2015-06-23,7265.0
2015-06-24,7360.0
2015-06-25,7360.0
2015-06-26,7330.0
2015-06-29,7340.0
2015-06-30,7200.0
2015-07-01,7140.0
2015-07-02,7070.0
2015-07-03,7040.0
2015-07-06,6790.0
2015-07-07,6650.0
2015-07-08,6280.0
2015-07-09,6500.0
2015-07-10,6775.0
2015-07-13,6675.0
2015-07-14,6660.0
2015-07-15,6685.0
2015-07-16,6745.0
2015-07-17,6850.0
2015-07-20,6715.0
2015-07-21,6630.0
2015-07-22,6540.0
2015-07-23,6415.0
2015-07-24,6375.0
2015-07-27,6250.0
2015-07-28,6250.0
2015-07-29,6290.0
2015-07-30,6265.0
2015-07-31,6150.0
2015-08-03,6040.0
2015-08-04,5940.0
2015-08-05,5980.0
2015-08-06,5860.0
2015-08-07,5800.0
2015-08-10,5820.0
2015-08-11,5940.0
2015-08-12,5990.0
2015-08-13,6040.0
2015-08-14,5980.0
2015-08-17,5860.0
2015-08-18,5790.0
2015-08-19,5765.0
2015-08-20,5665.0
2015-08-21,5500.0
2015-08-24,5100.0
2015-08-25,5090.0
2015-08-26,5150.0
2015-08-27,5325.0
2015-08-28,5575.0
2015-08-31,5440.0
2015-09-01,5450.0
2015-09-02,5415.0
2015-09-07,5525.0
2015-09-08,5495.0
2015-09-09,5585.0
2015-09-10,5575.0
2015-09-11,5675.0
2015-09-14,5615.0
2015-09-15,5480.0
2015-09-16,5520.0
2015-09-17,5565.0
2015-09-18,5490.0
2015-09-21,5430.0
2015-09-22,5430.0
2015-09-23,5340.0
2015-09-24,5315.0
2015-09-25,5285.0
2015-09-28,5190.0
2015-09-29,5040.0
2015-09-30,5120.0
2015-10-08,5295.0
2015-10-09,5370.0
2015-10-12,5365.0
2015-10-13,5280.0
2015-10-14,5200.0
2015-10-15,5175.0
2015-10-16,5145.0
2015-10-19,5135.0
2015-10-20,5100.0
2015-10-21,5070.0
2015-10-22,5080.0
2015-10-23,5095.0
2015-10-26,5070.0
2015-10-27,4930.0
2015-10-28,4890.0
2015-10-29,4900.0
2015-10-30,4865.0
2015-11-02,4890.0
2015-11-03,4905.0
2015-11-04,4895.0
2015-11-05,4865.0
2015-11-06,4835.0
2015-11-09,4885.0
2015-11-10,4855.0
2015-11-11,4780.0
2015-11-12,4680.0
2015-11-13,4610.0
2015-11-16,4605.0
2015-11-17,4550.0
2015-11-18,4550.0
2015-11-19,4575.0
2015-11-20,4510.0
2015-11-23,4335.0
2015-11-24,4330.0
2015-11-25,4365.0
2015-11-26,4410.0
2015-11-27,4375.0
2015-11-30,4340.0
2015-12-01,4350.0
2015-12-02,4370.0
2015-12-03,4310.0
2015-12-04,4355.0
2015-12-07,4260.0
2015-12-08,4165.0
2015-12-09,4210.0
2015-12-10,4230.0
2015-12-11,4305.0
2015-12-14,4400.0
2015-12-15,4475.0
2015-12-16,4455.0
2015-12-17,4390.0
2015-12-18,4365.0
2015-12-21,4400.0
2015-12-22,4445.0
2015-12-23,4480.0
2015-12-24,4590.0
2015-12-25,4635.0
2015-12-28,4700.0
2015-12-29,4650.0
2015-12-30,4715.0
2015-12-31,4660.0
2016-01-04,4600.0
2016-01-05,4565.0
2016-01-06,4610.0
2016-01-07,4565.0
2016-01-08,4610.0
2016-01-11,4575.0
2016-01-12,4500.0
2016-01-13,4420.0
2016-01-14,4380.0
2016-01-15,4380.0
2016-01-18,4345.0
2016-01-19,4465.0
2016-01-20,4515.0
2016-01-21,4485.0
2016-01-22,4500.0
2016-01-25,4567.5
2016-01-26,4585.0
2016-01-27,4670.0
2016-01-28,4675.0
2016-01-29,4725.0
2016-02-01,4735.0
2016-02-02,4690.0
2016-02-03,4715.0
2016-02-04,4800.0
2016-02-05,4825.0
2016-02-15,4850.0
2016-02-16,4900.0
2016-02-17,5020.0
2016-02-18,5010.0
2016-02-19,5075.0
2016-02-22,5250.0
2016-02-23,5240.0
2016-02-24,5155.0
2016-02-25,5160.0
2016-02-26,5210.0
2016-02-29,5350.0
2016-03-01,5455.0
2016-03-02,5455.0
2016-03-03,5435.0
2016-03-04,5565.0
2016-03-07,5800.0
2016-03-08,5775.0
2016-03-09,5785.0
2016-03-10,5680.0
2016-03-11,5560.0
2016-03-14,5450.0
2016-03-15,5350.0
2016-03-16,5350.0
2016-03-17,5680.0
2016-03-18,5715.0
2016-03-21,5555.0
2016-03-22,5460.0
2016-03-23,5455.0
2016-03-24,5480.0
2016-03-25,5575.0
2016-03-28,5675.0
2016-03-29,5575.0
2016-03-30,5525.0
2016-03-31,5500.0
2016-04-01,5510.0
2016-04-05,5450.0
2016-04-06,5370.0
2016-04-07,5280.0
2016-04-08,5165.0
2016-04-11,5190.0
2016-04-12,5160.0
2016-04-13,5225.0
2016-04-14,5245.0
2016-04-15,5270.0
2016-04-18,5215.0
2016-04-19,5180.0
2016-04-20,5180.0
2016-04-21,5305.0
2016-04-22,5340.0
2016-04-25,5275.0
2016-04-26,5160.0
2016-04-27,5150.0
2016-04-28,5175.0
2016-04-29,5210.0
2016-05-03,5215.0
2016-05-04,5190.0
2016-05-05,5170.0
2016-05-06,5120.0
2016-05-09,5030.0
2016-05-10,4975.0
2016-05-11,4990.0
2016-05-12,5015.0
2016-05-13,5000.0
2016-05-16,5015.0
2016-05-17,5035.0
2016-05-18,5045.0
2016-05-19,4985.0
2016-05-20,5000.0
2016-05-23,4980.0
2016-05-24,4935.0
2016-05-25,4875.0
2016-05-26,4870.0
2016-05-27,4870.0
2016-05-30,4905.0
2016-05-31,4922.5
2016-06-01,4875.0
2016-06-02,4882.5
2016-06-03,4895.0
2016-06-06,4895.0
2016-06-07,4900.0
2016-06-08,4930.0
2016-06-13,4912.5
2016-06-14,4887.5
2016-06-15,4865.0
2016-06-16,4867.5
2016-06-17,4890.0
2016-06-20,4920.0
2016-06-21,4915.0
2016-06-22,4945.0
2016-06-23,5005.0
2016-06-24,5015.0
2016-06-27,5070.0
2016-06-28,5135.0
2016-06-29,5185.0
2016-06-30,5185.0
2016-07-01,5160.0
2016-07-04,5265.0
2016-07-05,5250.0
2016-07-06,5130.0
2016-07-07,5140.0
2016-07-08,5090.0
2016-07-11,5110.0
2016-07-12,5150.0
2016-07-13,5162.5
2016-07-14,5140.0
2016-07-15,5130.0
2016-07-18,5100.0
2016-07-19,5067.5
2016-07-20,5060.0
2016-07-21,5070.0
2016-07-22,5085.0
2016-07-25,5080.0
2016-07-26,5067.5
2016-07-27,5102.5
2016-07-28,5112.5
2016-07-29,5085.0
2016-08-01,5072.5
2016-08-02,5022.5
2016-08-03,4965.0
2016-08-04,4975.0
2016-08-05,5002.5
2016-08-08,5012.5
2016-08-09,5027.5
2016-08-10,5030.0
2016-08-11,5042.5
2016-08-12,5052.5
2016-08-15,5055.0
2016-08-16,5052.5
2016-08-17,5080.0
2016-08-18,5120.0
2016-08-19,5147.5
2016-08-22,5100.0
2016-08-23,5125.0
2016-08-24,5182.5
2016-08-25,5145.0
2016-08-26,5225.0
2016-08-29,5315.0
2016-08-30,5420.0
2016-08-31,5385.0
2016-09-01,5420.0
2016-09-02,5505.0
2016-09-05,5482.5
2016-09-06,5467.5
2016-09-07,5465.0
2016-09-08,5460.0
2016-09-09,5390.0
2016-09-12,5325.0
2016-09-13,5285.0
2016-09-14,5282.5
2016-09-19,5260.0
2016-09-20,5275.0
2016-09-21,5272.5
2016-09-22,5235.0
2016-09-23,5140.0
2016-09-26,5137.5
2016-09-27,5097.5
2016-09-28,5097.5
2016-09-29,5160.0
2016-09-30,5167.5
2016-10-10,5267.5
2016-10-11,5280.0
2016-10-12,5245.0
2016-10-13,5220.0
2016-10-14,5277.5
2016-10-17,5340.0
2016-10-18,5315.0
2016-10-19,5340.0
2016-10-20,5360.0
2016-10-21,5385.0
2016-10-24,5500.0
2016-10-25,5585.0
2016-10-26,5530.0
2016-10-27,5555.0
2016-10-28,5635.0
2016-10-31,5725.0
2016-11-01,5755.0
2016-11-02,5700.0
2016-11-03,5725.0
2016-11-04,5870.0
2016-11-07,5835.0
2016-11-08,5815.0
2016-11-09,6010.0
2016-11-10,6205.0
2016-11-11,6310.0
2016-11-14,6035.0
2016-11-15,5985.0
2016-11-16,6005.0
2016-11-17,6190.0
2016-11-18,6270.0
2016-11-21,6425.0
2016-11-22,6460.0
2016-11-23,6415.0
2016-11-24,6345.0
2016-11-25,6315.0
2016-11-28,6355.0
2016-11-29,6315.0
2016-11-30,6270.0
2016-12-01,6415.0
2016-12-02,6475.0
2016-12-05,6675.0
2016-12-06,6825.0
2016-12-07,7100.0
2016-12-08,7175.0
2016-12-09,7245.0
2016-12-12,7705.0
2016-12-13,7650.0
2016-12-14,7590.0
2016-12-15,7555.0
2016-12-16,7605.0
2016-12-19,7360.0
2016-12-20,7290.0
2016-12-21,7380.0
2016-12-22,7470.0
2016-12-23,7420.0
2016-12-26,7575.0
2016-12-27,7835.0
2016-12-28,7870.0
2016-12-29,7890.0
2016-12-30,8175.0
2017-01-03,8140.0
2017-01-04,7890.0
2017-01-05,7875.0
2017-01-06,7700.0
2017-01-09,7750.0
2017-01-10,7755.0
2017-01-11,7730.0
2017-01-12,7765.0
2017-01-13,7810.0
2017-01-16,8045.0
2017-01-17,7915.0
2017-01-18,7830.0
2017-01-19,7840.0
2017-01-20,7835.0
2017-01-23,7990.0
2017-01-24,8100.0
2017-01-25,8035.0
2017-01-26,8065.0
2017-02-03,8260.0
2017-02-06,8245.0
2017-02-07,8095.0
2017-02-08,7975.0
2017-02-09,7880.0
2017-02-10,7910.0
2017-02-13,7950.0
2017-02-14,7765.0
2017-02-15,7630.0
2017-02-16,7555.0
2017-02-17,7510.0
2017-02-20,7465.0
2017-02-21,7325.0
2017-02-22,7310.0
2017-02-23,7290.0
2017-02-24,7380.0
2017-02-27,7360.0
2017-02-28,7050.0
2017-03-01,6970.0
2017-03-02,6940.0
2017-03-03,6965.0
2017-03-06,6955.0
2017-03-07,6760.0
2017-03-08,6600.0
2017-03-09,6545.0
2017-03-10,6750.0
2017-03-13,6780.0
2017-03-14,6925.0
2017-03-15,6920.0
2017-03-16,6970.0
2017-03-17,6940.0
2017-03-20,6770.0
2017-03-21,6570.0
2017-03-22,6380.0
2017-03-23,6370.0
2017-03-24,6360.0
2017-03-27,6120.0
2017-03-28,6150.0
2017-03-29,6260.0
2017-03-30,6180.0
2017-03-31,6225.0
2017-04-05,6345.0
2017-04-06,6350.0
2017-04-07,6280.0
2017-04-10,6185.0
2017-04-11,6220.0
2017-04-12,6175.0
2017-04-13,6145.0
2017-04-14,5955.0
2017-04-17,5845.0
2017-04-18,5765.0
2017-04-19,5760.0
2017-04-20,5855.0
2017-04-21,5880.0
2017-04-24,5740.0
2017-04-25,5790.0
2017-04-26,5845.0
2017-04-27,5825.0
2017-04-28,5875.0
2017-05-02,5865.0
2017-05-03,5810.0
2017-05-04,5850.0
2017-05-05,5865.0
2017-05-08,5900.0
2017-05-09,5845.0
2017-05-10,5730.0
2017-05-11,5685.0
2017-05-12,5710.0
2017-05-15,5825.0
2017-05-16,6005.0
2017-05-17,6100.0
2017-05-18,6155.0
2017-05-19,6530.0
2017-05-22,6580.0
2017-05-23,6540.0
2017-05-24,6440.0
2017-05-25,6535.0
2017-05-26,6515.0
2017-05-31,6735.0
2017-06-01,6555.0
2017-06-02,6435.0
2017-06-05,6380.0
2017-06-06,6470.0
2017-06-07,6505.0
2017-06-08,6565.0
2017-06-09,6580.0
2017-06-12,6735.0
2017-06-13,6890.0
2017-06-14,6940.0
2017-06-15,6825.0
2017-06-16,6755.0
2017-06-19,6560.0
2017-06-20,6390.0
2017-06-21,6525.0
2017-06-22,6485.0
2017-06-23,6510.0
2017-06-26,6580.0
2017-06-27,6710.0
2017-06-28,6725.0
2017-06-29,6770.0
2017-06-30,6800.0
2017-07-03,6775.0
2017-07-04,6730.0
2017-07-05,6695.0
2017-07-06,6825.0
2017-07-07,6935.0
2017-07-10,7100.0
2017-07-11,7190.0
2017-07-12,7170.0
2017-07-13,7170.0
2017-07-14,7295.0
2017-07-17,7265.0
2017-07-18,7280.0
2017-07-19,7415.0
2017-07-20,7340.0
2017-07-21,7120.0
2017-07-24,7160.0
2017-07-25,7175.0
2017-07-26,7210.0
2017-07-27,7245.0
2017-07-28,7320.0
2017-07-31,7290.0
2017-08-01,7445.0
2017-08-02,7435.0
2017-08-03,7415.0
2017-08-04,7425.0
2017-08-07,7455.0
2017-08-08,7390.0
2017-08-09,7390.0
2017-08-10,7335.0
2017-08-11,7185.0
2017-08-14,7015.0
2017-08-15,7035.0
2017-08-16,7090.0
2017-08-17,7155.0
2017-08-18,7225.0
2017-08-21,7280.0
2017-08-22,7270.0
2017-08-23,7210.0
2017-08-24,7280.0
2017-08-25,7420.0
2017-08-28,7440.0
2017-08-29,7475.0
2017-08-30,7420.0
2017-08-31,7505.0
2017-09-01,7700.0
2017-09-04,7750.0
2017-09-05,7730.0
2017-09-06,7730.0
2017-09-07,7790.0
2017-09-08,7780.0
2017-09-11,7615.0
2017-09-12,7580.0
2017-09-13,7515.0
2017-09-14,7405.0
2017-09-15,7355.0
2017-09-18,7370.0
2017-09-19,7505.0
2017-09-20,7610.0
2017-09-21,7460.0
2017-09-22,7265.0
2017-09-25,7220.0
2017-09-26,7215.0
2017-09-27,7290.0
2017-09-28,7275.0
2017-09-29,7275.0
2017-10-09,7205.0
2017-10-10,7050.0
2017-10-11,6975.0
2017-10-12,7115.0
2017-10-13,7270.0
2017-10-16,7410.0
2017-10-17,7465.0
2017-10-18,7440.0
2017-10-19,7470.0
2017-10-20,7545.0
2017-10-23,7560.0
2017-10-24,7540.0
2017-10-25,7750.0
2017-10-26,7485.0
2017-10-27,7435.0
2017-10-30,7425.0
2017-10-31,7400.0
2017-11-01,7385.0
2017-11-02,7380.0
2017-11-03,7355.0
2017-11-06,7430.0
2017-11-07,7490.0
2017-11-08,7475.0
2017-11-09,7495.0
2017-11-10,7430.0
2017-11-13,7415.0
2017-11-14,7400.0
2017-11-15,7275.0
2017-11-16,7205.0
2017-11-17,7240.0
2017-11-20,7255.0
2017-11-21,7230.0
2017-11-22,7315.0
2017-11-23,7345.0
2017-11-24,7380.0
2017-11-27,7370.0
2017-11-28,7355.0
2017-11-29,7385.0
2017-11-30,7395.0
2017-12-01,7395.0
2017-12-04,7465.0
2017-12-05,7520.0
2017-12-06,7485.0
2017-12-07,7430.0
2017-12-08,7395.0
2017-12-11,7390.0
2017-12-12,7380.0
2017-12-13,7350.0
2017-12-14,7350.0
2017-12-15,7405.0
2017-12-18,7445.0
2017-12-19,7480.0
2017-12-20,7585.0
2017-12-21,7530.0
2017-12-22,7465.0
2017-12-25,7465.0
2017-12-26,7480.0
2017-12-27,7540.0
2017-12-28,7655.0
2017-12-29,7685.0
2018-01-02,7760.0
2018-01-03,7800.0
2018-01-04,7860.0
2018-01-05,7930.0
2018-01-08,8045.0
2018-01-09,8135.0
2018-01-10,8145.0
2018-01-11,8100.0
2018-01-12,8250.0
2018-01-15,8295.0
2018-01-16,8155.0
2018-01-17,8055.0
2018-01-18,8055.0
2018-01-19,7960.0
2018-01-22,8080.0
2018-01-23,7980.0
2018-01-24,7915.0
2018-01-25,7925.0
2018-01-26,7860.0
2018-01-29,7870.0
2018-01-30,7795.0
2018-01-31,7860.0
2018-02-01,7920.0
2018-02-02,7940.0
2018-02-05,7965.0
2018-02-06,7900.0
2018-02-07,7875.0
2018-02-08,7860.0
2018-02-09,7840.0
2018-02-12,7860.0
2018-02-13,7870.0
2018-02-14,7930.0
2018-02-22,7975.0
2018-02-23,7980.0
2018-02-26,8145.0
2018-02-27,8090.0
2018-02-28,8005.0
2018-03-01,7905.0
2018-03-02,7745.0
2018-03-05,7575.0
2018-03-06,7525.0
2018-03-07,7335.0
2018-03-08,7185.0
2018-03-09,7055.0
2018-03-12,7000.0
2018-03-13,7060.0
2018-03-14,7060.0
2018-03-15,6925.0
2018-03-16,6710.0
2018-03-19,6930.0
2018-03-20,6960.0
2018-03-21,6915.0
2018-03-22,7005.0
2018-03-23,6895.0
2018-03-26,7000.0
2018-03-27,7115.0
2018-03-28,7200.0
2018-03-29,7275.0
2018-03-30,7315.0
2018-04-02,7310.0
2018-04-03,7415.0
2018-04-04,7565.0
2018-04-09,7850.0
2018-04-10,7975.0
2018-04-11,8100.0
2018-04-12,8080.0
2018-04-13,8340.0
2018-04-16,8460.0
2018-04-17,8515.0
2018-04-18,8615.0
2018-04-19,8525.0
2018-04-20,8440.0
2018-04-23,8330.0
2018-04-24,8235.0
2018-04-25,8260.0
2018-04-26,7925.0
2018-04-27,7850.0
2018-05-02,7785.0
2018-05-03,7730.0
2018-05-04,7755.0
2018-05-07,7760.0
2018-05-08,7585.0
2018-05-09,7325.0
2018-05-10,7285.0
2018-05-11,7275.0
2018-05-14,7110.0
2018-05-15,7200.0
2018-05-16,7250.0
2018-05-17,7180.0
2018-05-18,7255.0
2018-05-21,7275.0
2018-05-22,7185.0
2018-05-23,7105.0
2018-05-24,6985.0
2018-05-25,6850.0
2018-05-28,6870.0
2018-05-29,6830.0
2018-05-30,6795.0
2018-05-31,7050.0
2018-06-01,7175.0
2018-06-04,7120.0
2018-06-05,6915.0
2018-06-06,6950.0
2018-06-07,7010.0
2018-06-08,6950.0
2018-06-11,6990.0
2018-06-12,7065.0
2018-06-13,7070.0
2018-06-14,7080.0
2018-06-15,7040.0
2018-06-19,6840.0
2018-06-20,6745.0
2018-06-21,6820.0
2018-06-22,6770.0
2018-06-25,6870.0
2018-06-26,6890.0
2018-06-27,6985.0
2018-06-28,7040.0
2018-06-29,7120.0
2018-07-02,7105.0
2018-07-03,7160.0
2018-07-04,7180.0
2018-07-05,7120.0
2018-07-06,7065.0
2018-07-09,7125.0
2018-07-10,7155.0
2018-07-11,7175.0
2018-07-12,7175.0
2018-07-13,7185.0
2018-07-16,7270.0
2018-07-17,7220.0
2018-07-18,7195.0
2018-07-19,7265.0
2018-07-20,7375.0
2018-07-23,7400.0
2018-07-24,7410.0
2018-07-25,7440.0
2018-07-26,7570.0
2018-07-27,7635.0
2018-07-30,7775.0
2018-07-31,7765.0
2018-08-01,7760.0
2018-08-02,7800.0
2018-08-03,7875.0
2018-08-06,7885.0
2018-08-07,7800.0
2018-08-08,7860.0
2018-08-09,7815.0
2018-08-10,7670.0
2018-08-13,7605.0
2018-08-14,7620.0
2018-08-15,7520.0
2018-08-16,7450.0
2018-08-17,7585.0
2018-08-20,7710.0
2018-08-21,7775.0
2018-08-22,7840.0
2018-08-23,7835.0
2018-08-24,7810.0
2018-08-27,7825.0
2018-08-28,7780.0
2018-08-29,7770.0
2018-08-30,7835.0
2018-08-31,8015.0
2018-09-03,8185.0
2018-09-04,8180.0
2018-09-05,8225.0
2018-09-06,8225.0
2018-09-07,7995.0
2018-09-10,7845.0
2018-09-11,7665.0
2018-09-12,7600.0
2018-09-13,7610.0
2018-09-14,7450.0
2018-09-17,7300.0
2018-09-18,7320.0
2018-09-19,7170.0
2018-09-20,7265.0
2018-09-21,7140.0
2018-09-25,7145.0
2018-09-26,7235.0
2018-09-27,7230.0
2018-09-28,7290.0
2018-10-08,7455.0
2018-10-09,7505.0
2018-10-10,7440.0
2018-10-11,7265.0
2018-10-12,7270.0
2018-10-15,7260.0
2018-10-16,7190.0
2018-10-17,7235.0
2018-10-18,7225.0
2018-10-19,7250.0
2018-10-22,7245.0
2018-10-23,7165.0
2018-10-24,6930.0
2018-10-25,6800.0
2018-10-26,6810.0
2018-10-29,6815.0
2018-10-30,6865.0
2018-10-31,6820.0
2018-11-01,6670.0
2018-11-02,6725.0
2018-11-05,6680.0
2018-11-06,6535.0
2018-11-07,6350.0
2018-11-08,6285.0
2018-11-09,6150.0
2018-11-12,6010.0
2018-11-13,5890.0
2018-11-14,5815.0
2018-11-15,5905.0
2018-11-16,6120.0
2018-11-19,6130.0
2018-11-20,6000.0
2018-11-21,5830.0
2018-11-22,5880.0
2018-11-23,5770.0
2018-11-26,5655.0
2018-11-27,5730.0
2018-11-28,5810.0
2018-11-29,5820.0
2018-11-30,5740.0
2018-12-03,5925.0
2018-12-04,6100.0
2018-12-05,6135.0
2018-12-06,6095.0
2018-12-07,5965.0
2018-12-10,5850.0
2018-12-11,5700.0
2018-12-12,5670.0
2018-12-13,5700.0
2018-12-14,5810.0
2018-12-17,5795.0
2018-12-18,5790.0
2018-12-19,5730.0
2018-12-20,5730.0
2018-12-21,5590.0
2018-12-24,5470.0
2018-12-25,5245.0
2018-12-26,5215.0
2018-12-27,5235.0
2018-12-28,5190.0
2019-01-02,5115.0
2019-01-03,5120.0
2019-01-04,5160.0
2019-01-07,5220.0
2019-01-08,5145.0
2019-01-09,5175.0
2019-01-10,5135.0
2019-01-11,5115.0
2019-01-14,5135.0
2019-01-15,5165.0
2019-01-16,5165.0
2019-01-17,5065.0
2019-01-18,4985.0
2019-01-21,5100.0
2019-01-22,5165.0
2019-01-23,5060.0
2019-01-24,5040.0
2019-01-25,5070.0
2019-01-28,5035.0
2019-01-29,5010.0
2019-01-30,5045.0
2019-01-31,5100.0
2019-02-01,5110.0
2019-02-11,5100.0
2019-02-12,5105.0
2019-02-13,5045.0
2019-02-14,5025.0
2019-02-15,5010.0
2019-02-18,4955.0
2019-02-19,4910.0
2019-02-20,4920.0
2019-02-21,4950.0
2019-02-22,4980.0
2019-02-25,4990.0
2019-02-26,4975.0
2019-02-27,5000.0
2019-02-28,5010.0
2019-03-01,5125.0
2019-03-04,5215.0
2019-03-05,5225.0
2019-03-06,5320.0
2019-03-07,5335.0
2019-03-08,5230.0
2019-03-11,5230.0
2019-03-12,5230.0
2019-03-13,5200.0
2019-03-14,5175.0
2019-03-15,5150.0
2019-03-18,5110.0
2019-03-19,5095.0
2019-03-20,5105.0
2019-03-21,5150.0
2019-03-22,5110.0
2019-03-25,5060.0
2019-03-26,5035.0
2019-03-27,4945.0
2019-03-28,4820.0
2019-03-29,4815.0
2019-04-01,4775.0
2019-04-02,4775.0
2019-04-03,4760.0
2019-04-04,4710.0
2019-04-08,4810.0
