date,MOGAS
2009/6/2,72.8
2009/6/3,72.8
2009/6/4,72.8
2009/6/5,72.8
2009/6/8,72.8
2009/6/9,72.8
2009/6/10,72.8
2009/6/11,72.8
2009/6/12,72.8
2009/6/15,72.8
2009/6/16,72.8
2009/6/17,72.8
2009/6/18,72.8
2009/6/19,75.939
2009/6/22,72.551
2009/6/23,73.409
2009/6/24,74.444
2009/6/25,75.58
2009/6/26,74.028
2009/6/29,76.866
2009/6/30,75.834
2009/7/1,76.615
2009/7/2,75.417
2009/7/6,72.59
2009/7/7,71.532
2009/7/8,69.47
2009/7/9,70.023
2009/7/10,69.466
2009/7/13,70.173
2009/7/14,66.006
2009/7/15,66.907
2009/7/16,66.721
2009/7/17,69.444
2009/7/20,69.445
2009/7/21,70.816
2009/7/22,70.672
2009/7/23,73.224
2009/7/24,73.061
2009/7/27,74.122
2009/7/28,72.395
2009/7/29,70.001
2009/7/30,71.818
2009/7/31,71.486
2009/8/3,72.636
2009/8/4,82.333
2009/8/5,82.751
2009/8/6,83.079
2009/8/7,82.513
2009/8/10,82.315
2009/8/11,83.074
2009/8/12,82.221
2009/8/13,82.509
2009/8/14,81.031
2009/8/17,76.15
2009/8/18,76.15
2009/8/19,80.241
2009/8/20,81.149
2009/8/21,78.705
2009/8/24,79.018
2009/8/25,79.66
2009/8/26,79.69
2009/8/27,79.421
2009/8/28,79.563
2009/8/31,79.556
2009/9/1,79.452
2009/9/2,79.415
2009/9/3,79.474
2009/9/4,79.694
2009/9/8,73.35
2009/9/9,73.619
2009/9/10,76.35
2009/9/11,73.658
2009/9/14,72.151
2009/9/15,72.033
2009/9/16,74.7
2009/9/17,77.7
2009/9/18,77.464
2009/9/21,77.534
2009/9/22,76.871
2009/9/23,77.021
2009/9/24,68.8
2009/9/25,68.095
2009/9/28,67.89
2009/9/29,68.062
2009/9/30,68.044
2009/10/1,68.172
2009/10/2,68.165
2009/10/5,68.362
2009/10/6,68.308
2009/10/7,68.3
2009/10/8,68.448
2009/10/9,68.195
2009/10/12,69.807
2009/10/13,70.264
2009/10/14,71.422
2009/10/15,72.684
2009/10/16,73.907
2009/10/19,74.847
2009/10/20,75.457
2009/10/21,75.458
2009/10/22,76.14
2009/10/23,76.502
2009/10/26,76.431
2009/10/27,76.295
2009/10/28,76.357
2009/10/29,76.059
2009/10/30,76.246
2009/11/2,76.702
2009/11/3,76.83
2009/11/4,76.746
2009/11/5,76.751
2009/11/6,81.017
2009/11/9,79.718
2009/11/10,80.552
2009/11/11,81.006
2009/11/12,81.007
2009/11/13,80.066
2009/11/16,80.138
2009/11/17,80.734
2009/11/18,81.154
2009/11/19,81.158
2009/11/20,81.082
2009/11/23,81.057
2009/11/24,80.788
2009/11/25,80.616
2009/11/27,80.721
2009/11/30,80.661
2010/1/4,78.999
2010/1/5,78.987
2010/1/6,79.131
2010/1/7,79.224
2010/1/8,87.557
2010/1/11,89.034
2010/1/12,88.073
2010/1/13,86.589
2010/1/14,86.714
2010/1/15,86.45
2010/1/19,86.425
2010/1/20,86.574
2010/1/21,86.583
2010/1/22,85.844
2010/1/25,85.688
2010/1/26,85.892
2010/1/27,85.819
2010/1/28,85.876
2010/1/29,85.847
2010/2/1,81.116
2010/2/2,83.641
2010/2/3,85.831
2010/2/4,82.794
2010/2/5,79.567
2010/2/8,78.645
2010/2/9,81.84
2010/2/10,80.629
2010/2/11,81.036
2010/2/12,81.249
2010/2/16,82.833
2010/2/17,84.122
2010/2/18,83.709
2010/2/19,85.157
2010/2/22,86.24
2010/2/23,86.517
2010/2/24,84.887
2010/2/25,85.671
2010/2/26,84.334
2010/3/1,87.05
2010/3/2,86.766
2010/3/3,87.409
2010/3/4,88.212
2010/3/5,88.468
2010/3/8,89.145
2010/3/9,88.592
2010/3/10,88.899
2010/3/11,89.459
2010/3/12,89.247
2010/3/15,90.016
2010/3/16,89.133
2010/3/17,90.734
2010/3/18,90.894
2010/3/19,89.476
2010/3/22,89.321
2010/3/23,89.739
2010/3/24,88.834
2010/3/25,89.02
2010/3/26,87.796
2010/3/29,89.131
2010/3/30,89.11
2010/3/31,90.148
2010/4/1,90.334
2010/4/5,92.176
2010/4/6,91.478
2010/4/7,92.241
2010/4/8,90.79
2010/4/9,91.154
2010/4/12,91.034
2010/4/13,90.062
2010/4/14,91.214
2010/4/15,91.424
2010/4/16,89.738
2010/4/19,88.135
2010/4/20,89.657
2010/4/21,90.666
2010/4/22,89.75
2010/4/23,91.281
2010/4/26,93.086
2010/4/27,91.643
2010/4/28,91.692
2010/4/29,92.226
2010/4/30,93.558
2010/5/3,95.658
2010/5/4,91.738
2010/5/5,87.718
2010/5/6,84.858
2010/5/7,84.018
2010/5/10,85.688
2010/5/11,85.584
2010/5/12,86.966
2010/5/13,86.717
2010/5/14,84.475
2010/5/17,81.699
2010/5/18,80.62
2010/5/19,79.57
2010/5/20,78.415
2010/5/21,76.921
2010/5/24,76.992
2010/5/25,75.673
2010/5/26,77.276
2010/5/27,80.288
2010/5/28,79.473
2010/6/1,78.428
2010/6/2,79.808
2010/6/3,81.797
2010/6/4,78.398
2010/6/7,78.677
2010/6/8,78.458
2010/6/9,80.428
2010/6/10,80.741
2010/6/11,81.187
2010/6/14,81.342
2010/6/15,82.559
2010/6/16,83.869
2010/6/17,84.748
2010/6/18,84.418
2010/6/21,84.548
2010/6/22,83.362
2010/6/23,81.847
2010/6/24,81.502
2010/6/25,84.118
2010/6/28,83.899
2010/6/29,81.09
2010/6/30,80.096
2010/7/1,78.166
2010/7/2,77.074
2010/7/6,76.008
2010/7/7,77.937
2010/7/8,80.201
2010/7/9,80.379
2010/7/12,80.068
2010/7/13,80.754
2010/7/14,81.311
2010/7/15,81.442
2010/7/16,80.559
2010/7/19,80.79
2010/7/20,81.486
2010/7/21,80.786
2010/7/22,83.246
2010/7/23,83.341
2010/7/26,82.979
2010/7/27,81.329
2010/7/28,80.882
2010/7/29,82.497
2010/7/30,83.248
2010/8/2,85.748
2010/8/3,86.789
2010/8/4,86.298
2010/8/5,85.718
2010/8/6,84.379
2010/8/9,84.688
2010/8/10,83.939
2010/8/11,80.898
2010/8/12,78.218
2010/8/13,78.018
2010/8/16,79.032
2010/8/17,79.278
2010/8/18,79.605
2010/8/19,78.928
2010/8/20,77.83
2010/8/23,77.219
2010/8/24,75.743
2010/8/25,76.507
2010/8/26,78.159
2010/8/27,80.029
2010/8/30,80.186
2010/8/31,78.439
2010/9/1,77.289
2010/9/2,78.469
2010/9/3,77.958
2010/9/7,78.759
2010/9/8,79.009
2010/9/9,77.307
2010/9/10,78.086
2010/9/13,78.703
2010/9/14,78.684
2010/9/15,78.456
2010/9/16,77.783
2010/9/17,77.977
2010/9/20,77.858
2010/9/21,77.391
2010/9/22,76.558
2010/9/23,76.805
2010/9/24,77.692
2010/9/27,77.797
2010/9/28,77.972
2010/9/29,80.017
2010/9/30,82.077
2010/10/1,82.617
2010/10/4,82.788
2010/10/5,84.417
2010/10/6,85.047
2010/10/7,84.047
2010/10/8,84.897
2010/10/11,85.747
2010/10/12,84.447
2010/10/13,86.856
2010/10/14,87.109
2010/10/15,85.01
2010/10/18,85.503
2010/10/19,83.177
2010/10/20,84.478
2010/10/21,83.412
2010/10/22,84.591
2010/10/25,85.619
2010/10/26,85.123
2010/10/27,85.328
2010/10/28,85.61
2010/10/29,84.329
2010/11/1,85.089
2010/11/2,85.539
2010/11/3,86.658
2010/11/4,88.409
2010/11/5,88.539
2010/11/8,88.589
2010/11/9,88.359
2010/11/10,92.13
2010/11/11,92.328
2010/11/12,89.48
2010/11/15,90.218
2010/11/16,88.898
2010/11/17,88.201
2010/11/18,89.504
2010/11/19,89.561
2010/11/22,88.697
2010/11/23,87.422
2010/11/24,90.407
2010/11/26,91.026
2010/11/29,93.512
2010/11/30,91.84
2010/12/1,95.05
2010/12/2,97.74
2010/12/3,97.99
2010/12/6,97.87
2010/12/7,97.43
2010/12/8,96.24
2010/12/9,96.76
2010/12/10,96.13
2010/12/13,96.77
2010/12/14,96.17
2010/12/15,96.32
2010/12/16,96.52
2010/12/17,96.48
2010/12/20,99.506
2010/12/21,100.298
2010/12/22,101.132
2010/12/23,101.761
2010/12/27,101.324
2010/12/28,101.9
2010/12/29,101.276
2010/12/30,100.915
2010/12/31,102.848
2011/1/3,103.138
2011/1/4,101.868
2011/1/5,103.818
2011/1/6,103.398
2011/1/7,102.348
2011/1/10,104.428
2011/1/11,105.868
2011/1/12,105.157
2011/1/13,104.828
2011/1/14,105.898
2011/1/18,106.773
2011/1/19,106.792
2011/1/20,105.114
2011/1/21,106.094
2011/1/24,105.576
2011/1/25,102.767
2011/1/26,104.391
2011/1/27,103.456
2011/1/28,105.59
2011/1/31,107.14
2011/2/1,108.679
2011/2/2,108.759
2011/2/3,108.089
2011/2/4,105.489
2011/2/7,105.499
2011/2/8,107.209
2011/2/9,109.039
2011/2/10,107.459
2011/2/11,105.132
2011/2/14,107.608
2011/2/15,106.054
2011/2/16,108.113
2011/2/17,109.146
2011/2/18,109.482
2011/2/22,112.093
2011/2/23,114.822
2011/2/24,118.254
2011/2/25,116.393
2011/2/28,116.533
2011/3/1,118.802
2011/3/2,121.099
2011/3/3,119.858
2011/3/4,121.58
2011/3/7,121.29
2011/3/8,118.161
2011/3/9,120.539
2011/3/10,119.194
2011/3/11,119.672
2011/3/14,118.069
2011/3/15,113.44
2011/3/16,114.653
2011/3/17,117.478
2011/3/18,117.637
2011/3/21,119.326
2011/3/22,119.185
2011/3/23,119.94
2011/3/24,120.235
2011/3/25,120.295
2011/3/28,120.088
2011/3/29,120.443
2011/3/30,120.946
2011/3/31,122.514
2011/4/1,122.784
2011/4/4,124.04
2011/4/5,125.325
2011/4/6,125.213
2011/4/7,125.22
2011/4/8,128.637
2011/4/11,128.008
2011/4/12,125.035
2011/4/13,126.489
2011/4/14,127.114
2011/4/15,128.659
2011/4/18,126.072
2011/4/19,125.639
2011/4/20,128.366
2011/4/21,129.375
2011/4/25,129.375
2011/4/26,130.474
2011/4/27,132.691
2011/4/28,133.08
2011/4/29,133.08
2011/5/2,133.5
2011/5/3,131.485
2011/5/4,129.057
2011/5/5,122.306
2011/5/6,119.53
2011/5/9,123.344
2011/5/10,125.816
2011/5/11,118.441
2011/5/12,117
2011/5/13,117.322
2011/5/16,115.172
2011/5/17,113.052
2011/5/18,115.744
2011/5/19,116.19
2011/5/20,116.21
2011/5/23,114.956
2011/5/24,116.142
2011/5/25,118.032
2011/5/26,118.76
2011/5/27,119.366
2011/5/31,120.676
2011/6/1,118.2
2011/6/2,115.782
2011/6/3,117.341
2011/6/6,117.887
2011/6/7,117.463
2011/6/8,119.999
2011/6/9,121.239
2011/6/10,119.924
2011/6/13,119.315
2011/6/14,120.953
2011/6/15,117.745
2011/6/16,115.989
2011/6/17,115.721
2011/6/20,114.865
2011/6/21,113.239
2011/6/22,116.767
2011/6/23,112.586
2011/6/24,109.049
2011/6/27,109.404
2011/6/28,112.895
2011/6/29,116.958
2011/6/30,116.307
2011/7/1,115.38
2011/7/5,117.971
2011/7/6,117.716
2011/7/7,122.6
2011/7/8,122.814
2011/7/11,121.245
2011/7/12,121.507
2011/7/13,124.106
2011/7/14,122.812
2011/7/15,123.423
2011/7/18,121.821
2011/7/19,122.443
2011/7/20,122.325
2011/7/21,123.675
2011/7/22,124.441
2011/7/25,124.299
2011/7/26,125.323
2011/7/27,124.806
2011/7/28,123.338
2011/7/29,122.89
2011/8/1,121.837
2011/8/2,122.225
2011/8/3,118.244
2011/8/4,112.917
2011/8/5,112.352
2011/8/8,110.381
2011/8/9,109.045
2011/8/10,109.523
2011/8/11,111.19
2011/8/12,113.138
2011/8/15,113.917
2011/8/16,115.194
2011/8/17,116.613
2011/8/18,112.955
2011/8/19,115.169
2011/8/22,113.673
2011/8/23,116.14
2011/8/24,117.832
2011/8/25,118.098
2011/8/26,117.735
2011/8/29,117.735
2011/8/30,120.343
2011/8/31,121.043
2011/9/1,120.642
2011/9/2,118.253
2011/9/6,115.54
2011/9/7,120.772
2011/9/8,120.357
2011/9/9,116.118
2011/9/12,116.179
2011/9/13,116.383
2011/9/14,116.01
2011/9/15,119.364
2011/9/16,119.566
2011/9/19,116.22
2011/9/20,117.025
2011/9/21,118.031
2011/9/22,112.265
2011/9/23,111.818
2011/9/26,110.656
2011/9/27,114.456
2011/9/28,115.791
2011/9/29,114.934
2011/9/30,113.022
2011/10/3,107.887
2011/10/4,106.388
2011/10/5,107.659
2011/10/6,109.037
2011/10/7,112.193
2011/10/10,115.067
2011/10/11,114.536
2011/10/12,115.743
2011/10/13,114.71
2011/10/14,118.366
2011/10/17,118.175
2011/10/18,116.57
2011/10/19,116.193
2011/10/20,113.646
2011/10/21,116.449
2011/10/24,116.756
2011/10/25,116.018
2011/10/26,115.895
2011/10/27,117.573
2011/10/28,115.826
2011/10/31,112.653
2011/11/1,109.268
2011/11/2,112.627
2011/11/3,112.521
2011/11/4,113.545
2011/11/7,115.546
2011/11/8,116.038
2011/11/9,114.933
2011/11/10,111.962
2011/11/11,111.007
2011/11/14,108.492
2011/11/15,110.105
2011/11/16,111.61
2011/11/17,108.94
2011/11/18,106.731
2011/11/21,105.988
2011/11/22,108.317
2011/11/23,106.751
2011/11/25,105.833
2011/11/28,107.665
2011/11/29,109.549
2011/11/30,110.448
2011/12/1,108.92
2011/12/2,110.737
2011/12/5,112.085
2011/12/6,112.308
2011/12/7,111.29
2011/12/8,110.006
2011/12/9,110.961
2011/12/12,111.097
2011/12/13,112.441
2011/12/14,108.962
2011/12/15,108.44
2011/12/16,107.559
2011/12/19,108.029
2011/12/20,110.675
2011/12/21,111.105
2011/12/22,112.654
2011/12/23,112.211
2011/12/27,112.211
2011/12/28,112.329
2011/12/29,112.652
2011/12/30,112.903
2012/1/3,115.883
2012/1/4,117.734
2012/1/5,118.226
2012/1/6,117.66
2012/1/9,117.953
2012/1/10,119.206
2012/1/11,117.986
2012/1/12,119.162
2012/1/13,117.097
2012/1/17,119.248
2012/1/18,120.408
2012/1/19,120.264
2012/1/20,118.843
2012/1/23,119.698
2012/1/24,119.148
2012/1/25,120.801
2012/1/26,121.258
2012/1/27,123.555
2012/1/30,121.983
2012/1/31,122.087
2012/2/1,121.913
2012/2/2,120.78
2012/2/3,122.203
2012/2/6,124.107
2012/2/7,125.302
2012/2/8,124.826
2012/2/9,127.266
2012/2/10,126.523
2012/2/13,127.802
2012/2/14,126.901
2012/2/15,127.998
2012/2/16,129.431
2012/2/17,128.859
2012/2/21,130.62
2012/2/22,131.378
2012/2/23,132.111
2012/2/24,133.051
2012/2/27,133.077
2012/2/28,131.81
2012/2/29,130.72
2012/3/1,132.038
2012/3/2,131.61
2012/3/5,131.586
2012/3/6,130.432
2012/3/7,131.529
2012/3/8,133.828
2012/3/9,134.174
2012/3/12,134.42
2012/3/13,136.086
2012/3/14,135.958
2012/3/15,133.401
2012/3/16,134.854
2012/3/19,135.704
2012/3/20,134.64
2012/3/21,134.116
2012/3/22,132.88
2012/3/23,135.189
2012/3/26,136.242
2012/3/27,135.56
2012/3/28,134.169
2012/3/29,133.442
2012/3/30,133.882
2012/4/2,132.901
2012/4/3,134.227
2012/4/4,132.06
2012/4/5,131.441
2012/4/9,131.441
2012/4/10,129.709
2012/4/11,129.094
2012/4/12,129.91
2012/4/13,129.866
2012/4/16,127.732
2012/4/17,127.242
2012/4/18,125.359
2012/4/19,125.986
2012/4/20,126.313
2012/4/23,125.543
2012/4/24,126.234
2012/4/25,125.063
2012/4/26,126.698
2012/4/27,126.668
2012/4/30,126.433
2012/5/1,124.562
2012/5/2,123.204
2012/5/3,121.976
2012/5/4,118.136
2012/5/7,118.136
2012/5/8,117.072
2012/5/9,117.516
2012/5/10,117.986
2012/5/11,118.372
2012/5/14,116.354
2012/5/15,116.355
2012/5/16,116.522
2012/5/17,114.387
2012/5/18,113.949
2012/5/21,114.456
2012/5/22,115.2
2012/5/23,112.904
2012/5/24,112.96
2012/5/25,114.047
2012/5/29,114.344
2012/5/30,111.061
2012/5/31,109.734
2012/6/1,103.484
2012/6/4,103.975
2012/6/5,103.975
2012/6/6,105.984
2012/6/7,104.405
2012/6/8,102.687
2012/6/11,103.357
2012/6/12,102.269
2012/6/13,102.322
2012/6/14,102.29
2012/6/15,102.659
2012/6/18,100.524
2012/6/19,100.052
2012/6/20,98.439
2012/6/21,94.468
2012/6/22,94.498
2012/6/25,95.091
2012/6/26,96.592
2012/6/27,97.565
2012/6/28,96.789
2012/6/29,100.043
2012/7/2,99.287
2012/7/3,103.433
2012/7/5,104.158
2012/7/6,103.034
2012/7/9,103.378
2012/7/10,104.162
2012/7/11,104.928
2012/7/12,104.329
2012/7/13,106.841
2012/7/16,108.197
2012/7/17,109.203
2012/7/18,110.855
2012/7/19,113.675
2012/7/20,113.122
2012/7/23,110.545
2012/7/24,110.365
2012/7/25,108.276
2012/7/26,110.96
2012/7/27,113.143
2012/7/30,114.147
2012/7/31,113.072
2012/8/1,111.687
2012/8/2,112.392
2012/8/3,114.726
2012/8/6,114.812
2012/8/7,118.422
2012/8/8,119.902
2012/8/9,120.229
2012/8/10,120.932
2012/8/13,121.024
2012/8/14,119.658
2012/8/15,120.668
2012/8/16,122.252
2012/8/17,121.288
2012/8/20,122.001
2012/8/21,122.423
2012/8/22,122.099
2012/8/23,122.564
2012/8/24,122.297
2012/8/27,122.297
2012/8/28,119.827
2012/8/29,120.165
2012/8/30,118.931
2012/8/31,120.042
2012/9/4,120.201
2012/9/5,119.365
2012/9/6,121.363
2012/9/7,121.311
2012/9/10,122.633
2012/9/11,122.818
2012/9/12,123.464
2012/9/13,122.274
2012/9/14,123.966
2012/9/17,122.756
2012/9/18,119.602
2012/9/19,115.967
2012/9/20,118.262
2012/9/21,120.154
2012/9/24,119.311
2012/9/25,119.78
2012/9/26,119.5
2012/9/27,122.982
2012/9/28,122.892
2012/10/1,117.615
2012/10/2,117.962
2012/10/3,114.886
2012/10/4,117.819
2012/10/5,119.89
2012/10/8,120.39
2012/10/9,122.218
2012/10/10,123.658
2012/10/11,124.239
2012/10/12,121.779
2012/10/15,121.385
2012/10/16,121.368
2012/10/17,119.495
2012/10/18,117.147
2012/10/19,115.963
2012/10/22,114.672
2012/10/23,110.516
2012/10/24,109.957
2012/10/25,110.986
2012/10/26,111.618
2012/10/29,112.553
2012/10/30,111.984
2012/10/31,112.543
2012/11/1,111.031
2012/11/2,109.123
2012/11/5,109.339
2012/11/6,113.221
2012/11/7,111.657
2012/11/8,110.632
2012/11/9,111.915
2012/11/12,114.428
2012/11/13,112.68
2012/11/14,114.497
2012/11/15,114.531
2012/11/16,115.276
2012/11/19,117.572
2012/11/20,114.759
2012/11/21,116.191
2012/11/23,117.162
2012/11/26,116.467
2012/11/27,116.238
2012/11/28,115.198
2012/11/29,117.288
2012/11/30,118.098
2012/12/3,117.041
2012/12/4,115.157
2012/12/5,113.667
2012/12/6,111.878
2012/12/7,112.411
2012/12/10,112.997
2012/12/11,112.791
2012/12/12,113.888
2012/12/13,112.93
2012/12/14,113.274
2012/12/17,114.134
2012/12/18,115.058
2012/12/19,116.316
2012/12/20,116.594
2012/12/21,115.576
2012/12/24,115.171
2012/12/26,115.171
2012/12/27,118.026
2012/12/28,117.868
2012/12/31,117.131
2013/1/2,118.537
2013/1/3,118.38
2013/1/4,116.198
2013/1/7,117.551
2013/1/8,118.212
2013/1/9,118.073
2013/1/10,118.558
2013/1/11,115.871
2013/1/14,116.241
2013/1/15,116.731
2013/1/16,116.889
2013/1/17,117.324
2013/1/18,118.228
2013/1/22,120.325
2013/1/23,120.641
2013/1/24,121.581
2013/1/25,122.051
2013/1/28,123.423
2013/1/29,123.46
2013/1/30,125.591
2013/1/31,125.614
2013/2/1,125.291
2013/2/4,124.672
2013/2/5,125.545
2013/2/6,126.743
2013/2/7,127.06
2013/2/8,129.496
2013/2/11,128.544
2013/2/12,128.413
2013/2/13,128.793
2013/2/14,129.956
2013/2/15,130.134
2013/2/19,129.552
2013/2/20,128.932
2013/2/21,127.993
2013/2/22,128.432
2013/2/25,128.452
2013/2/26,125.56
2013/2/27,123.725
2013/2/28,122.4
2013/3/1,120.481
2013/3/4,119.66
2013/3/5,121.457
2013/3/6,120.418
2013/3/7,120.078
2013/3/8,120.503
2013/3/11,118.23
2013/3/12,118.1
2013/3/13,117.844
2013/3/14,118.449
2013/3/15,119.911
2013/3/18,119.141
2013/3/19,116.919
2013/3/20,119.201
2013/3/21,116.491
2013/3/22,116.362
2013/3/25,117.018
2013/3/26,119.279
2013/3/27,118.79
2013/3/28,119.553
2013/4/1,117.261
2013/4/2,115.642
2013/4/3,110.429
2013/4/4,110.75
2013/4/5,109.416
2013/4/8,110.41
2013/4/9,111.336
2013/4/10,109.314
2013/4/11,108.156
2013/4/12,106.844
2013/4/15,104.726
2013/4/16,105.73
2013/4/17,104.064
2013/4/18,105.643
2013/4/19,106.506
2013/4/22,106.828
2013/4/23,105.113
2013/4/24,106.994
2013/4/25,109.304
2013/4/26,109.576
2013/4/29,109.35
2013/4/30,108.282
2013/5/1,103.82
2013/5/2,106.407
2013/5/3,108.45
2013/5/6,110.243
2013/5/7,109.671
2013/5/8,109.929
2013/5/9,110.77
2013/5/10,110.114
2013/5/13,108.698
2013/5/14,109.017
2013/5/15,110.519
2013/5/16,110.751
2013/5/17,112.006
2013/5/20,112.007
2013/5/21,110.93
2013/5/22,110.246
2013/5/23,110.746
2013/5/24,111.233
2013/5/28,112.692
2013/5/29,111.109
2013/5/30,111.113
2013/5/31,109.778
2013/6/3,108.592
2013/6/4,110.376
2013/6/5,110.284
2013/6/6,111.116
2013/6/7,112.039
2013/6/10,111.978
2013/6/11,111.231
2013/6/12,110.803
2013/6/13,112.648
2013/6/14,113.712
2013/6/17,111.997
2013/6/18,112.939
2013/6/19,113.542
2013/6/20,109.601
2013/6/21,108.748
2013/6/24,109.378
2013/6/25,109.377
2013/6/26,109.584
2013/6/27,110.146
2013/6/28,109.8
2013/7/1,108.075
2013/7/2,109.545
2013/7/3,111.839
2013/7/5,113.717
2013/7/8,112.636
2013/7/9,114.341
2013/7/10,117.405
2013/7/11,116.7
2013/7/12,118.166
2013/7/15,117.69
2013/7/16,117.862
2013/7/17,117.582
2013/7/18,117.936
2013/7/19,117.699
2013/7/22,116.274
2013/7/23,115.762
2013/7/24,115.341
2013/7/25,114.53
2013/7/26,115.408
2013/7/29,114.631
2013/7/30,114.355
2013/7/31,115.236
2013/8/1,114.58
2013/8/2,113.091
2013/8/5,111.69
2013/8/6,111.273
2013/8/7,111.01
2013/8/8,110.703
2013/8/9,112.282
2013/8/12,112.791
2013/8/13,114.21
2013/8/14,114.584
2013/8/15,114.407
2013/8/16,114.46
2013/8/19,113.733
2013/8/20,113.688
2013/8/21,113.354
2013/8/22,114.016
2013/8/23,115.076
2013/8/26,113.556
2013/8/27,117.975
2013/8/28,119.606
2013/8/29,118.453
2013/8/30,117.605
2013/9/3,116.676
2013/9/4,117.069
2013/9/5,117.286
2013/9/6,117.207
2013/9/9,114.961
2013/9/10,112.042
2013/9/11,111.485
2013/9/12,113.601
2013/9/13,114.246
2013/9/16,112.506
2013/9/17,110.207
2013/9/18,113.625
2013/9/19,112.254
2013/9/20,111.937
2013/9/23,110.309
2013/9/24,112.141
2013/9/25,111.96
2013/9/26,113.075
2013/9/27,111.542
2013/9/30,110.883
2013/10/1,109.334
2013/10/2,110.775
2013/10/3,110.736
2013/10/4,110.307
2013/10/7,111.224
2013/10/8,111.125
2013/10/9,110.666
2013/10/10,113.145
2013/10/11,112.823
2013/10/14,112.839
2013/10/15,112.058
2013/10/16,113.439
2013/10/17,111.688
2013/10/18,112.646
2013/10/21,111.992
2013/10/22,111.458
2013/10/23,109.417
2013/10/24,109.824
2013/10/25,109.232
2013/10/28,110.487
2013/10/29,109.759
2013/10/30,111.037
2013/10/31,109.863
2013/11/1,107.524
2013/11/4,106.981
2013/11/5,106.52
2013/11/6,107.139
2013/11/7,106.291
2013/11/8,108.11
2013/11/11,109.574
2013/11/12,108.755
2013/11/13,110.293
2013/11/14,112.112
2013/11/15,111.414
2013/11/18,111.325
2013/11/19,110.764
2013/11/20,111.993
2013/11/21,114.829
2013/11/22,114.38
2013/11/25,113.606
2013/11/26,114.683
2013/11/27,114.78
2013/11/29,112.597
2013/12/2,113.759
2013/12/3,115.762
2013/12/4,114.791
2013/12/5,114.517
2013/12/6,115.731
2013/12/9,113.923
2013/12/10,114.593
2013/12/11,114.51
2013/12/12,113.204
2013/12/13,113.304
2013/12/16,113.972
2013/12/17,113.534
2013/12/18,114.847
2013/12/19,116.381
2013/12/20,117.426
2013/12/23,117.649
2013/12/24,119.081
2013/12/26,119.144
2013/12/27,118.72
2013/12/30,118.099
2013/12/31,118.171
2014/1/2,113.556
2014/1/3,112.816
2014/1/6,112.807
2014/1/7,114.057
2014/1/8,113.41
2014/1/9,113.066
2014/1/10,114.07
2014/1/13,113.002
2014/1/14,112.757
2014/1/15,113.318
2014/1/16,111.917
2014/1/17,112.874
2014/1/21,113.039
2014/1/22,115.227
2014/1/23,114.728
2014/1/24,114.632
2014/1/27,113.265
2014/1/28,113.816
2014/1/29,114.806
2014/1/30,114.923
2014/1/31,112.698
2014/2/3,112.347
2014/2/4,112.101
2014/2/5,112.627
2014/2/6,113.909
2014/2/7,116.378
2014/2/10,116.017
2014/2/11,117.181
2014/2/12,117.207
2014/2/13,117.337
2014/2/14,117.745
2014/2/18,118.025
2014/2/19,117.736
2014/2/20,119.123
2014/2/21,118.083
2014/2/24,118.498
2014/2/25,117.619
2014/2/26,117.844
2014/2/27,116.863
2014/2/28,117.736
2014/3/3,118.825
2014/3/4,117.215
2014/3/5,115.329
2014/3/6,115.947
2014/3/7,117.454
2014/3/10,116.463
2014/3/11,116.79
2014/3/12,116.07
2014/3/13,115.386
2014/3/14,116.199
2014/3/17,113.33
2014/3/18,114.42
2014/3/19,113.366
2014/3/20,114.222
2014/3/21,114.335
2014/3/24,113.613
2014/3/25,113.592
2014/3/26,114.45
2014/3/27,115.418
2014/3/28,115.585
2014/3/31,115.367
2014/4/1,112.364
2014/4/2,112.433
2014/4/3,114.141
2014/4/4,115.28
2014/4/7,115.527
2014/4/8,117.062
2014/4/9,117.415
2014/4/10,117.541
2014/4/11,117.224
2014/4/14,118.41
2014/4/15,118.633
2014/4/16,118.692
2014/4/17,119.532
2014/4/21,120.12
2014/4/22,119.58
2014/4/23,119.277
2014/4/24,119.378
2014/4/25,118.838
2014/4/28,116.958
2014/4/29,117.61
2014/4/30,116.195
2014/5/1,114.583
2014/5/2,114.574
2014/5/5,113.634
2014/5/6,112.463
2014/5/7,114.329
2014/5/8,114.424
2014/5/9,113.947
2014/5/12,114.813
2014/5/13,115.386
2014/5/14,116.557
2014/5/15,116.364
2014/5/16,116.638
2014/5/19,116.869
2014/5/20,117.195
2014/5/21,118.013
2014/5/22,118.222
2014/5/23,119.101
2014/5/27,118.317
2014/5/28,119.108
2014/5/29,118.568
2014/5/30,117.207
2014/6/2,114.821
2014/6/3,114.598
2014/6/4,113.8
2014/6/5,114.812
2014/6/6,114.081
2014/6/9,115.805
2014/6/10,115.436
2014/6/11,115.997
2014/6/12,119.116
2014/6/13,118.306
2014/6/16,119.373
2014/6/17,120.468
2014/6/18,120.97
2014/6/19,122.134
2014/6/20,123.466
2014/6/23,121.372
2014/6/24,121.969
2014/6/25,121.591
2014/6/26,121.685
2014/6/27,123.064
2014/6/30,122.794
2014/7/1,119.303
2014/7/2,118.165
2014/7/3,118.427
2014/7/7,118.12
2014/7/8,117.262
2014/7/9,116.725
2014/7/10,118.03
2014/7/11,116.35
2014/7/14,117.15
2014/7/15,115.855
2014/7/16,115.022
2014/7/17,114.647
2014/7/18,114.243
2014/7/21,115.019
2014/7/22,114.948
2014/7/23,114.511
2014/7/24,114.848
2014/7/25,114.126
2014/7/28,113.534
2014/7/29,113.916
2014/7/30,112.432
2014/7/31,115.395
2014/8/1,109.06
2014/8/4,108.847
2014/8/5,108.364
2014/8/6,109.061
2014/8/7,110.319
2014/8/8,109.524
2014/8/11,110.158
2014/8/12,109.412
2014/8/13,110.128
2014/8/14,106.238
2014/8/15,107.959
2014/8/18,106.824
2014/8/19,107.828
2014/8/20,107.96
2014/8/21,108.912
2014/8/22,108.647
2014/8/25,108.756
2014/8/26,108.901
2014/8/27,109.149
2014/8/28,109.567
2014/8/29,110.486
2014/9/2,106.655
2014/9/3,109.807
2014/9/4,108.724
2014/9/5,108.474
2014/9/8,107.719
2014/9/9,107.087
2014/9/10,106.359
2014/9/11,105.957
2014/9/12,105.978
2014/9/15,106.276
2014/9/16,106.915
2014/9/17,106.946
2014/9/18,105.924
2014/9/19,106.672
2014/9/22,105.278
2014/9/23,105.728
2014/9/24,106.305
2014/9/25,106.766
2014/9/26,105.15
2014/9/29,106.16
2014/9/30,103.983
2014/10/1,101.837
2014/10/2,101.216
2014/10/3,99.914
2014/10/6,100.766
2014/10/7,99.736
2014/10/8,98.398
2014/10/9,96.753
2014/10/10,96.928
2014/10/13,96.281
2014/10/14,92.156
2014/10/15,90.641
2014/10/16,93.132
2014/10/17,93.285
2014/10/20,92.16
2014/10/21,92.658
2014/10/22,90.806
2014/10/23,93.268
2014/10/24,92.45
2014/10/27,92.843
2014/10/28,93.409
2014/10/29,94.745
2014/10/30,94.817
2014/10/31,94.391
2014/11/3,91.544
2014/11/4,89.45
2014/11/5,89.713
2014/11/6,90.883
2014/11/7,91.16
2014/11/10,90.107
2014/11/11,89.337
2014/11/12,88.484
2014/11/13,84.684
2014/11/14,86.68
2014/11/17,85.984
2014/11/18,86.038
2014/11/19,85.21
2014/11/20,85.088
2014/11/21,86.862
2014/11/24,87.027
2014/11/25,86.345
2014/11/26,86.295
2014/11/28,77.572
2014/12/1,79.439
2014/12/2,76.946
2014/12/3,76.077
2014/12/4,75.434
2014/12/5,74.791
2014/12/8,72.014
2014/12/9,72.611
2014/12/10,69.723
2014/12/11,68.95
2014/12/12,67.648
2014/12/15,66.582
2014/12/16,65.499
2014/12/17,67.003
2014/12/18,65.494
2014/12/19,67.153
2014/12/22,66.123
2014/12/23,67.747
2014/12/24,65.492
2014/12/26,65.223
2014/12/29,63.083
2014/12/30,62.958
2014/12/31,62.74
2015/1/2,61.546
2015/1/5,59.399
2015/1/6,57.104
2015/1/7,57.346
2015/1/8,57.294
2015/1/9,56.264
2015/1/12,53.972
2015/1/13,53.168
2015/1/14,56.697
2015/1/15,54.667
2015/1/16,56.773
2015/1/20,53.973
2015/1/21,54.981
2015/1/22,54.967
2015/1/23,55.245
2015/1/26,53.93
2015/1/27,56.011
2015/1/28,55.183
2015/1/29,56.544
2015/1/30,60.431
2015/2/2,63.825
2015/2/3,67.326
2015/2/4,62.907
2015/2/5,64.728
2015/2/6,66.866
2015/2/9,67.799
2015/2/10,66.591
2015/2/11,65.306
2015/2/12,67.802
2015/2/13,70.213
2015/2/17,69.539
2015/2/18,68.835
2015/2/19,69.346
2015/2/20,69.456
2015/2/23,68.754
2015/2/24,68.704
2015/2/25,73.299
2015/2/26,71.802
2015/2/27,74.584
2015/3/2,71.36
2015/3/3,73.322
2015/3/4,72.615
2015/3/5,72.305
2015/3/6,71.489
2015/3/9,71.227
2015/3/10,69.369
2015/3/11,69.536
2015/3/12,69.049
2015/3/13,66.666
2015/3/16,65.322
2015/3/17,65.173
2015/3/18,67.571
2015/3/19,66.937
2015/3/20,68.013
2015/3/23,68.481
2015/3/24,68.488
2015/3/25,69.736
2015/3/26,72.037
2015/3/27,68.849
2015/3/30,68.492
2015/3/31,67.395
2015/4/1,67.721
2015/4/2,65.087
2015/4/6,68.368
2015/4/7,70.186
2015/4/8,65.427
2015/4/9,66.405
2015/4/10,68.314
2015/4/13,68.666
2015/4/14,70.005
2015/4/15,74.09
2015/4/16,74.065
2015/4/17,73.748
2015/4/20,73.851
2015/4/21,72.122
2015/4/22,73.634
2015/4/23,76.87
2015/4/24,77.523
2015/4/27,77.605
2015/4/28,77.08
2015/4/29,77.671
2015/4/30,79.671
2015/5/1,78.247
2015/5/4,77.471
2015/5/5,78.936
2015/5/6,77.954
2015/5/7,76.155
2015/5/8,76.463
2015/5/11,76.609
2015/5/12,78.805
2015/5/13,78.719
2015/5/14,79.365
2015/5/15,79.757
2015/5/18,79.581
2015/5/19,77.764
2015/5/20,79.032
2015/5/21,80.352
2015/5/22,79.483
2015/5/26,77.291
2015/5/27,75.504
2015/5/28,77.45
2015/5/29,81.423
2015/6/1,77.441
2015/6/2,78.435
2015/6/3,77.27
2015/6/4,74.868
2015/6/5,77.394
2015/6/8,76.921
2015/6/9,79.712
2015/6/10,81.307
2015/6/11,80.674
2015/6/12,79.709
2015/6/15,78.74
2015/6/16,79.551
2015/6/17,78.967
2015/6/18,79.294
2015/6/19,77.3
2015/6/22,77.3
2015/6/23,78.158
2015/6/24,77.673
2015/6/25,77.322
2015/6/26,76.836
2015/6/29,76.477
2015/6/30,78.003
2015/7/1,73.767
2015/7/2,74.102
2015/7/6,70.239
2015/7/7,70.527
2015/7/8,72.389
2015/7/9,73.758
2015/7/10,73.342
2015/7/13,71.027
2015/7/14,71.325
2015/7/15,69.234
2015/7/16,70.815
2015/7/17,71.813
2015/7/20,71.163
2015/7/21,71.037
2015/7/22,68.634
2015/7/23,68.713
2015/7/24,69.077
2015/7/27,68.164
2015/7/28,67.968
2015/7/29,68.073
2015/7/30,68.634
2015/7/31,69.134
2015/8/3,63.029
2015/8/4,63.947
2015/8/5,63.604
2015/8/6,63.142
2015/8/7,62.181
2015/8/10,64.472
2015/8/11,63.443
2015/8/12,64.581
2015/8/13,63.208
2015/8/14,62.952
2015/8/17,62.193
2015/8/18,61.608
2015/8/19,59.182
2015/8/20,57.954
2015/8/21,57.224
2015/8/24,53.545
2015/8/25,53.672
2015/8/26,52.04
2015/8/27,56.816
2015/8/28,59.753
2015/8/31,63.972
2015/9/1,59.037
2015/9/2,60.509
2015/9/3,61.271
2015/9/4,60.396
2015/9/8,60.432
2015/9/9,58.968
2015/9/10,60.391
2015/9/11,59.558
2015/9/14,57.503
2015/9/15,58.208
2015/9/16,60.244
2015/9/17,60.005
2015/9/18,58.687
2015/9/21,60.978
2015/9/22,61.94
2015/9/23,60.381
2015/9/24,60.395
2015/9/25,61.207
2015/9/28,59.204
2015/9/29,59.894
2015/9/30,60.604
2015/10/1,58.315
2015/10/2,57.718
2015/10/5,59.002
2015/10/6,61.101
2015/10/7,60.129
2015/10/8,60.839
2015/10/9,60.972
2015/10/12,58.428
2015/10/13,58.237
2015/10/14,58.153
2015/10/15,58.048
2015/10/16,58.469
2015/10/19,56.158
2015/10/20,56.491
2015/10/21,55.871
2015/10/22,56.404
2015/10/23,56.513
2015/10/26,56.662
2015/10/27,56.802
2015/10/28,58.858
2015/10/29,58.725
2015/10/30,59.229
2015/11/2,58.472
2015/11/3,60.091
2015/11/4,58.346
2015/11/5,57.681
2015/11/6,57.865
2015/11/9,57.748
2015/11/10,57.553
2015/11/11,56.396
2015/11/12,55.099
2015/11/13,54.006
2015/11/16,53.942
2015/11/17,52.929
2015/11/18,54.012
2015/11/19,54.4
2015/11/20,54.446
2015/11/23,55.221
2015/11/24,57.886
2015/11/25,57.934
2015/11/27,56.716
2015/11/30,55.374
2015/12/1,56.639
2015/12/2,54.121
2015/12/3,54.738
2015/12/4,54.063
2015/12/7,51.934
2015/12/8,52.116
2015/12/9,53.03
2015/12/10,54.874
2015/12/11,54.717
2015/12/14,53.777
2015/12/15,52.868
2015/12/16,52.447
2015/12/17,52.98
2015/12/18,53.23
2015/12/21,51.372
2015/12/22,49.974
2015/12/23,52.481
2015/12/24,53.283
2015/12/28,52.103
2015/12/29,53.246
2015/12/30,51.621
2015/12/31,52.847
2016/1/4,54.328
2016/1/5,54.099
2016/1/6,50.493
2016/1/7,49.971
2016/1/8,49.431
2016/1/11,48.536
2016/1/12,47.444
2016/1/13,46.231
2016/1/14,46.812
2016/1/15,44.345
2016/1/19,44.85
2016/1/20,44.42
2016/1/21,45.556
2016/1/22,48.082
2016/1/25,45.64
2016/1/26,46.717
2016/1/27,46.508
2016/1/28,47.582
2016/1/29,48.034
2016/2/1,46.174
2016/2/2,42.375
2016/2/3,43.126
2016/2/4,43.76
2016/2/5,42.438
2016/2/8,40.821
2016/2/9,38.042
2016/2/10,38.828
2016/2/11,39.242
2016/2/12,43.51
2016/2/16,40.522
2016/2/17,42.167
2016/2/18,41.357
2016/2/19,40.462
2016/2/22,42.293
2016/2/23,41.191
2016/2/24,43.422
2016/2/25,45.026
2016/2/26,44.326
2016/2/29,44.848
2016/3/1,45.269
2016/3/2,46.041
2016/3/3,45.724
2016/3/4,47.397
2016/3/7,49.778
2016/3/8,49.338
2016/3/9,52.395
2016/3/10,51.411
2016/3/11,51.608
2016/3/14,50.499
2016/3/15,50.03
2016/3/16,50.788
2016/3/17,51.73
2016/3/18,51.254
2016/3/21,52.377
2016/3/22,53.501
2016/3/23,52.004
2016/3/24,52.701
2016/3/28,52.525
2016/3/29,51.985
2016/3/30,51.384
2016/3/31,50.276
2016/4/1,49.698
2016/4/4,48.734
2016/4/5,48.855
2016/4/6,49.933
2016/4/7,49.553
2016/4/8,52.501
2016/4/11,53.875
2016/4/12,55.013
2016/4/13,54.575
2016/4/14,53.271
2016/4/15,51.431
2016/4/18,50.583
2016/4/19,52.426
2016/4/20,53.927
2016/4/21,53.791
2016/4/22,54.401
2016/4/25,53.629
2016/4/26,55.451
2016/4/27,56.418
2016/4/28,57.043
2016/4/29,56.564
2016/5/2,55.389
2016/5/3,53.589
2016/5/4,53.367
2016/5/5,53.138
2016/5/6,53.434
2016/5/9,51.285
2016/5/10,53.229
2016/5/11,56.831
2016/5/12,56.927
2016/5/13,56.997
2016/5/16,57.688
2016/5/17,58.831
2016/5/18,58.96
2016/5/19,58.16
2016/5/20,58.162
2016/5/23,58.915
2016/5/24,59.688
2016/5/25,59.341
2016/5/26,58.556
2016/5/27,58.72
2016/5/31,57.672
2016/6/1,58.152
2016/6/2,59.028
2016/6/3,57.874
2016/6/6,57.317
2016/6/7,57.741
2016/6/8,58.949
2016/6/9,59.082
2016/6/10,57.339
2016/6/13,56.761
2016/6/14,56.235
2016/6/15,55.165
2016/6/16,54.137
2016/6/17,56.063
2016/6/20,58.669
2016/6/21,58.424
2016/6/22,57.95
2016/6/23,58.724
2016/6/24,55.846
2016/6/27,53.619
2016/6/28,54.922
2016/6/29,55.994
2016/6/30,54.328
2016/7/1,55.684
2016/7/5,51.833
2016/7/6,52.072
2016/7/7,49.374
2016/7/8,49.419
2016/7/11,49.746
2016/7/12,52.02
2016/7/13,49.775
2016/7/14,51.59
2016/7/15,52.005
2016/7/18,50.806
2016/7/19,50.245
2016/7/20,49.8
2016/7/21,49.423
2016/7/22,49.744
2016/7/25,48.086
2016/7/26,48.38
2016/7/27,47.192
2016/7/28,45.896
2016/7/29,46.842
2016/8/1,46.196
2016/8/2,46.354
2016/8/3,48.25
2016/8/4,49.028
2016/8/5,49.081
2016/8/8,49.205
2016/8/9,49.311
2016/8/10,48.049
2016/8/11,50.593
2016/8/12,51.237
2016/8/15,52.948
2016/8/16,54.392
2016/8/17,55.214
2016/8/18,56.387
2016/8/19,56.516
2016/8/22,54.768
2016/8/23,55.471
2016/8/24,55.128
2016/8/25,55.902
2016/8/26,57.043
2016/8/29,54.731
2016/8/30,54.997
2016/8/31,53.667
2016/9/1,51.187
2016/9/2,52.752
2016/9/6,53.233
2016/9/7,54.388
2016/9/8,57.291
2016/9/9,55.286
2016/9/12,55.629
2016/9/13,54.399
2016/9/14,53.945
2016/9/15,55.431
2016/9/16,54.92
2016/9/19,53.914
2016/9/20,53.566
2016/9/21,55.209
2016/9/22,55.817
2016/9/23,54.583
2016/9/26,55.507
2016/9/27,54.562
2016/9/28,57.504
2016/9/29,57.832
2016/9/30,58.316
2016/10/3,58.002
2016/10/4,58.671
2016/10/5,58.929
2016/10/6,59.434
2016/10/7,59.065
2016/10/10,60.432
2016/10/11,59.634
2016/10/12,59.021
2016/10/13,59.829
2016/10/14,60.291
2016/10/17,59.553
2016/10/18,60.216
2016/10/19,60.721
2016/10/20,59.802
2016/10/21,60.968
2016/10/24,60.125
2016/10/25,59.952
2016/10/26,59.441
2016/10/27,59.832
2016/10/28,58.684
2016/10/31,57.51
2016/11/1,56.908
2016/11/2,55.631
2016/11/3,55.38
2016/11/4,54.389
2016/11/7,54.583
2016/11/8,54.752
2016/11/9,54.55
2016/11/10,54.165
2016/11/11,53.087
2016/11/14,52.195
2016/11/15,54.544
2016/11/16,54.133
2016/11/17,55.288
2016/11/18,54.989
2016/11/21,57.218
2016/11/22,57.885
2016/11/23,58.051
2016/11/25,55.71
2016/11/28,57.193
2016/11/29,55.585
2016/11/30,59.504
2016/12/1,61.838
2016/12/2,62.3
2016/12/5,62.821
2016/12/6,62.047
2016/12/7,61.259
2016/12/8,61.704
2016/12/9,62.021
2016/12/12,63.625
2016/12/13,63.99
2016/12/14,63.158
2016/12/15,63.06
2016/12/16,63.552
2016/12/19,63.81
2016/12/20,64.81
2016/12/21,65.081
2016/12/22,65.224
2016/12/23,66.226
2016/12/27,67.15
2016/12/28,67.143
2016/12/29,67.496
2016/12/30,67.05
2017/1/3,65.493
2017/1/4,67.102
2017/1/5,67.11
2017/1/6,66.818
2017/1/9,64.438
2017/1/10,63.786
2017/1/11,65.95
2017/1/12,67.072
2017/1/13,66.638
2017/1/17,66.811
2017/1/18,65.146
2017/1/19,65.21
2017/1/20,66.611
2017/1/23,66.285
2017/1/24,66.751
2017/1/25,65.861
2017/1/26,67.167
2017/1/27,66.398
2017/1/30,66.133
2017/1/31,67.109
2017/2/1,68.682
2017/2/2,67.433
2017/2/3,68.086
2017/2/6,66.923
2017/2/7,66.133
2017/2/8,67.438
2017/2/9,68.234
2017/2/10,68.81
2017/2/13,67.623
2017/2/14,68.331
2017/2/15,68.041
2017/2/16,66.75
2017/2/17,66.589
2017/2/21,65.961
2017/2/22,66.156
2017/2/23,66.791
2017/2/24,66.549
2017/2/27,66.311
2017/2/28,66.061
2017/3/1,64.388
2017/3/2,63.166
2017/3/3,63.809
2017/3/6,64.277
2017/3/7,64.725
2017/3/8,63.033
2017/3/9,61.858
2017/3/10,60.956
2017/3/13,60.708
2017/3/14,60.348
2017/3/15,60.59
2017/3/16,60.997
2017/3/17,60.957
2017/3/20,61.043
2017/3/21,60.729
2017/3/22,60.766
2017/3/23,60.275
2017/3/24,60.589
2017/3/27,60.689
2017/3/28,61.526
2017/3/29,62.857
2017/3/30,63.457
2017/3/31,64.183
2017/4/3,64.035
2017/4/4,65.12
2017/4/5,64.968
2017/4/6,65.503
2017/4/7,66.078
2017/4/10,66.652
2017/4/11,66.73
2017/4/12,66.592
2017/4/13,66.65
2017/4/17,66.113
2017/4/18,66.235
2017/4/19,63.856
2017/4/20,64.482
2017/4/21,63.242
2017/4/24,62.668
2017/4/25,62.89
2017/4/26,61.829
2017/4/27,60.208
2017/4/28,60.533
2017/5/1,58.76
2017/5/2,58.783
2017/5/3,59.212
2017/5/4,57.089
2017/5/5,57.972
2017/5/8,58.519
2017/5/9,57.858
2017/5/10,59.826
2017/5/11,60.653
2017/5/12,60.564
2017/5/15,61.182
2017/5/16,61.371
2017/5/17,61.555
2017/5/18,61.717
2017/5/19,63.645
2017/5/22,63.789
2017/5/23,63.623
2017/5/24,63.267
2017/5/25,61.151
2017/5/26,62.238
2017/5/30,62.042
2017/5/31,61.234
2017/6/1,60.459
2017/6/2,59.668
2017/6/5,58.849
2017/6/6,59.649
2017/6/7,57.544
2017/6/8,57.559
2017/6/9,57.741
2017/6/12,57.366
2017/6/13,57.765
2017/6/14,55.081
2017/6/15,55.242
2017/6/16,55.821
2017/6/19,55.474
2017/6/20,54.39
2017/6/21,53.779
2017/6/22,54.406
2017/6/23,54.431
2017/6/26,54.811
2017/6/27,55.706
2017/6/28,56.317
2017/6/29,56.337
2017/6/30,57.797
2017/7/3,58.33
2017/7/5,56.727
2017/7/6,57.705
2017/7/7,56.391
2017/7/10,56.579
2017/7/11,57.184
2017/7/12,57.187
2017/7/13,57.37
2017/7/14,58.461
2017/7/17,58.006
2017/7/18,58.424
2017/7/19,60.007
2017/7/20,59.906
2017/7/21,58.552
2017/7/24,58.517
2017/7/25,60.073
2017/7/26,61.04
2017/7/27,61.753
2017/7/28,62.76
2017/7/31,63.586
2017/8/1,62.054
2017/8/2,62.345
2017/8/3,62.123
2017/8/4,62.999
2017/8/7,63.121
2017/8/8,62.649
2017/8/9,62.826
2017/8/10,62.383
2017/8/11,62.711
2017/8/14,61.37
2017/8/15,61.74
2017/8/16,61.55
2017/8/17,62.79
2017/8/18,63.954
2017/8/21,62.719
2017/8/22,62.796
2017/8/23,63.638
2017/8/24,63.497
2017/8/25,63.151
2017/8/28,64.516
2017/8/29,64.821
2017/8/30,65.894
2017/8/31,69.899
2017/9/1,66.021
2017/9/5,65.453
2017/9/6,65.206
2017/9/7,64.944
2017/9/8,64.428
2017/9/11,64.606
2017/9/12,64.886
2017/9/13,65.099
2017/9/14,65.472
2017/9/15,66.323
2017/9/18,66.013
2017/9/19,65.809
2017/9/20,66.285
2017/9/21,65.773
2017/9/22,66.514
2017/9/25,68.316
2017/9/26,67.829
2017/9/27,67.125
2017/9/28,67.193
2017/9/29,66.238
2017/10/2,64.282
2017/10/3,64.598
2017/10/4,64.775
2017/10/5,65.932
2017/10/6,64.124
2017/10/9,64.318
2017/10/10,65.564
2017/10/11,65.743
2017/10/12,64.77
2017/10/13,66.222
2017/10/16,66.212
2017/10/17,66.702
2017/10/18,66.913
2017/10/19,66.302
2017/10/20,67.014
2017/10/23,66.466
2017/10/24,67.817
2017/10/25,68.128
2017/10/26,68.508
2017/10/27,69.417
2017/10/30,69.653
2017/10/31,70.48
2017/11/1,69.438
2017/11/2,69.956
2017/11/3,70.98
2017/11/6,73.025
2017/11/7,72.865
2017/11/8,72.641
2017/11/9,72.993
2017/11/10,73.033
2017/11/13,72.88
2017/11/14,71.644
2017/11/15,70.797
2017/11/16,70.2
2017/11/17,71.484
2017/11/20,71.048
2017/11/21,72.175
2017/11/22,72.044
2017/11/23,72.044
2017/11/24,73.079
2017/11/27,73.448
2017/11/28,72.902
2017/11/29,71.774
2017/11/30,72.313
2017/12/1,72.159
2017/12/4,70.787
2017/12/5,71.708
2017/12/6,69.973
2017/12/7,71.521
2017/12/8,72.144
2017/12/11,73.067
2017/12/12,72.23
2017/12/13,70.741
2017/12/14,71.694
2017/12/15,71.356
2017/12/18,72.22
2017/12/19,72.938
2017/12/20,73.359
2017/12/21,73.58
2017/12/22,73.942
2017/12/25,73.942
2017/12/26,75.034
2017/12/27,74.694
2017/12/28,74.737
2017/12/29,74.714
2018/1/2,73.963
2018/1/3,75.436
2018/1/4,76.02
2018/1/5,75.082
2018/1/8,75.513
2018/1/9,77.228
2018/1/10,77.55
2018/1/11,77.27
2018/1/12,77.758
2018/1/13,77.758
2018/1/14,77.758
2018/1/15,77.97
2018/1/16,76.99
2018/1/17,77.32
2018/1/18,77.74
2018/1/19,77.08
2018/1/20,77.08
2018/1/21,77.08
2018/1/22,77.52
2018/1/23,78.68
2018/1/24,78.87
2018/1/25,79.03
2018/1/26,79.92
2018/1/27,79.92
2018/1/28,79.92
2018/1/29,79.22
2018/1/30,78.16
2018/1/31,78.77
2018/2/1,79.49
2018/2/2,78.48
2018/2/5,77.26
2018/2/6,76.07
2018/2/7,74.26
2018/2/8,73.92
2018/2/9,71.55
2018/2/12,70.97
2018/2/13,70.77
2018/2/14,72.18
2018/2/15,72.41
2018/2/16,72.49
2018/2/19,73.62
2018/2/20,73.28
2018/2/21,73.35
2018/2/22,74.18
2018/2/23,75.18
2018/2/26,75.48
2018/2/27,75.49
2018/2/28,73.31
2018/3/1,72.8
2018/3/2,73.22
2018/3/3,73.22
2018/3/4,73.22
2018/3/5,74.45
2018/3/6,74.09
2018/3/7,72.83
2018/3/8,71.55
2018/3/9,73.26
2018/3/10,73.26
2018/3/11,73.26
2018/3/12,71.55
2018/3/13,72.6
2018/3/14,73.5
2018/3/15,73.8
2018/3/16,74.77
2018/3/17,74.77
2018/3/18,74.77
2018/3/19,74.17
2018/3/20,75.45
2018/3/21,77.51
2018/3/22,77
2018/3/23,78.26
2018/3/24,78.26
2018/3/25,78.26
2018/3/26,77.85
2018/3/27,77.98
2018/3/28,77.54
2018/3/29,77.91
2018/3/30,77.91
2018/3/31,77.91
2018/4/1,77.91
2018/4/2,76.5
2018/4/3,76.88
2018/4/4,76.4
2018/4/5,76.9
2018/4/6,75.72
2018/4/7,75.72
2018/4/8,75.72
2018/4/9,76.73
2018/4/10,78.82
2018/4/11,79.75
2018/4/12,79.21
2018/4/13,79.47
2018/4/16,78.3
2018/4/17,78.51
2018/4/18,79.82
2018/4/19,79.8
2018/4/20,80.41
2018/4/21,80.41
2018/4/22,80.41
2018/4/23,81.41
2018/4/24,80.45
2018/4/25,80.46
2018/4/26,81.03
2018/4/27,81.57
2018/4/28,81.57
2018/4/29,81.57
2018/4/30,82.45
2018/5/1,80.94
2018/5/2,80.61
2018/5/3,80.6
2018/5/4,81.85
2018/5/5,81.85
2018/5/6,81.85
2018/5/7,83.32
2018/5/8,81.54
2018/5/9,84.17
2018/5/10,84.84
2018/5/11,84.88
2018/5/12,84.88
2018/5/13,84.88
2018/5/14,85.64
2018/5/15,86.05
2018/5/16,87.73
2018/5/17,87.77
2018/5/18,87.14
2018/5/19,87.14
2018/5/20,87.14
2018/5/21,87.98
2018/5/22,88.63
2018/5/23,88.28
2018/5/24,87.41
2018/5/25,85.19
2018/5/26,85.19
2018/5/27,85.19
2018/5/28,83.95
2018/5/29,84.01
2018/5/30,85.48
2018/5/31,84.98
2018/6/1,83.8
2018/6/2,83.8
2018/6/3,83.8
2018/6/4,82.25
2018/6/5,82.21
2018/6/6,81.18
2018/6/7,82.61
2018/6/8,82.67
2018/6/9,82.67
2018/6/10,82.67
2018/6/11,82.54
2018/6/12,81.71
2018/6/13,82.87
2018/6/14,81.84
2018/6/15,79.27
2018/6/16,79.27
2018/6/17,79.27
2018/6/18,80.49
2018/6/19,79.61
2018/6/20,78.64
2018/6/21,77.87
2018/6/22,80.28
2018/6/23,80.28
2018/6/24,80.28
2018/6/25,79.55
2018/6/26,80.79
2018/6/27,82.14
2018/6/28,82.22
2018/6/29,83.66
2018/6/30,83.66
2018/7/1,83.66
2018/7/2,81.56
2018/7/3,81.78
2018/7/4,82.51
2018/7/5,82.02
2018/7/6,82.11
2018/7/7,82.11
2018/7/8,82.11
2018/7/9,83.23
2018/7/10,84.28
2018/7/11,79.85
2018/7/12,80.57
2018/7/13,81.61
2018/7/14,81.61
2018/7/15,81.61
2018/7/16,78.14
2018/7/17,78.22
2018/7/18,79.15
2018/7/19,78.95
2018/7/20,80.03
2018/7/21,80.03
2018/7/22,80.03
2018/7/23,80.78
2018/7/24,81.62
2018/7/25,82.32
2018/7/26,82.87
2018/7/27,82.33
2018/7/28,82.33
2018/7/29,82.33
2018/7/30,82.88
2018/7/31,81.45
2018/8/1,79.56
2018/8/2,80.48
2018/8/3,80.48
2018/8/4,80.48
2018/8/5,80.48
2018/8/6,80.82
2018/8/7,82.16
2018/8/8,79.76
2018/8/9,79.35
2018/8/10,80.54
2018/8/11,80.54
2018/8/12,80.54
2018/8/13,80.37
2018/8/14,80.37
2018/8/15,80.45
2018/8/16,80.16
2018/8/17,80.08
2018/8/18,80.08
2018/8/19,80.08
2018/8/20,80.57
2018/8/21,80.85
2018/8/22,82.96
2018/8/23,82.67
2018/8/24,83.43
2018/8/25,83.43
2018/8/26,83.43
2018/8/27,83.77
2018/8/28,83.77
2018/8/29,84.58
2018/8/30,85.44
2018/8/31,85.37
2018/9/1,85.37
2018/9/2,85.37
2018/9/3,85.13
2018/9/4,84.75
2018/9/5,83.13
2018/9/6,82.69
2018/9/7,83.14
2018/9/8,83.14
2018/9/9,83.14
2018/9/10,83.14
2018/9/11,83.14
2018/9/12,83.14
2018/9/13,83.14
2018/9/14,83.14
2018/9/17,84.36
2018/9/18,85.54
2018/9/19,86.25
2018/9/20,85.89
2018/9/21,85.93
2018/9/25,88.47
2018/9/26,87.9
2018/9/27,88.8
2018/9/28,89.95
2018/10/8,89.01
2018/10/9,89.05
2018/10/10,86.83
2018/10/11,83.66
2018/10/12,83.82
2018/10/15,84
2018/10/16,84
2018/10/17,83.08
2018/10/18,81.57
2018/10/19,81.57
2018/10/22,82.13
2018/10/23,78.84
2018/10/24,79.2
2018/10/25,78.81
2018/10/26,78.96
2018/10/29,79.04
2018/10/30,78.1
2018/10/31,78.1
2018/11/1,74.3
2018/11/2,74.3
2018/11/5,74.3
2018/11/6,74.3
2018/11/7,72.03
2018/11/8,72.03
2018/11/9,69.88
2018/11/12,69.88
2018/11/13,69.88
2018/11/14,67.03
2018/11/15,67.23
2018/11/16,67.89
2018/11/19,68.41
2018/11/20,64.25
2018/11/21,65.19
2018/11/22,65.19
2018/11/23,65.19
2018/11/26,61.27
2018/11/27,60.42
2018/11/28,58.53
2018/11/29,58.53
2018/11/30,59.77
2018/12/3,60.44
2018/12/4,61.83
2018/12/5,61.53
2018/12/6,60.82
2018/12/7,62.3
2018/12/10,62.3
2018/12/11,62.3
2018/12/12,60.37
2018/12/13,62.15
2018/12/14,61.02
2018/12/17,60.04
2018/12/18,56.85
2018/12/19,58.02
2018/12/20,55.69
2018/12/21,55.69
2018/12/24,55.69
2018/12/25,55.69
2018/12/26,55.69
2018/12/27,53.58
2018/12/28,53.58
2019/1/2,56.36
2019/1/3,57.86
2019/1/4,58.73
2019/1/7,58.6
2019/1/8,58.6
2019/1/9,58.6
2019/1/10,58.6
2019/1/11,60.81
2019/1/14,60.81
