date,MOPJ
2007/7/23,705
2007/7/24,695
2007/7/25,674.5
2007/7/26,697.5
2007/7/27,680.5
2007/7/30,677.75
2007/7/31,668.5
2007/8/1,686
2007/8/2,669
2007/8/3,677.25
2007/8/6,671
2007/8/7,659
2007/8/8,657.25
2007/8/9,657.25
2007/8/10,653.5
2007/8/13,661.5
2007/8/14,660
2007/8/15,666.5
2007/8/16,672.75
2007/8/17,673.5
2007/8/20,671
2007/8/21,657.5
2007/8/22,642.5
2007/8/23,647.5
2007/8/24,655.5
2007/8/27,668
2007/8/28,671.5
2007/8/29,665.75
2007/8/30,683.5
2007/8/31,683.5
2007/9/25,719
2007/9/26,719
2007/9/27,719
2007/9/28,698.37
2007/11/13,808.99
2007/11/14,832.39
2007/11/15,783.2
2007/11/16,808.21
2007/11/19,814.9
2007/11/20,831.17
2007/11/21,829.47
2007/11/23,844.69
2007/11/26,875.35
2007/11/27,861.58
2007/11/28,824.59
2007/11/29,819.73
2007/11/30,806
2007/12/3,806.3
2007/12/4,810.25
2007/12/5,799.63
2007/12/6,808.27
2007/12/7,814.55
2007/12/10,817.02
2007/12/11,830.56
2007/12/12,859.31
2007/12/13,850.36
2007/12/14,847.65
2007/12/17,844.78
2007/12/18,840.45
2007/12/19,858.12
2007/12/20,851.84
2007/12/21,858.09
2007/12/24,854.33
2007/12/26,870.45
2007/12/27,866.2
2007/12/28,856.45
2007/12/31,849.21
2008/1/2,873.73
2008/1/3,880.96
2008/1/4,876.28
2008/1/7,846.11
2008/1/8,867.18
2008/1/9,857.83
2008/1/10,848.37
2008/1/11,858.43
2008/1/14,850.03
2008/1/15,843.55
2008/1/16,843.15
2008/1/17,824.31
2008/1/18,826.82
2008/1/22,838.83
2008/1/23,816.35
2008/1/24,836.79
2008/1/25,841.13
2008/1/28,864.71
2008/1/29,857.44
2008/1/30,854.4
2008/1/31,847.88
2008/2/1,820.56
2008/2/4,831.1
2008/2/5,815.04
2008/2/6,816.09
2008/2/7,821.01
2008/2/8,849.54
2008/2/11,843.55
2008/2/12,836.71
2008/2/13,842.05
2008/2/14,860.68
2008/2/15,857.62
2008/2/19,906.37
2008/2/20,902.52
2008/2/21,882.67
2008/2/22,888.44
2008/2/25,891.13
2008/2/26,907.1
2008/2/27,892.84
2008/2/28,916.71
2008/2/29,907.57
2008/3/3,916.86
2008/3/4,886.56
2008/3/5,923.67
2008/3/6,927.62
2008/3/7,899.9
2008/3/10,921.9
2008/3/11,913.68
2008/3/12,910.98
2008/3/13,911.4
2008/3/14,910.12
2008/3/17,873.28
2008/3/18,891.41
2008/3/19,850.52
2008/3/20,860.75
2008/3/24,868.2
2008/3/25,888.75
2008/3/26,906.17
2008/3/27,899.26
2008/3/28,895.74
2008/3/31,874.75
2008/4/1,869.18
2008/4/2,907.28
2008/4/3,894.02
2008/4/4,896
2008/4/7,917.31
2008/4/8,920.2
2008/4/9,925.99
2008/4/10,918.16
2008/4/11,919.18
2008/4/14,929.04
2008/4/15,949.7
2008/4/16,932.74
2008/4/17,952.39
2008/4/18,971.78
2008/4/21,974.06
2008/4/22,985.61
2008/4/23,991.69
2008/4/24,975.28
2008/4/25,1007.61
2008/4/28,994.92
2008/4/29,965.36
2008/4/30,950.94
2008/5/1,944.84
2008/5/2,976.41
2008/5/5,1006.95
2008/5/6,1008.06
2008/5/7,1012.71
2008/5/8,1010.11
2008/5/9,1013.51
2008/5/12,989.01
2008/5/13,999.74
2008/5/14,1002.89
2008/5/15,999.83
2008/5/16,1023.88
2008/5/19,1028.57
2008/5/20,1051.92
2008/5/21,1082.99
2008/5/22,1080.55
2008/5/23,1103.97
2008/5/27,1083.12
2008/5/28,1097.37
2008/5/29,1037.05
2008/5/30,1062.09
2008/6/2,1069.58
2008/6/3,1059.1
2008/6/4,1042.63
2008/6/5,1109.02
2008/6/6,1150.25
2008/6/9,1114.67
2008/6/10,1081.28
2008/6/11,1145.09
2008/6/12,1151.71
2008/6/13,1129.11
2008/6/16,1130.05
2008/6/17,1117.4
2008/6/18,1151.01
2008/6/19,1121.67
2008/6/20,1150.16
2008/6/23,1169.37
2008/6/24,1163.43
2008/6/25,1152.77
2008/6/26,1200.96
2008/6/27,1194.05
2008/6/30,1181.18
2008/7/1,1169.52
2008/7/2,1218.4
2008/7/3,1226.93
2008/7/7,1192.47
2008/7/8,1146.75
2008/7/9,1148.34
2008/7/10,1194.21
2008/7/11,1194.38
2008/7/14,1207.53
2008/7/15,1152.8
2008/7/16,1181.92
2008/7/17,1135.38
2008/7/18,1130.04
2008/7/21,1114.02
2008/7/22,1114.91
2008/7/23,1068.63
2008/7/24,1050.39
2008/7/25,1073.97
2008/7/28,1073.97
2008/7/29,1077.53
2008/7/30,1054.39
2008/7/31,1079.31
2008/8/1,1047.72
2008/8/4,1055.28
2008/8/5,1009.89
2008/8/6,1006.33
2008/8/7,1015.23
2008/8/8,999.21
2008/8/11,988.09
2008/8/12,960.05
2008/8/13,968.06
2008/8/14,968.06
2008/8/15,982.3
2008/8/18,984.08
2008/8/19,968.06
2008/8/20,1005.44
2008/8/21,1007.88
2008/8/22,1030.57
2008/8/25,1030.57
2008/8/26,993.19
2008/8/27,1018.56
2008/8/28,1019.89
2008/8/29,1003.87
2008/9/2,1011.44
2008/9/3,1011.44
2008/9/4,988.32
2008/9/5,941.44
2008/9/8,926.12
2008/9/9,889.07
2008/9/10,904.63
2008/9/11,878.09
2008/9/12,905.25
2008/9/15,870.24
2008/9/16,806.63
2008/9/17,811.32
2008/9/18,819.13
2008/9/19,818.64
2008/9/22,862.21
2008/9/23,854.72
2008/9/24,867.09
2008/9/25,853.78
2008/9/26,827.44
2008/9/29,829.22
2008/9/30,765.14
2008/10/1,765.14
2008/10/2,794.07
2008/10/3,750.01
2008/10/6,715.3
2008/10/7,708.18
2008/10/8,676.59
2008/10/9,670.8
2008/10/10,614.29
2008/10/13,596.04
2008/10/14,604.5
2008/10/15,546.2
2008/10/16,480.79
2008/10/17,475.89
2008/10/20,475.45
2008/10/21,489.24
2008/10/22,450.08
2008/10/23,398.02
2008/10/24,378.88
2008/10/27,378.88
2008/10/28,370.43
2008/10/29,358.41
2008/10/30,365.98
2008/10/31,328.15
2008/11/3,329.04
2008/11/4,279.2
2008/11/5,345.06
2008/11/6,360.64
2008/11/7,360.64
2008/11/10,360.64
2008/11/11,339.72
2008/11/12,334.38
2008/11/13,317.47
2008/11/14,373.99
2008/11/17,303.23
2008/11/18,274.75
2008/11/19,265.41
2008/11/20,275.28
2008/11/21,275.28
2008/11/24,275.28
2008/11/25,275.28
2008/11/26,295.22
2008/11/28,350.4
2008/12/1,342.39
2008/12/2,337.5
2008/12/3,388.05
2008/12/4,388.05
2008/12/5,359.57
2008/12/8,359.57
2008/12/9,271.9
2008/12/10,291.66
2008/12/11,301.9
2008/12/12,325.04
2008/12/15,329.04
2008/12/16,321.03
2008/12/17,320.14
2008/12/18,289.44
2008/12/19,287.21
2008/12/22,288.99
2008/12/23,295.67
2008/12/24,297
2008/12/26,276.09
2008/12/29,304.83
2008/12/30,294.33
2008/12/31,306.35
2009/1/2,333.49
2009/1/5,354.85
2009/1/6,377.99
2009/1/7,400.69
2009/1/8,345.95
2009/1/9,344.97
2009/1/12,360.64
2009/1/13,374.88
2009/1/14,431.39
2009/1/15,390.45
2009/1/16,394.01
2009/1/20,386.45
2009/1/21,392.23
2009/1/22,432.28
2009/1/23,431.39
2009/1/26,431.75
2009/1/27,431.75
2009/1/28,402.02
2009/1/29,415.37
2009/1/30,430.06
2009/2/2,430.06
2009/2/3,437.18
2009/2/4,422.49
2009/2/5,439.4
2009/2/6,455.87
2009/2/9,451.86
2009/2/10,439.85
2009/2/11,427.39
2009/2/12,419.82
2009/2/13,450.53
2009/2/17,426.94
2009/2/18,417.15
2009/2/19,416.71
2009/2/20,414.35
2009/2/23,400.69
2009/2/24,387.78
2009/2/25,398.91
2009/2/26,420.71
2009/2/27,437.62
2009/3/2,428.9
2009/3/3,402.47
2009/3/4,402.47
2009/3/5,414.93
2009/3/6,406.2
2009/3/9,417.15
2009/3/10,401.58
2009/3/11,406.29
2009/3/12,396.24
2009/3/13,411.37
2009/3/16,403.89
2009/3/17,406.47
2009/3/18,448.66
2009/3/19,434.06
2009/3/20,457.47
2009/3/23,459.87
2009/3/24,473.67
2009/3/25,469.93
2009/3/26,484.35
2009/3/27,477.67
2009/3/30,466.55
2009/3/31,450.44
2009/4/1,443.41
2009/4/2,454.09
2009/4/3,466.99
2009/4/6,475.45
2009/4/7,493.25
2009/4/8,462.1
2009/4/9,488.35
2009/4/13,475.09
2009/4/14,469.93
2009/4/15,474.2
2009/4/16,475.8
2009/4/17,475.89
2009/4/20,463.43
2009/4/21,446.52
2009/4/22,457.2
2009/4/23,456.76
2009/4/24,458.09
2009/4/27,446.52
2009/4/28,449.19
2009/4/29,446.52
2009/4/30,442.07
2009/5/1,440.29
2009/5/4,455.42
2009/5/5,487.02
2009/5/6,482.12
2009/5/7,506.6
2009/5/8,495.03
2009/5/11,497.7
2009/5/12,494.58
2009/5/13,504.37
2009/5/14,494.14
2009/5/15,501.7
2009/5/18,499.48
2009/5/19,509.27
2009/5/20,510.6
2009/5/21,525.29
2009/5/22,515.05
2009/5/26,519.06
2009/5/27,548.87
2009/5/28,558.22
2009/5/29,577.35
2009/6/1,618.29
2009/6/2,611.62
2009/6/3,603.61
2009/6/4,590.7
2009/6/5,611.17
2009/6/8,585.81
2009/6/9,573.35
2009/6/10,600.76
2009/6/11,610.73
2009/6/12,613.84
2009/6/15,620.07
2009/6/16,628.08
2009/6/17,620.52
2009/6/18,622.74
2009/6/19,621.41
2009/6/22,598.71
2009/6/23,598.71
2009/6/24,586.25
2009/6/25,611.17
2009/6/26,620.96
2009/6/29,604.05
2009/6/30,629.86
2009/7/1,627.19
2009/7/2,607.61
2009/7/6,607.61
2009/7/7,584.47
2009/7/8,582.25
2009/7/9,555.1
2009/7/10,557.77
2009/7/13,545.76
2009/7/14,556.44
2009/7/15,551.54
2009/7/16,547.54
2009/7/17,558.22
2009/7/20,582.69
2009/7/21,582.69
2009/7/22,585.81
2009/7/23,583.58
2009/7/24,602.72
2009/7/27,639.65
2009/7/28,622.3
2009/7/29,622.3
2009/7/30,580.02
2009/7/31,600.49
2009/8/3,597.82
2009/8/4,638.49
2009/8/5,655.23
2009/8/6,668.13
2009/8/7,658.79
2009/8/10,662.61
2009/8/11,655.23
2009/8/12,635.9
2009/8/13,641.25
2009/8/14,623.89
2009/8/17,620.78
2009/8/18,600.75
2009/8/19,633.54
2009/8/20,643.68
2009/8/21,638.22
2009/8/24,643
2009/8/25,633
2009/8/26,636
2009/8/27,628.5
2009/8/28,641
2009/8/31,637
2009/9/1,626
2009/9/2,609.75
2009/9/3,625
2009/9/4,606.5
2009/9/8,611.5
2009/9/9,627.75
2009/9/10,626
2009/9/11,628
2009/9/14,608
2009/9/15,609
2009/9/16,621
2009/9/17,638
2009/9/18,627
2009/9/21,627
2009/9/22,616.5
2009/9/23,613
2009/9/24,597
2009/9/25,578.5
2009/9/28,578.5
2009/9/29,571.5
2009/9/30,573
2009/10/1,596.5
2009/10/2,596.5
2009/10/5,594
2009/10/6,607.48
2009/10/7,611.07
2009/10/8,600.83
2009/10/9,606.17
2009/10/12,604.18
2009/10/13,616.18
2009/10/14,624.43
2009/10/15,633.98
2009/10/16,647.89
2009/10/19,662.57
2009/10/20,666.13
2009/10/21,664.8
2009/10/22,684.26
2009/10/23,689.89
2009/10/26,691.67
2009/10/27,684.55
2009/10/28,679.83
2009/10/29,665.93
2009/10/30,673.94
2009/11/2,661.69
2009/11/3,665.25
2009/11/4,680.04
2009/11/5,678.71
2009/11/6,683.71
2009/11/9,679.71
2009/11/10,682.36
2009/11/11,685.06
2009/11/12,687.17
2009/11/13,682.72
2009/11/16,687.72
2009/11/17,693.72
2009/11/18,711.07
2009/11/19,706.45
2009/11/20,695.96
2009/11/23,697.85
2009/11/24,697.73
2009/11/25,693.06
2009/11/27,703.98
2009/11/30,712.52
2009/12/1,703.62
2009/12/2,709.41
2009/12/3,695.41
2009/12/4,699.96
2009/12/7,697.29
2009/12/8,697.29
2009/12/9,697.96
2009/12/10,675.42
2009/12/11,665.26
2009/12/14,659.26
2009/12/15,671.02
2009/12/16,672.59
2009/12/17,673.26
2009/12/18,660.91
2009/12/21,673.31
2009/12/22,664.43
2009/12/23,662.15
2009/12/24,676.72
2009/12/28,675.72
2009/12/29,693.27
2009/12/30,717.57
2009/12/31,723.72
2010/1/4,728.81
2010/1/5,737.94
2010/1/6,737.47
2010/1/7,745.59
2010/1/8,748.17
2010/1/11,760.5
2010/1/12,748.21
2010/1/13,727.35
2010/1/14,735.53
2010/1/15,732.22
2010/1/19,715.46
2010/1/20,716.89
2010/1/21,714.21
2010/1/22,704.41
2010/1/25,691.52
2010/1/26,690.41
2010/1/27,688.06
2010/1/28,682.93
2010/1/29,674.82
2010/2/1,657.59
2010/2/2,668.92
2010/2/3,703.71
2010/2/4,702.4
2010/2/5,672.15
2010/2/8,653.91
2010/2/9,702.13
2010/2/10,665.13
2010/2/11,668.81
2010/2/12,663.81
2010/2/16,663.81
2010/2/17,682.81
2010/2/18,681.81
2010/2/19,691.61
2010/2/22,710.73
2010/2/23,720.34
2010/2/24,707.91
2010/2/25,713.22
2010/2/26,702.89
2010/3/1,716.51
2010/3/2,711.09
2010/3/3,720.75
2010/3/4,720.08
2010/3/5,727.19
2010/3/8,726.6
2010/3/9,723.33
2010/3/10,726
2010/3/11,730.93
2010/3/12,726.08
2010/3/15,720.7
2010/3/16,732.21
2010/3/17,732.21
2010/3/18,732.7
2010/3/19,711
2010/3/22,719.18
2010/3/23,727
2010/3/24,712
2010/3/25,718
2010/3/26,713
2010/3/29,734
2010/3/30,729
2010/3/31,730
2010/4/1,730
2010/4/5,735
2010/4/6,744
2010/4/7,741
2010/4/8,735
2010/4/9,737
2010/4/12,748
2010/4/13,741
2010/4/14,759
2010/4/15,758
2010/4/16,744
2010/4/19,739
2010/4/20,757
2010/4/21,758
2010/4/22,752
2010/4/23,764
2010/4/26,763.9
2010/4/27,764
2010/4/28,760
2010/4/29,771
2010/4/30,773
2010/5/3,779
2010/5/4,766
2010/5/5,747.1
2010/5/6,732.3
2010/5/7,710.65
2010/5/10,731.65
2010/5/11,726.35
2010/5/12,728
2010/5/13,736.2
2010/5/14,710.75
2010/5/17,684
2010/5/18,688
2010/5/19,668
2010/5/20,638.8
2010/5/21,650
2010/5/24,643.15
2010/5/25,621.45
2010/5/26,633.7
2010/5/27,663
2010/5/28,664.45
2010/6/1,661.75
2010/6/2,669.1
2010/6/3,664.95
2010/6/4,647.4
2010/6/7,646.3
2010/6/8,644
2010/6/9,666.8
2010/6/10,670.25
2010/6/11,659.15
2010/6/14,671.4
2010/6/15,673.5
2010/6/16,682.15
2010/6/17,688.05
2010/6/18,687.95
2010/6/21,679.35
2010/6/22,682.1
2010/6/23,661.1
2010/6/24,660.85
2010/6/25,683.4
2010/6/28,671.15
2010/6/29,648.4
2010/6/30,645.8
2010/7/1,621.85
2010/7/2,617.55
2010/7/6,634.8
2010/7/7,635.6
2010/7/8,637.55
2010/7/9,641.9
2010/7/12,629.9
2010/7/13,642.25
2010/7/14,653.05
2010/7/15,637.2
2010/7/16,634.8
2010/7/19,637
2010/7/20,642.05
2010/7/21,648.6
2010/7/22,664.6
2010/7/23,664.75
2010/7/26,648.55
2010/7/27,650.6
2010/7/28,652.25
2010/7/29,667.25
2010/7/30,664.65
2010/8/2,692.2
2010/8/3,702.05
2010/8/4,707.65
2010/8/5,702.5
2010/8/6,694.45
2010/8/9,701.9
2010/8/10,700.35
2010/8/11,682.05
2010/8/12,667.2
2010/8/13,660.2
2010/8/16,661.3
2010/8/17,681.1
2010/8/18,677.65
2010/8/19,663.6
2010/8/20,654.4
2010/8/23,653.9
2010/8/24,649.5
2010/8/25,647.9
2010/8/26,668.8
2010/8/27,677.6
2010/8/30,677.6
2010/8/31,664.6
2010/9/1,684
2010/9/2,682.95
2010/9/3,672.2
2010/9/7,678.05
2010/9/8,700
2010/9/9,693.8
2010/9/10,692.9
2010/9/13,698.7
2010/9/14,700.35
2010/9/15,694.95
2010/9/16,681
2010/9/17,679.55
2010/9/20,697.65
2010/9/21,695.6
2010/9/22,685.3
2010/9/23,687.25
2010/9/24,695.05
2010/9/27,692.8
2010/9/28,708.6
2010/9/29,718.25
2010/9/30,725.15
2010/10/1,741.25
2010/10/4,747.6
2010/10/5,750.7
2010/10/6,763.4
2010/10/7,755.05
2010/10/8,762.9
2010/10/11,761.2
2010/10/12,757.6
2010/10/13,768.15
2010/10/14,765.15
2010/10/15,761.25
2010/10/18,770.8
2010/10/19,753.15
2010/10/20,758.3
2010/10/21,752.05
2010/10/22,760.75
2010/10/25,757.3
2010/10/26,761.4
2010/10/27,754.15
2010/10/28,767
2010/10/29,762.15
2010/11/1,786.65
2010/11/2,782.5
2010/11/3,782.45
2010/11/4,799.1
2010/11/5,794.2
2010/11/8,789.2
2010/11/9,794.6
2010/11/10,804.6
2010/11/11,809.9
2010/11/12,788.35
2010/11/15,798.7
2010/11/16,774.85
2010/11/17,766.9
2010/11/18,785.85
2010/11/19,768.95
2010/11/22,761.45
2010/11/23,764.75
2010/11/24,790.35
2010/11/26,795.1
2010/11/29,804.1
2010/11/30,806.75
2010/12/1,813.85
2010/12/2,831.2
2010/12/3,839.55
2010/12/6,838.05
2010/12/7,835.9
2010/12/8,832.95
2010/12/9,837.85
2010/12/10,827.8
2010/12/13,836.6
2010/12/14,840.85
2010/12/15,845
2010/12/16,848.1
2010/12/17,850.45
2010/12/20,860.15
2010/12/21,865.55
2010/12/22,869.05
2010/12/23,878.35
2010/12/27,876.8
2010/12/28,876.8
2010/12/29,870.65
2010/12/30,863.3
2010/12/31,867.7
2011/1/3,860.2
2011/1/4,863.85
2011/1/5,877.7
2011/1/6,868.15
2011/1/7,851.35
2011/1/10,859.4
2011/1/11,870.75
2011/1/12,870.55
2011/1/13,869.3
2011/1/14,877.15
2011/1/18,877.8
2011/1/19,876.25
2011/1/20,858.85
2011/1/21,864.8
2011/1/24,859.7
2011/1/25,840
2011/1/26,853.6
2011/1/27,855.95
2011/1/28,868
2011/1/31,879.05
2011/2/1,876.6
2011/2/2,878.5
2011/2/3,881.35
2011/2/4,859.6
2011/2/7,860.65
2011/2/8,866.5
2011/2/9,882.25
2011/2/10,870.7
2011/2/11,863.55
2011/2/14,887.2
2011/2/15,872.25
2011/2/16,885.45
2011/2/17,885.5
2011/2/18,878.45
2011/2/22,907.85
2011/2/23,936.45
2011/2/24,956.2
2011/2/25,952.8
2011/2/28,965.75
2011/3/1,978.8
2011/3/2,1005.5
2011/3/3,993.65
2011/3/4,1010.2
2011/3/7,1004.85
2011/3/8,978.7
2011/3/9,1000.5
2011/3/10,986.4
2011/3/11,975.2
2011/3/14,954.35
2011/3/15,920.25
2011/3/16,937.45
2011/3/17,962.6
2011/3/18,961.9
2011/3/21,981.85
2011/3/22,981.5
2011/3/23,987.6
2011/3/24,986.9
2011/3/25,993.3
2011/3/28,982.7
2011/3/29,981.8
2011/3/30,988.45
2011/3/31,1001.55
2011/4/1,1003.1
2011/4/4,1013.85
2011/4/5,1025.5
2011/4/6,1019.95
2011/4/7,1029.25
2011/4/8,1058.2
2011/4/11,1045.9
2011/4/12,1023.25
2011/4/13,1038.3
2011/4/14,1048.05
2011/4/15,1062.25
2011/4/18,1034.8
2011/4/19,1034.85
2011/4/20,1059.6
2011/4/21,1068.4
2011/4/25,1068.4
2011/4/26,1070.25
2011/4/27,1082.1
2011/4/28,1090.3
2011/4/29,1090.3
2011/5/2,1084.8
2011/5/3,1067.4
2011/5/4,1040.5
2011/5/5,988.45
2011/5/6,964.4
2011/5/9,995.85
2011/5/10,1024.5
2011/5/11,986.65
2011/5/12,968.15
2011/5/13,967.1
2011/5/16,957.75
2011/5/17,932.55
2011/5/18,964.85
2011/5/19,960.7
2011/5/20,965.45
2011/5/23,943.6
2011/5/24,956.55
2011/5/25,972.8
2011/5/26,973.6
2011/5/27,978.45
2011/5/31,979.25
2011/6/1,965.5
2011/6/2,947.45
2011/6/3,963.95
2011/6/6,966.35
2011/6/7,958.95
2011/6/8,976.3
2011/6/9,980.65
2011/6/10,974.2
2011/6/13,959.25
2011/6/14,975.45
2011/6/15,953.45
2011/6/16,941.9
2011/6/17,939.1
2011/6/20,927.75
2011/6/21,918.75
2011/6/22,948.5
2011/6/23,909.85
2011/6/24,876.8
2011/6/27,874.95
2011/6/28,903.7
2011/6/29,931.25
2011/6/30,916.4
2011/7/1,925.15
2011/7/5,952.4
2011/7/6,953.7
2011/7/7,990.4
2011/7/8,984.7
2011/7/11,970.3
2011/7/12,973.95
2011/7/13,992.75
2011/7/14,975.7
2011/7/15,989.15
2011/7/18,980.35
2011/7/19,993.4
2011/7/20,993
2011/7/21,1003.45
2011/7/22,1002.85
2011/7/25,1005.7
2011/7/26,1011.05
2011/7/27,999.15
2011/7/28,989.95
2011/7/29,989.35
2011/8/1,988.3
2011/8/2,993.85
2011/8/3,968.4
2011/8/4,929.5
2011/8/5,916.4
2011/8/8,898.05
2011/8/9,886.85
2011/8/10,894.5
2011/8/11,909.2
2011/8/12,927
2011/8/15,935.4
2011/8/16,927.6
2011/8/17,954.9
2011/8/18,928.3
2011/8/19,943.55
2011/8/22,931.55
2011/8/23,950.4
2011/8/24,961.15
2011/8/25,960.45
2011/8/26,960.65
2011/8/29,960.65
2011/8/30,977.35
2011/8/31,977.35
2011/9/1,982.05
2011/9/2,961.25
2011/9/6,943.05
2011/9/7,982.8
2011/9/8,981.05
2011/9/9,947.95
2011/9/12,952.8
2011/9/13,950.45
2011/9/14,949.8
2011/9/15,975.95
2011/9/16,969.85
2011/9/19,944.85
2011/9/20,954.15
2011/9/21,957.1
2011/9/22,904.1
2011/9/23,899.95
2011/9/26,893.7
2011/9/27,917.2
2011/9/28,915.8
2011/9/29,902.75
2011/9/30,880.15
2011/10/3,867.55
2011/10/4,849.4
2011/10/5,855
2011/10/6,861.05
2011/10/7,876.65
2011/10/10,885.85
2011/10/11,877.7
2011/10/12,905.5
2011/10/13,905.2
2011/10/14,925.1
2011/10/17,917.9
2011/10/18,908.85
2011/10/19,899.3
2011/10/20,879.5
2011/10/21,890.05
2011/10/24,880.4
2011/10/25,867.05
2011/10/26,866.5
2011/10/27,879.3
2011/10/28,873
2011/10/31,865.75
2011/11/1,853.3
2011/11/2,882.4
2011/11/3,878.6
2011/11/4,891.4
2011/11/7,899.25
2011/11/8,903.55
2011/11/9,904.7
2011/11/10,889
2011/11/11,886.4
2011/11/14,868.25
2011/11/15,880.55
2011/11/16,889.5
2011/11/17,873.05
2011/11/18,853.45
2011/11/21,844.9
2011/11/22,873.85
2011/11/23,860.7
2011/11/25,854.15
2011/11/28,867.8
2011/11/29,880.7
2011/11/30,893.05
2011/12/1,874.65
2011/12/2,889.6
2011/12/5,898.5
2011/12/6,910.35
2011/12/7,904.55
2011/12/8,894.05
2011/12/9,892.8
2011/12/12,899.05
2011/12/13,904.3
2011/12/14,875.85
2011/12/15,874.05
2011/12/16,869.6
2011/12/19,876.75
2011/12/20,896.5
2011/12/21,898.3
2011/12/22,909.6
2011/12/23,901.3
2011/12/27,901.3
2011/12/28,897.55
2011/12/29,898.55
2011/12/30,900.65
2012/1/3,919.45
2012/1/4,938.95
2012/1/5,949.9
2012/1/6,948.5
2012/1/9,951.6
2012/1/10,954.45
2012/1/11,939.6
2012/1/12,947.95
2012/1/13,929.3
2012/1/17,943.8
2012/1/18,948.6
2012/1/19,950.65
2012/1/20,938.65
2012/1/23,940.25
2012/1/24,933.95
2012/1/25,948.8
2012/1/26,960.2
2012/1/27,976.1
2012/1/30,971.8
2012/1/31,972.6
2012/2/1,970
2012/2/2,955.9
2012/2/3,965.85
2012/2/6,992.1
2012/2/7,994.25
2012/2/8,989.55
2012/2/9,1011.2
2012/2/10,1006.35
2012/2/13,1019.05
2012/2/14,1014.6
2012/2/15,1020.05
2012/2/16,1027.95
2012/2/17,1021.95
2012/2/21,1043.3
2012/2/22,1047.05
2012/2/23,1047.55
2012/2/24,1057.95
2012/2/27,1058.35
2012/2/28,1058.65
2012/2/29,1050.5
2012/3/1,1062.25
2012/3/2,1057.15
2012/3/5,1050
2012/3/6,1041.8
2012/3/7,1048.45
2012/3/8,1066.7
2012/3/9,1068.25
2012/3/12,1065.25
2012/3/13,1070.7
2012/3/14,1070.45
2012/3/15,1059.5
2012/3/16,1070.45
2012/3/19,1077.95
2012/3/20,1065.5
2012/3/21,1058.8
2012/3/22,1045.85
2012/3/23,1063.85
2012/3/26,1067.7
2012/3/27,1064.25
2012/3/28,1055.7
2012/3/29,1047.55
2012/3/30,1052.35
2012/4/2,1051.3
2012/4/3,1059.05
2012/4/4,1044.15
2012/4/5,1043.6
2012/4/9,1043.6
2012/4/10,1030.2
2012/4/11,1031.15
2012/4/12,1044.05
2012/4/13,1038.55
2012/4/16,1020.3
2012/4/17,1017.9
2012/4/18,1001.35
2012/4/19,1009.65
2012/4/20,1008.4
2012/4/23,1000.75
2012/4/24,1003.25
2012/4/25,995.35
2012/4/26,1000.65
2012/4/27,991.15
2012/4/30,989.5
2012/5/1,978.85
2012/5/2,972.15
2012/5/3,960.45
2012/5/4,922.4
2012/5/7,922.4
2012/5/8,917.8
2012/5/9,918.1
2012/5/10,918.5
2012/5/11,922.7
2012/5/14,905.9
2012/5/15,899.7
2012/5/16,897.45
2012/5/17,880.65
2012/5/18,867.3
2012/5/21,875.115
2012/5/22,865.559
2012/5/23,843.56
2012/5/24,849.22
2012/5/25,854.952
2012/5/29,855.857
2012/5/30,826.094
2012/5/31,797.546
2012/6/1,772.598
2012/6/4,775.947
2012/6/5,775.955
2012/6/6,797.261
2012/6/7,780.627
2012/6/8,775.487
2012/6/11,759.925
2012/6/12,742.121
2012/6/13,734.918
2012/6/14,750.819
2012/6/15,766.896
2012/6/18,755.536
2012/6/19,743.607
2012/6/20,718.437
2012/6/21,1697.08
2012/6/22,707.807
2012/6/25,722.181
2012/6/26,747.62
2012/6/27,744.816
2012/6/28,741.489
2012/6/29,790.822
2012/7/2,780.677
2012/7/3,811.554
2012/7/5,818.618
2012/7/6,808.992
2012/7/9,820.673
2012/7/10,808.956
2012/7/11,823.761
2012/7/12,824.637
2012/7/13,830.969
2012/7/16,854.631
2012/7/17,865.097
2012/7/18,869.424
2012/7/19,885.529
2012/7/20,877.58
2012/7/23,844.164
2012/7/24,839.425
2012/7/25,838.688
2012/7/26,841.164
2012/7/27,846.426
2012/7/30,861.62
2012/7/31,849.653
2012/8/1,867.39
2012/8/2,876.437
2012/8/3,897.829
2012/8/6,900.577
2012/8/7,915.26
2012/8/8,922.545
2012/8/9,940.88
2012/8/10,939.277
2012/8/13,936.047
2012/8/14,937.454
2012/8/15,960.407
2012/8/16,964.857
2012/8/17,950.759
2012/8/20,951.383
2012/8/21,951.268
2012/8/22,957.091
2012/8/23,959.721
2012/8/24,960.384
2012/8/27,948.654
2012/8/28,955.717
2012/8/29,957.433
2012/8/30,960.784
2012/8/31,985.704
2012/9/4,969.922
2012/9/5,968.806
2012/9/6,973.096
2012/9/7,979.925
2012/9/10,984.467
2012/9/11,987.089
2012/9/12,985.62
2012/9/13,975.494
2012/9/14,986.26
2012/9/17,948.877
2012/9/18,931.594
2012/9/19,902.417
2012/9/20,920.998
2012/9/21,937.008
2012/9/24,929.257
2012/9/25,933.539
2012/9/26,935.959
2012/9/27,952.997
2012/9/28,961.303
2012/10/1,950.921
2012/10/2,938.294
2012/10/3,904.302
2012/10/4,950.298
2012/10/5,945.654
2012/10/8,941.707
2012/10/9,962.402
2012/10/10,961.61
2012/10/11,969.889
2012/10/12,949.919
2012/10/15,959.286
2012/10/16,964.75
2012/10/17,958.587
2012/10/18,948.414
2012/10/19,930.737
2012/10/22,929.053
2012/10/23,917.477
2012/10/24,914.816
2012/10/25,921.375
2012/10/26,930.991
2012/10/29,935.5
2012/10/30,930.712
2012/10/31,931.097
2012/11/1,927.313
2012/11/2,902.254
2012/11/5,915.949
2012/11/6,940.687
2012/11/7,899.513
2012/11/8,907.116
2012/11/9,926.643
2012/11/12,926.378
2012/11/13,917.918
2012/11/14,927.048
2012/11/15,922.271
2012/11/16,929.596
2012/11/19,945.685
2012/11/20,920.014
2012/11/21,929.173
2012/11/23,932.384
2012/11/26,930.324
2012/11/27,927.298
2012/11/28,931.951
2012/11/29,943.488
2012/11/30,949.227
2012/12/3,935.975
2012/12/4,920.292
2012/12/5,911.164
2012/12/6,907.795
2012/12/7,909.163
2012/12/10,914.061
2012/12/11,910.589
2012/12/12,917.552
2012/12/13,901.638
2012/12/14,921.873
2012/12/17,927.661
2012/12/18,935.759
2012/12/19,945.673
2012/12/20,941.32
2012/12/21,937.845
2012/12/24,941.539
2012/12/26,961.403
2012/12/27,951.059
2012/12/28,938.942
2012/12/31,943.255
2013/1/2,943.363
2013/1/3,937.274
2013/1/4,929.11
2013/1/7,934.558
2013/1/8,941.433
2013/1/9,941.221
2013/1/10,934.844
2013/1/11,911.502
2013/1/14,927.382
2013/1/15,918.858
2013/1/16,915.702
2013/1/17,935.581
2013/1/18,946.095
2013/1/22,961.26
2013/1/23,962.751
2013/1/24,958.788
2013/1/25,960.524
2013/1/28,960.629
2013/1/29,963.366
2013/1/30,968.779
2013/1/31,966.328
2013/2/1,962.724
2013/2/4,955.242
2013/2/5,962.467
2013/2/6,977.427
2013/2/7,976.52
2013/2/8,981.279
2013/2/11,975.722
2013/2/12,985.924
2013/2/13,994.332
2013/2/14,1001.698
2013/2/15,1005.984
2013/2/19,990.899
2013/2/20,968.758
2013/2/21,953.434
2013/2/22,964.965
2013/2/25,975.58
2013/2/26,958.178
2013/2/27,955.344
2013/2/28,943.856
2013/3/1,913.224
2013/3/4,909.4
2013/3/5,922.713
2013/3/6,914.163
2013/3/7,913.695
2013/3/8,917.966
2013/3/11,913.817
2013/3/12,907.779
2013/3/13,900.557
2013/3/14,901.111
2013/3/15,909.924
2013/3/18,903.499
2013/3/19,887.131
2013/3/20,898.728
2013/3/21,891.476
2013/3/22,893.842
2013/3/25,898.166
2013/3/26,900.636
2013/3/27,904.251
2013/3/28,901.116
2013/4/1,901.622
2013/4/2,894.11
2013/4/3,858.378
2013/4/4,859.58
2013/4/5,854.601
2013/4/8,861.642
2013/4/9,867.51
2013/4/10,854.835
2013/4/11,842.203
2013/4/12,835.399
2013/4/15,817.851
2013/4/16,818.763
2013/4/17,803.04
2013/4/18,812.712
2013/4/19,816.785
2013/4/22,825.901
2013/4/23,818.928
2013/4/24,827.025
2013/4/25,846.258
2013/4/26,840.929
2013/4/29,845.133
2013/4/30,835.408
2013/5/1,809.376
2013/5/2,826.42
2013/5/3,833.323
2013/5/6,845.516
2013/5/7,849.062
2013/5/8,857.441
2013/5/9,859.037
2013/5/10,856.457
2013/5/13,849.703
2013/5/14,845.223
2013/5/15,850.108
2013/5/16,854.4
2013/5/17,863.798
2013/5/20,868.921
2013/5/21,861.104
2013/5/22,848.129
2013/5/23,849.557
2013/5/24,850.734
2013/5/28,868.128
2013/5/29,851.481
2013/5/30,854.291
2013/5/31,837.91
2013/6/3,850.345
2013/6/4,867.011
2013/6/5,858.251
2013/6/6,863.724
2013/6/7,870.356
2013/6/10,863.273
2013/6/11,857.006
2013/6/12,860.006
2013/6/13,872.42
2013/6/14,877.656
2013/6/17,869.24
2013/6/18,873.449
2013/6/19,874.128
2013/6/20,847.371
2013/6/21,847.136
2013/6/24,850.262
2013/6/25,842.59
2013/6/26,846.916
2013/6/27,848.229
2013/6/28,847.271
2013/7/1,849.963
2013/7/2,866.681
2013/7/3,875.253
2013/7/5,891.821
2013/7/8,890.006
2013/7/9,893.377
2013/7/10,902.598
2013/7/11,900.056
2013/7/12,913.659
2013/7/15,910.906
2013/7/16,909.235
2013/7/17,906.508
2013/7/18,906.127
2013/7/19,901.549
2013/7/22,895.79
2013/7/23,898.32
2013/7/24,889.875
2013/7/25,893.05
2013/7/26,893.666
2013/7/29,892.402
2013/7/30,887.94
2013/7/31,893.616
2013/8/1,907.93
2013/8/2,902.708
2013/8/5,903.107
2013/8/6,897.028
2013/8/7,892.089
2013/8/8,890.172
2013/8/9,903.864
2013/8/12,910.862
2013/8/13,918.093
2013/8/14,925.338
2013/8/15,927.083
2013/8/16,930.908
2013/8/19,926.301
2013/8/20,925.504
2013/8/21,924.171
2013/8/22,929.714
2013/8/23,941.467
2013/8/26,938.619
2013/8/27,965.961
2013/8/28,976.961
2013/8/29,961.249
2013/8/30,952.862
2013/9/3,962.714
2013/9/4,958.742
2013/9/5,958.726
2013/9/6,968.228
2013/9/9,955.305
2013/9/10,938.529
2013/9/11,939.525
2013/9/12,944.978
2013/9/13,949.368
2013/9/16,940.747
2013/9/17,923.337
2013/9/18,939.931
2013/9/19,922.947
2013/9/20,923.455
2013/9/23,914.057
2013/9/24,913.168
2013/9/25,906.839
2013/9/26,915.755
2013/9/27,906.505
2013/9/30,902.987
2013/10/1,893.35
2013/10/2,901.064
2013/10/3,899.917
2013/10/4,900.653
2013/10/7,902.864
2013/10/8,911.222
2013/10/9,905.181
2013/10/10,930.025
2013/10/11,928.664
2013/10/14,929.252
2013/10/15,925.814
2013/10/16,934.038
2013/10/17,923.31
2013/10/18,929.994
2013/10/21,927.052
2013/10/22,925.882
2013/10/23,901.787
2013/10/24,904.464
2013/10/25,904.426
2013/10/28,924.035
2013/10/29,917.659
2013/10/30,934.318
2013/10/31,930.91
2013/11/1,906.39
2013/11/4,908.881
2013/11/5,900.806
2013/11/6,899.486
2013/11/7,886.804
2013/11/8,910.412
2013/11/11,919.603
2013/11/12,914.906
2013/11/13,930.245
2013/11/14,937.286
2013/11/15,930.523
2013/11/18,929.148
2013/11/19,923.85
2013/11/20,939.635
2013/11/21,959.701
2013/11/22,969.885
2013/11/25,961.267
2013/11/26,956.897
2013/11/27,953.483
2013/11/29,948.739
2013/12/2,959.91
2013/12/3,966.542
2013/12/4,957.27
2013/12/5,951.502
2013/12/6,957.123
2013/12/9,938.569
2013/12/10,942.471
2013/12/11,946.776
2013/12/12,944.206
2013/12/13,944.94
2013/12/16,955.088
2013/12/17,948.293
2013/12/18,962.156
2013/12/19,965.596
2013/12/20,976.92
2013/12/23,973.019
2013/12/24,975.538
2013/12/26,976.339
2013/12/27,979.806
2013/12/30,969.464
2013/12/31,965.065
2014/1/2,932.013
2014/1/3,925.254
2014/1/6,924.014
2014/1/7,929.575
2014/1/8,926.937
2014/1/9,928.196
2014/1/10,937.971
2014/1/13,925.987
2014/1/14,917.978
2014/1/15,922.604
2014/1/16,909.371
2014/1/17,918.086
2014/1/21,927.57
2014/1/22,943.436
2014/1/23,937.331
2014/1/24,941.288
2014/1/27,927.022
2014/1/28,927.084
2014/1/29,930.113
2014/1/30,932.806
2014/1/31,924.358
2014/2/3,910.751
2014/2/4,903.209
2014/2/5,908.527
2014/2/6,917.416
2014/2/7,932.836
2014/2/10,917.701
2014/2/11,922.726
2014/2/12,922.404
2014/2/13,918.473
2014/2/14,925.832
2014/2/18,937.457
2014/2/19,932.545
2014/2/20,931.026
2014/2/21,928.998
2014/2/24,938.697
2014/2/25,932.824
2014/2/26,930.573
2014/2/27,927.831
2014/2/28,929.312
2014/3/3,935.917
2014/3/4,918.525
2014/3/5,903.952
2014/3/6,907.625
2014/3/7,915.164
2014/3/10,906.616
2014/3/11,916.463
2014/3/12,913.03
2014/3/13,913.118
2014/3/14,923.237
2014/3/17,903.786
2014/3/18,910.708
2014/3/19,905.84
2014/3/20,912.3
2014/3/21,915.974
2014/3/24,915.928
2014/3/25,912.464
2014/3/26,913.596
2014/3/27,921.443
2014/3/28,926.14
2014/3/31,929.354
2014/4/1,899.051
2014/4/2,891.227
2014/4/3,903.344
2014/4/4,907.875
2014/4/7,905.026
2014/4/8,921.681
2014/4/9,921.276
2014/4/10,918.835
2014/4/11,921.549
2014/4/14,936.056
2014/4/15,933.874
2014/4/16,933.091
2014/4/17,931.772
2014/4/21,936.157
2014/4/22,938.839
2014/4/23,939.428
2014/4/24,950.8
2014/4/25,942.232
2014/4/28,932.095
2014/4/29,939.104
2014/4/30,931.845
2014/5/1,914.818
2014/5/2,920.933
2014/5/5,913.763
2014/5/6,913.371
2014/5/7,926.661
2014/5/8,929.465
2014/5/9,922.779
2014/5/12,923.584
2014/5/13,927.685
2014/5/14,934.608
2014/5/15,929.068
2014/5/16,932.962
2014/5/19,933.885
2014/5/20,939.498
2014/5/21,949.122
2014/5/22,948.333
2014/5/23,952.953
2014/5/27,949.79
2014/5/28,945.196
2014/5/29,947.898
2014/5/30,939.791
2014/6/2,923.368
2014/6/3,922.924
2014/6/4,919.35
2014/6/5,925.423
2014/6/6,924.989
2014/6/9,938.159
2014/6/10,935.731
2014/6/11,940.105
2014/6/12,963.526
2014/6/13,961.068
2014/6/16,964.793
2014/6/17,967.065
2014/6/18,974.155
2014/6/19,979.815
2014/6/20,980.294
2014/6/23,974.332
2014/6/24,976.974
2014/6/25,973.587
2014/6/26,967.348
2014/6/27,975.229
2014/6/30,970.468
2014/7/1,963.832
2014/7/2,958.412
2014/7/3,959.555
2014/7/7,951.388
2014/7/8,947.199
2014/7/9,942.096
2014/7/10,950.282
2014/7/11,942.046
2014/7/14,952.813
2014/7/15,953.732
2014/7/16,944.203
2014/7/17,947.29
2014/7/18,944.894
2014/7/21,955.384
2014/7/22,954.182
2014/7/23,954.502
2014/7/24,944.763
2014/7/25,956.998
2014/7/28,949.301
2014/7/29,945.754
2014/7/30,931.34
2014/7/31,929.202
2014/8/1,918.684
2014/8/4,918.837
2014/8/5,900.701
2014/8/6,906.831
2014/8/7,915.894
2014/8/8,908.171
2014/8/11,909.91
2014/8/12,902.419
2014/8/13,907.984
2014/8/14,884.023
2014/8/15,898.47
2014/8/18,883.503
2014/8/19,891.303
2014/8/20,899.011
2014/8/21,899.348
2014/8/22,897.628
2014/8/25,899.429
2014/8/26,904.479
2014/8/27,907.748
2014/8/28,898.318
2014/8/29,906.371
2014/9/2,884.165
2014/9/3,907.658
2014/9/4,897.489
2014/9/5,889.199
2014/9/8,885.641
2014/9/9,874.261
2014/9/10,867.4
2014/9/11,873.175
2014/9/12,869.073
2014/9/15,871.7
2014/9/16,878.572
2014/9/17,874.157
2014/9/18,866.692
2014/9/19,873.742
2014/9/22,861.802
2014/9/23,859.209
2014/9/24,858.236
2014/9/25,850.462
2014/9/26,851.24
2014/9/29,853.603
2014/9/30,832.111
2014/10/1,830.446
2014/10/2,825.966
2014/10/3,814.241
2014/10/6,818.749
2014/10/7,807.797
2014/10/8,788.475
2014/10/9,759.541
2014/10/10,759.893
2014/10/13,757.612
2014/10/14,725.167
2014/10/15,712.475
2014/10/16,719.834
2014/10/17,726.4
2014/10/20,721.099
2014/10/21,728.176
2014/10/22,712.822
2014/10/23,726.83
2014/10/24,722.474
2014/10/27,719.898
2014/10/28,724.027
2014/10/29,737.063
2014/10/30,728.622
2014/10/31,726.458
2014/11/3,719.513
2014/11/4,703.725
2014/11/5,697.582
2014/11/6,695.021
2014/11/7,690.772
2014/11/10,667.844
2014/11/11,673.913
2014/11/12,676.097
2014/11/13,648.343
2014/11/14,665.986
2014/11/17,668.555
2014/11/18,659.345
2014/11/19,667.919
2014/11/20,672.958
2014/11/21,679.938
2014/11/24,671.148
2014/11/25,662.671
2014/11/26,659.971
2014/11/28,605.441
2014/12/1,621.094
2014/12/2,593.916
2014/12/3,589.765
2014/12/4,591.755
2014/12/5,579.904
2014/12/8,551.724
2014/12/9,554.426
2014/12/10,527.898
2014/12/11,521.546
2014/12/12,512.11
2014/12/15,509.452
2014/12/16,503.503
2014/12/17,504.032
2014/12/18,487.433
2014/12/19,510.46
2014/12/22,496.707
2014/12/23,509.057
2014/12/24,492.672
2014/12/26,489.222
2014/12/29,471.087
2014/12/30,474.169
2014/12/31,465.116
2015/1/2,462.603
2015/1/5,438.563
2015/1/6,421.909
2015/1/7,423.677
2015/1/8,423.997
2015/1/9,425.935
2015/1/12,412.06
2015/1/13,413.185
2015/1/14,436.843
2015/1/15,423.248
2015/1/16,439.747
2015/1/20,422.917
2015/1/21,435.716
2015/1/22,426.054
2015/1/23,423.835
2015/1/26,423.357
2015/1/27,437.685
2015/1/28,432.146
2015/1/29,442.737
2015/1/30,483.776
2015/2/2,504.649
2015/2/3,525.236
2015/2/4,480.696
2015/2/5,494.808
2015/2/6,509.978
2015/2/9,523.649
2015/2/10,507.968
2015/2/11,502.194
2015/2/12,526.01
2015/2/13,535.706
2015/2/17,546.319
2015/2/18,525.533
2015/2/19,527.486
2015/2/20,527.496
2015/2/23,523.321
2015/2/24,518.465
2015/2/25,545.672
2015/2/26,532.207
2015/2/27,556.299
2015/3/2,527.069
2015/3/3,544.534
2015/3/4,544.585
2015/3/5,532.907
2015/3/6,527.378
2015/3/9,519.496
2015/3/10,502.599
2015/3/11,516.296
2015/3/12,511.061
2015/3/13,495.109
2015/3/16,491.285
2015/3/17,486.847
2015/3/18,508.305
2015/3/19,499.389
2015/3/20,510.796
2015/3/23,519.052
2015/3/24,520.887
2015/3/25,537.786
2015/3/26,551.571
2015/3/27,521.823
2015/3/30,524.795
2015/3/31,509.622
2015/4/1,516.591
2015/4/2,494.368
2015/4/6,526.178
2015/4/7,526.366
2015/4/8,493.491
2015/4/9,502.541
2015/4/10,518.019
2015/4/13,521.535
2015/4/14,529.413
2015/4/15,566.387
2015/4/16,569.065
2015/4/17,561.431
2015/4/20,556.377
2015/4/21,542.886
2015/4/22,552.048
2015/4/23,569.603
2015/4/24,574.041
2015/4/27,575.065
2015/4/28,577.616
2015/4/29,580.83
2015/4/30,585.851
2015/5/1,580.457
2015/5/4,580.248
2015/5/5,585.455
2015/5/6,577.613
2015/5/7,561.393
2015/5/8,570.155
2015/5/11,566.924
2015/5/12,583.105
2015/5/13,582.082
2015/5/14,582.418
2015/5/15,588.469
2015/5/18,582.93
2015/5/19,561.218
2015/5/20,570.748
2015/5/21,579.766
2015/5/22,563.067
2015/5/26,553.72
2015/5/27,540.125
2015/5/28,550.528
2015/5/29,577.872
2015/6/1,574.428
2015/6/2,578.234
2015/6/3,564.333
2015/6/4,547.055
2015/6/5,557.187
2015/6/8,554.861
2015/6/9,578.504
2015/6/10,589.614
2015/6/11,584.794
2015/6/12,572.275
2015/6/15,565.4
2015/6/16,562.406
2015/6/17,556.216
2015/6/18,562.244
2015/6/19,553.604
2015/6/22,556.357
2015/6/23,565.662
2015/6/24,555.153
2015/6/25,550.363
2015/6/26,551.907
2015/6/29,543.415
2015/6/30,553.763
2015/7/1,538.101
2015/7/2,544.637
2015/7/6,498.779
2015/7/7,500.282
2015/7/8,498.311
2015/7/9,506.579
2015/7/10,506.635
2015/7/13,500.538
2015/7/14,499.923
2015/7/15,492.612
2015/7/16,500.856
2015/7/17,507.987
2015/7/20,506.271
2015/7/21,506.763
2015/7/22,495.301
2015/7/23,488.928
2015/7/24,486.725
2015/7/27,481.971
2015/7/28,479.277
2015/7/29,480.717
2015/7/30,484.064
2015/7/31,477.676
2015/8/3,456.68
2015/8/4,466.279
2015/8/5,459.608
2015/8/6,456.165
2015/8/7,447.369
2015/8/10,464.296
2015/8/11,459.042
2015/8/12,463.305
2015/8/13,457.638
2015/8/14,449.211
2015/8/17,446.313
2015/8/18,446.756
2015/8/19,434.899
2015/8/20,427.864
2015/8/21,414.062
2015/8/24,381.837
2015/8/25,380.939
2015/8/26,369.635
2015/8/27,415.851
2015/8/28,442.237
2015/8/31,474.696
2015/9/1,433.318
2015/9/2,443.561
2015/9/3,448.976
2015/9/4,442.523
2015/9/8,449.392
2015/9/9,432.613
2015/9/10,446.952
2015/9/11,439.591
2015/9/14,425.843
2015/9/15,435.289
2015/9/16,450.384
2015/9/17,445.331
2015/9/18,432.077
2015/9/21,448.245
2015/9/22,450.083
2015/9/23,436.87
2015/9/24,439.818
2015/9/25,442.971
2015/9/28,434.781
2015/9/29,438.895
2015/9/30,441.185
2015/10/1,437.359
2015/10/2,439.747
2015/10/5,452.143
2015/10/6,474.52
2015/10/7,466.748
2015/10/8,479.553
2015/10/9,474.377
2015/10/12,454.353
2015/10/13,453.482
2015/10/14,458.167
2015/10/15,455.214
2015/10/16,463.278
2015/10/19,443.082
2015/10/20,443.628
2015/10/21,438.112
2015/10/22,444.27
2015/10/23,444.135
2015/10/26,441.834
2015/10/27,436.295
2015/10/28,459.124
2015/10/29,459.473
2015/10/30,467.027
2015/11/2,464.337
2015/11/3,480.68
2015/11/4,464.189
2015/11/5,459.175
2015/11/6,456.055
2015/11/9,456.737
2015/11/10,456.934
2015/11/11,442.769
2015/11/12,431.95
2015/11/13,429.058
2015/11/16,433.27
2015/11/17,430.454
2015/11/18,436.944
2015/11/19,440.508
2015/11/20,438.537
2015/11/23,442.996
2015/11/24,460.344
2015/11/25,459.077
2015/11/27,455.873
2015/11/30,452.425
2015/12/1,455.915
2015/12/2,436.503
2015/12/3,441.334
2015/12/4,431.28
2015/12/7,417.49
2015/12/8,417.755
2015/12/9,418.451
2015/12/10,424.503
2015/12/11,420.961
2015/12/14,413.122
2015/12/15,411.365
2015/12/16,407.552
2015/12/17,409.47
2015/12/18,412.523
2015/12/21,404.9
2015/12/22,398.647
2015/12/23,412.284
2015/12/24,417.894
2015/12/28,405.595
2015/12/29,415.765
2015/12/30,405.996
2015/12/31,414.699
2016/1/4,419.774
2016/1/5,414.411
2016/1/6,388.477
2016/1/7,380.311
2016/1/8,367.201
2016/1/11,348.965
2016/1/12,341.845
2016/1/13,333.753
2016/1/14,333.379
2016/1/15,315.309
2016/1/19,322.529
2016/1/20,313.831
2016/1/21,319.821
2016/1/22,338.393
2016/1/25,315.23
2016/1/26,308.176
2016/1/27,321.193
2016/1/28,340.386
2016/1/29,349.468
2016/2/1,335.807
2016/2/2,313.672
2016/2/3,327.083
2016/2/4,325.275
2016/2/5,315.53
2016/2/8,301.218
2016/2/9,272.376
2016/2/10,291.326
2016/2/11,294.833
2016/2/12,327.584
2016/2/16,303.351
2016/2/17,321.509
2016/2/18,313.593
2016/2/19,307.602
2016/2/22,324.536
2016/2/23,312.847
2016/2/24,329.956
2016/2/25,338.959
2016/2/26,331.347
2016/2/29,340.683
2016/3/1,343.082
2016/3/2,347.369
2016/3/3,348.251
2016/3/4,360.541
2016/3/7,370.283
2016/3/8,355.662
2016/3/9,377.188
2016/3/10,369.666
2016/3/11,372.624
2016/3/14,364.282
2016/3/15,360.181
2016/3/16,376.659
2016/3/17,385.41
2016/3/18,381.338
2016/3/21,387.975
2016/3/22,392.899
2016/3/23,382.896
2016/3/24,388.502
2016/3/28,380.943
2016/3/29,384.194
2016/3/30,389.284
2016/3/31,387.1
2016/4/1,374.474
2016/4/4,362.876
2016/4/5,364.069
2016/4/6,374.915
2016/4/7,367.848
2016/4/8,389.09
2016/4/11,395.738
2016/4/12,407.035
2016/4/13,398.144
2016/4/14,396.566
2016/4/15,389.132
2016/4/18,389.799
2016/4/19,399.016
2016/4/20,408.352
2016/4/21,396.602
2016/4/22,405.182
2016/4/25,401.266
2016/4/26,413.009
2016/4/27,419.532
2016/4/28,422.671
2016/4/29,419.72
2016/5/2,405.81
2016/5/3,396.879
2016/5/4,391.529
2016/5/5,391.728
2016/5/6,395.397
2016/5/9,380.269
2016/5/10,396.994
2016/5/11,418.528
2016/5/12,423.111
2016/5/13,421.414
2016/5/16,432.487
2016/5/17,434.882
2016/5/18,430.001
2016/5/19,427.303
2016/5/20,423.766
2016/5/23,423.506
2016/5/24,425.734
2016/5/25,430.326
2016/5/26,425.15
2016/5/27,424.574
2016/5/31,421.834
2016/6/1,426.747
2016/6/2,433.291
2016/6/3,423.89
2016/6/6,430.878
2016/6/7,434.008
2016/6/8,438.043
2016/6/9,437.904
2016/6/10,427.879
2016/6/13,423.953
2016/6/14,422.798
2016/6/15,419.297
2016/6/16,411.275
2016/6/17,426.441
2016/6/20,437.94
2016/6/21,439.973
2016/6/22,432.04
2016/6/23,438.74
2016/6/24,416.439
2016/6/27,408.949
2016/6/28,421.714
2016/6/29,434.912
2016/6/30,417.648
2016/7/1,429.07
2016/7/5,410.252
2016/7/6,415.798
2016/7/7,393.586
2016/7/8,401.798
2016/7/11,395.514
2016/7/12,414.117
2016/7/13,392.682
2016/7/14,402.914
2016/7/15,406.054
2016/7/18,400.77
2016/7/19,398.372
2016/7/20,397.221
2016/7/21,387.8
2016/7/22,385.893
2016/7/25,379.718
2016/7/26,380.939
2016/7/27,367.603
2016/7/28,363.331
2016/7/29,362.598
2016/8/1,355.238
2016/8/2,353.748
2016/8/3,367.431
2016/8/4,373.879
2016/8/5,370.439
2016/8/8,376.2
2016/8/9,371.203
2016/8/10,365.565
2016/8/11,380.044
2016/8/12,383.346
2016/8/15,390.429
2016/8/16,399.803
2016/8/17,410.274
2016/8/18,419.014
2016/8/19,416.24
2016/8/22,404.336
2016/8/23,412.852
2016/8/24,405.825
2016/8/25,410.601
2016/8/26,413.39
2016/8/29,406.418
2016/8/30,397.772
2016/8/31,380.335
2016/9/1,376.787
2016/9/2,390.086
2016/9/6,399.894
2016/9/7,406.035
2016/9/8,424.993
2016/9/9,406.197
2016/9/12,409.792
2016/9/13,397.961
2016/9/14,387.538
2016/9/15,398.367
2016/9/16,397
2016/9/19,394.586
2016/9/20,394.396
2016/9/21,408.116
2016/9/22,419.751
2016/9/23,402.009
2016/9/26,413.861
2016/9/27,398.411
2016/9/28,422.541
2016/9/29,417.365
2016/9/30,422.022
2016/10/3,429.268
2016/10/4,431.921
2016/10/5,443.414
2016/10/6,446.433
2016/10/7,444.554
2016/10/10,450.521
2016/10/11,442.16
2016/10/12,436.312
2016/10/13,443.175
2016/10/14,444.476
2016/10/17,443.03
2016/10/18,446.034
2016/10/19,453.354
2016/10/20,449.688
2016/10/21,455.903
2016/10/24,456.724
2016/10/25,452.516
2016/10/26,448.237
2016/10/27,451.604
2016/10/28,442.083
2016/10/31,428.868
2016/11/1,432.515
2016/11/2,426.649
2016/11/3,424.679
2016/11/4,415.182
2016/11/7,415.01
2016/11/8,415.984
2016/11/9,417.041
2016/11/10,418.433
2016/11/11,414.976
2016/11/14,406.114
2016/11/15,423.937
2016/11/16,421.853
2016/11/17,425.338
2016/11/18,430.188
2016/11/21,443.733
2016/11/22,444.457
2016/11/23,441.095
2016/11/25,427.324
2016/11/28,438.067
2016/11/29,424.151
2016/11/30,459.052
2016/12/1,469.748
2016/12/2,475.995
2016/12/5,475.756
2016/12/6,468.37
2016/12/7,460.728
2016/12/8,466.119
2016/12/9,469.695
2016/12/12,475.828
2016/12/13,478.8
2016/12/14,466.951
2016/12/15,473.522
2016/12/16,482.294
2016/12/19,478.196
2016/12/20,484.16
2016/12/21,480.133
2016/12/22,487.035
2016/12/23,486.695
2016/12/27,495.184
2016/12/28,495.594
2016/12/29,497.489
2016/12/30,498.58
2017/1/3,491.93
2017/1/4,505.85
2017/1/5,507.438
2017/1/6,512.282
2017/1/9,496.523
2017/1/10,488.638
2017/1/11,507.917
2017/1/12,515.374
2017/1/13,507.143
2017/1/17,507.4
2017/1/18,496.992
2017/1/19,501.155
2017/1/20,511.622
2017/1/23,510.653
2017/1/24,513.474
2017/1/25,506.115
2017/1/26,512.12
2017/1/27,507.56
2017/1/30,506.933
2017/1/31,511.929
2017/2/1,516.221
2017/2/2,511.631
2017/2/3,517.01
2017/2/6,510.386
2017/2/7,502.407
2017/2/8,503.745
2017/2/9,511.178
2017/2/10,521.961
2017/2/13,512.67
2017/2/14,515.948
2017/2/15,513.42
2017/2/16,507.047
2017/2/17,504.509
2017/2/21,502.5
2017/2/22,499.216
2017/2/23,507.495
2017/2/24,502.915
2017/2/27,506.077
2017/2/28,502.684
2017/3/1,493.622
2017/3/2,479.609
2017/3/3,489.624
2017/3/6,492.495
2017/3/7,489.499
2017/3/8,468.008
2017/3/9,464.315
2017/3/10,459.611
2017/3/13,459.869
2017/3/14,455.683
2017/3/15,462.693
2017/3/16,461.28
2017/3/17,463.209
2017/3/20,460.749
2017/3/21,454.314
2017/3/22,452.468
2017/3/23,447.934
2017/3/24,451.315
2017/3/27,452.862
2017/3/28,457.115
2017/3/29,469.536
2017/3/30,471.579
2017/3/31,474.245
2017/4/3,471.941
2017/4/4,479.552
2017/4/5,477.996
2017/4/6,481.278
2017/4/7,485.602
2017/4/10,490.503
2017/4/11,489.833
2017/4/12,488.76
2017/4/13,491.094
2017/4/17,486.744
2017/4/18,482.868
2017/4/19,462.244
2017/4/20,464.057
2017/4/21,458.67
2017/4/24,456.349
2017/4/25,459.87
2017/4/26,454.95
2017/4/27,447.367
2017/4/28,450.36
2017/5/1,443.422
2017/5/2,435.431
2017/5/3,440.432
2017/5/4,423.129
2017/5/5,431.796
2017/5/8,431.911
2017/5/9,423.087
2017/5/10,436.136
2017/5/11,441.558
2017/5/12,441.835
2017/5/15,448.17
2017/5/16,447.083
2017/5/17,449.78
2017/5/18,451.14
2017/5/19,458.773
2017/5/22,463.167
2017/5/23,462.547
2017/5/24,459.918
2017/5/25,439.641
2017/5/26,448.672
2017/5/30,447.056
2017/5/31,435.057
2017/6/1,437.316
2017/6/2,430.175
2017/6/5,426.698
2017/6/6,430.462
2017/6/7,411.133
2017/6/8,411.763
2017/6/9,417.027
2017/6/12,416.766
2017/6/13,421.612
2017/6/14,407.04
2017/6/15,405.889
2017/6/16,409.417
2017/6/19,406.204
2017/6/20,402.87
2017/6/21,393.266
2017/6/22,396.362
2017/6/23,397.107
2017/6/26,399.092
2017/6/27,406.271
2017/6/28,411.445
2017/6/29,410.732
2017/6/30,420.772
2017/7/3,430.416
2017/7/5,412.044
2017/7/6,417.587
2017/7/7,409.711
2017/7/10,411.732
2017/7/11,416.577
2017/7/12,417.137
2017/7/13,421.948
2017/7/14,427.114
2017/7/17,423.248
2017/7/18,430.189
2017/7/19,437.531
2017/7/20,436.155
2017/7/21,427.371
2017/7/24,430.895
2017/7/25,442.244
2017/7/26,449.933
2017/7/27,458.312
2017/7/28,463.912
2017/7/31,472.874
2017/8/1,466.54
2017/8/2,468.314
2017/8/3,466.761
2017/8/4,471.73
2017/8/7,467.868
2017/8/8,463.419
2017/8/9,468.39
2017/8/10,462.661
2017/8/11,465.262
2017/8/14,455.986
2017/8/15,457.011
2017/8/16,452.85
2017/8/17,458.961
2017/8/18,475.203
2017/8/21,460.714
2017/8/22,464.242
2017/8/23,470.225
2017/8/24,470.766
2017/8/25,471.556
2017/8/28,467.061
2017/8/29,477.424
2017/8/30,469.621
2017/8/31,494.06
2017/9/1,488.077
2017/9/5,491.999
2017/9/6,499.428
2017/9/7,503.771
2017/9/8,498.147
2017/9/11,497.498
2017/9/12,500.579
2017/9/13,504.745
2017/9/14,503.749
2017/9/15,509.529
2017/9/18,509.409
2017/9/19,505.074
2017/9/20,512.789
2017/9/21,515.22
2017/9/22,519.909
2017/9/25,538.133
2017/9/26,532.487
2017/9/27,525.918
2017/9/28,522.016
2017/9/29,518.995
2017/10/2,506.356
2017/10/3,504.459
2017/10/4,507.175
2017/10/5,519.93
2017/10/6,505.012
2017/10/9,505.796
2017/10/10,515.221
2017/10/11,520.54
2017/10/12,513.998
2017/10/13,523.201
2017/10/16,526.715
2017/10/17,526.247
2017/10/18,527.707
2017/10/19,523.026
2017/10/20,531.731
2017/10/23,529.293
2017/10/24,539.973
2017/10/25,541.229
2017/10/26,548.691
2017/10/27,556.867
2017/10/30,559.495
2017/10/31,563.095
2017/11/1,557.226
2017/11/2,562.602
2017/11/3,574.481
2017/11/6,591.268
2017/11/7,584.809
2017/11/8,581.968
2017/11/9,588.213
2017/11/10,588.166
2017/11/13,587.65
2017/11/14,575.931
2017/11/15,571.824
2017/11/16,566.666
2017/11/17,578.398
2017/11/20,573.891
2017/11/21,575.928
2017/11/22,582.963
2017/11/23,582.963
2017/11/24,589.975
2017/11/27,590.304
2017/11/28,588.502
2017/11/29,579.795
2017/11/30,575.642
2017/12/1,579.44
2017/12/4,568.68
2017/12/5,573.783
2017/12/6,563.042
2017/12/7,574.283
2017/12/8,583.095
2017/12/11,589.082
2017/12/12,577.404
2017/12/13,569.024
2017/12/14,574.299
2017/12/15,572.121
2017/12/18,573.828
2017/12/19,579.394
2017/12/20,585.429
2017/12/21,589.668
2017/12/22,592.668
2017/12/25,592.668
2017/12/26,608.057
2017/12/27,600.817
2017/12/28,603.239
2017/12/29,610.444
2018/1/2,595.537
2018/1/3,599.861
2018/1/4,595.914
2018/1/5,593.368
2018/1/8,596.945
2018/1/9,605.574
2018/1/10,598.778
2018/1/11,594.36
2018/1/12,603.301
2018/1/13,603.301
2018/1/14,603.301
2018/1/15,604.784
2018/1/16,598.344
2018/1/17,601.796
2018/1/18,604.814
2018/1/19,597.818
2018/1/20,597.818
2018/1/21,597.818
2018/1/22,595.395
2018/1/23,602.113
2018/1/24,605.849
2018/1/25,601.61
2018/1/26,602.73
2018/1/27,602.73
2018/1/28,602.73
2018/1/29,595.273
2018/1/30,586.871
2018/1/31,593.22
2018/2/1,600.424
2018/2/2,588.256
2018/2/5,577.521
2018/2/6,563.962
2018/2/7,551.919
2018/2/8,551.209
2018/2/9,535.268
2018/2/12,536.162
2018/2/13,538.476
2018/2/14,553.411
2018/2/15,551.666
2018/2/16,554.577
2018/2/19,560.663
2018/2/20,557.137
2018/2/21,557.999
2018/2/22,566.774
2018/2/23,574.329
2018/2/26,576.916
2018/2/27,573.345
2018/2/28,555.644
2018/3/1,550.631
2018/3/2,556.586
2018/3/3,556.586
2018/3/4,556.586
2018/3/5,564.664
2018/3/6,564.6
2018/3/7,556.154
2018/3/8,548.453
2018/3/9,562.757
2018/3/10,562.757
2018/3/11,562.757
2018/3/12,548.453
2018/3/13,554.765
2018/3/14,560.498
2018/3/15,562.875
2018/3/16,570.449
2018/3/17,570.449
2018/3/18,570.449
2018/3/19,566.924
2018/3/20,577.097
2018/3/21,590.666
2018/3/22,585.869
2018/3/23,597.883
2018/3/24,597.883
2018/3/25,597.883
2018/3/26,592.703
2018/3/27,593.768
2018/3/28,592.107
2018/3/29,594.98
2018/3/30,594.98
2018/3/31,594.98
2018/4/1,594.98
2018/4/2,575.464
2018/4/3,580.029
2018/4/4,578.028
2018/4/5,579.195
2018/4/6,568.718
2018/4/7,568.718
2018/4/8,568.718
2018/4/9,579.715
2018/4/10,596.204
2018/4/11,604.024
2018/4/12,600.917
2018/4/13,605.99
2018/4/16,597.4
2018/4/17,598.165
2018/4/18,610.803
2018/4/19,613.116
2018/4/20,616.238
2018/4/21,616.238
2018/4/22,616.238
2018/4/23,624.578
2018/4/24,615.907
2018/4/25,621.184
2018/4/26,626.13
2018/4/27,630.999
2018/4/28,630.999
2018/4/29,630.999
2018/4/30,635.208
2018/5/1,618.48
2018/5/2,620.011
2018/5/3,624.002
2018/5/4,638.207
2018/5/5,638.207
2018/5/6,638.207
2018/5/7,650.027
2018/5/8,640.709
2018/5/9,660.687
2018/5/10,662.778
2018/5/11,661.647
2018/5/12,661.647
2018/5/13,661.647
2018/5/14,669.471
2018/5/15,670.229
2018/5/16,680.973
2018/5/17,680.35
2018/5/18,676.774
2018/5/19,676.774
2018/5/20,676.774
2018/5/21,687.412
2018/5/22,689.74
2018/5/23,690.848
2018/5/24,680.793
2018/5/25,660.331
2018/5/26,660.331
2018/5/27,660.331
2018/5/28,650.791
2018/5/29,653.359
2018/5/30,664.482
2018/5/31,661.789
2018/6/1,651.707
2018/6/2,651.707
2018/6/3,651.707
2018/6/4,639.616
2018/6/5,640.435
2018/6/6,636.253
2018/6/7,648.578
2018/6/8,643.692
2018/6/9,643.692
2018/6/10,643.692
2018/6/11,642.78
2018/6/12,640.013
2018/6/13,649.171
2018/6/14,638.494
2018/6/15,618.113
2018/6/16,618.113
2018/6/17,618.113
2018/6/18,634.464
2018/6/19,627.655
2018/6/20,622.84
2018/6/21,612.524
2018/6/22,633.867
2018/6/23,633.867
2018/6/24,633.867
2018/6/25,628.269
2018/6/26,640.989
2018/6/27,651.297
2018/6/28,654.178
2018/6/29,667.494
2018/6/30,667.494
2018/7/1,667.494
2018/7/2,650.129
2018/7/3,656.833
2018/7/4,663.519
2018/7/5,657.483
2018/7/6,656.228
2018/7/7,656.228
2018/7/8,656.228
2018/7/9,664.389
2018/7/10,672.328
2018/7/11,632.822
2018/7/12,644.022
2018/7/13,649.957
2018/7/14,649.957
2018/7/15,649.957
2018/7/16,622.092
2018/7/17,622.227
2018/7/18,628.536
2018/7/19,629.158
2018/7/20,636.661
2018/7/21,636.661
2018/7/22,636.661
2018/7/23,645.307
2018/7/24,647.868
2018/7/25,656.469
2018/7/26,664.963
2018/7/27,664.045
2018/7/28,664.045
2018/7/29,664.045
2018/7/30,668.515
2018/7/31,656.45
2018/8/1,641.094
2018/8/2,648.814
2018/8/3,646.897
2018/8/4,646.897
2018/8/5,646.897
2018/8/6,648.205
2018/8/7,654.261
2018/8/8,633.31
2018/8/9,631.317
2018/8/10,640.14
2018/8/11,640.14
2018/8/12,640.14
2018/8/13,637.657
2018/8/14,637.657
2018/8/15,626.269
2018/8/16,629.892
2018/8/17,631.824
2018/8/18,631.824
2018/8/19,631.824
2018/8/20,636.21
2018/8/21,639.218
2018/8/22,656.848
2018/8/23,655.256
2018/8/24,660.665
2018/8/25,660.665
2018/8/26,660.665
2018/8/27,664.208
2018/8/28,664.208
2018/8/29,675.506
2018/8/30,681.039
2018/8/31,676.241
2018/9/1,676.241
2018/9/2,676.241
2018/9/3,682.741
2018/9/4,684.123
2018/9/5,672.285
2018/9/6,664.203
2018/9/7,670.575
2018/9/8,670.575
2018/9/9,670.575
2018/9/10,670.575
2018/9/11,670.575
2018/9/12,670.575
2018/9/13,670.575
2018/9/14,670.575
2018/9/17,677.945
2018/9/18,686.956
2018/9/19,689.418
2018/9/20,682.826
2018/9/21,683.93
2018/9/25,706.118
2018/9/26,702.667
2018/9/27,708.469
2018/9/28,722.541
2018/10/8,722.866
2018/10/9,722.078
2018/10/10,703.095
2018/10/11,678.146
2018/10/12,680.109
2018/10/15,686.37
2018/10/16,686.37
2018/10/17,679.695
2018/10/18,670.08
2018/10/19,670.08
2018/10/22,671.624
2018/10/23,638.13
2018/10/24,639.66
2018/10/25,641.674
2018/10/26,641.102
2018/10/29,642.053
2018/10/30,630.226
2018/10/31,630.226
2018/11/1,596.739
2018/11/2,596.739
2018/11/5,596.739
2018/11/6,596.739
2018/11/7,570.22
2018/11/8,570.22
2018/11/9,548.566
2018/11/12,548.566
2018/11/13,548.566
2018/11/14,528.468
2018/11/15,537.528
2018/11/16,546.28
2018/11/19,547.793
2018/11/20,508.73
2018/11/21,513.756
