日期,PP华东现货价
2009/1/5,7300
2009/1/6,7300
2009/1/7,7300
2009/1/8,7300
2009/1/9,7300
2009/1/12,7300
2009/1/13,7300
2009/1/14,7300
2009/1/15,7300
2009/1/16,7300
2009/1/19,7300
2009/1/20,7350
2009/1/21,7350
2009/1/22,7350
2009/1/23,7350
2009/2/2,7750
2009/2/3,7850
2009/2/4,7850
2009/2/5,7850
2009/2/6,7850
2009/2/9,8050
2009/2/10,7950
2009/2/11,7900
2009/2/12,7900
2009/2/13,7900
2009/2/16,7600
2009/2/17,7450
2009/2/18,7450
2009/2/19,7450
2009/2/20,7450
2009/2/23,7400
2009/2/24,7550
2009/2/25,7550
2009/2/26,7550
2009/2/27,7550
2009/3/2,7400
2009/3/3,7400
2009/3/4,7400
2009/3/5,7400
2009/3/6,7400
2009/3/9,7600
2009/3/10,7600
2009/3/11,7650
2009/3/12,7650
2009/3/13,7650
2009/3/16,8000
2009/3/17,8000
2009/3/18,8100
2009/3/19,8100
2009/3/20,8100
2009/3/23,8750
2009/3/24,8750
2009/3/25,8950
2009/3/26,8950
2009/3/27,8950
2009/3/30,9400
2009/3/31,9575
2009/4/1,9950
2009/4/2,9950
2009/4/3,9950
2009/4/7,10000
2009/4/8,9850
2009/4/9,9850
2009/4/10,9850
2009/4/13,9400
2009/4/14,9250
2009/4/15,9325
2009/4/16,9325
2009/4/17,9325
2009/4/20,9650
2009/4/21,9650
2009/4/22,9650
2009/4/23,9650
2009/4/24,9650
2009/4/27,9550
2009/4/28,9450
2009/4/29,9450
2009/4/30,9450
2009/5/4,9475
2009/5/5,9475
2009/5/6,9475
2009/5/7,9475
2009/5/8,9475
2009/5/11,9575
2009/5/12,9550
2009/5/13,9500
2009/5/14,9500
2009/5/15,9500
2009/5/18,9300
2009/5/19,9225
2009/5/20,9125
2009/5/21,9125
2009/5/22,9125
2009/5/25,9025
2009/5/26,9250
2009/5/27,9250
2009/6/1,9500
2009/6/2,9475
2009/6/3,9550
2009/6/4,9550
2009/6/5,9550
2009/6/8,9700
2009/6/9,9750
2009/6/10,9825
2009/6/11,9825
2009/6/12,9825
2009/6/15,9775
2009/6/16,9750
2009/6/17,9750
2009/6/18,9750
2009/6/19,9750
2009/6/22,9575
2009/6/23,9550
2009/6/24,9575
2009/6/25,9575
2009/6/26,9575
2009/6/29,9625
2009/6/30,9675
2009/7/1,9700
2009/7/2,9700
2009/7/3,9700
2009/7/6,10000
2009/7/7,9975
2009/7/8,9975
2009/7/9,9975
2009/7/10,9975
2009/7/13,9850
2009/7/14,9850
2009/7/15,9850
2009/7/16,9850
2009/7/17,9850
2009/7/20,9850
2009/7/21,9850
2009/7/22,9850
2009/7/23,9850
2009/7/24,9850
2009/7/27,9950
2009/7/28,9925
2009/7/29,9950
2009/7/30,9950
2009/7/31,9950
2009/8/3,10350
2009/8/4,10350
2009/8/5,10350
2009/8/6,10350
2009/8/7,10350
2009/8/10,10200
2009/8/11,10150
2009/8/12,10150
2009/8/13,10150
2009/8/14,10150
2009/8/17,10075
2009/8/18,10050
2009/8/19,10050
2009/8/20,10050
2009/8/21,10050
2009/8/24,9950
2009/8/25,9950
2009/8/26,9950
2009/8/27,9950
2009/8/28,9950
2009/8/31,9700
2009/9/1,9575
2009/9/2,9575
2009/9/3,9575
2009/9/4,9575
2009/9/7,9500
2009/9/8,9550
2009/9/9,9550
2009/9/10,9550
2009/9/11,9550
2009/9/14,9500
2009/9/15,9500
2009/9/16,9400
2009/9/17,9400
2009/9/18,9400
2009/9/21,9275
2009/9/22,9250
2009/9/23,9100
2009/9/24,9100
2009/9/25,9075
2009/9/28,9050
2009/9/29,9050
2009/9/30,9050
2009/10/9,9400
2009/10/12,#N/A
2009/10/13,9550
2009/10/14,9600
2009/10/15,9600
2009/10/16,9600
2009/10/19,9650
2009/10/20,9675
2009/10/21,9725
2009/10/22,9725
2009/10/23,9725
2009/10/26,9725
2009/10/27,9700
2009/10/28,9700
2009/10/29,9700
2009/10/30,9700
2009/11/2,9650
2009/11/3,9650
2009/11/4,9650
2009/11/5,9650
2009/11/6,9650
2009/11/9,9700
2009/11/10,9750
2009/11/11,9825
2009/11/12,9825
2009/11/13,9825
2009/11/16,10125
2009/11/17,10200
2009/11/18,10200
2009/11/19,10200
2009/11/20,10200
2009/11/23,10250
2009/11/24,10250
2009/11/25,10250
2009/11/26,10250
2009/11/27,10250
2009/11/30,10200
2009/12/1,10200
2009/12/2,10200
2009/12/3,10200
2009/12/4,10200
2009/12/7,10150
2009/12/8,10100
2009/12/9,10050
2009/12/10,10050
2009/12/11,10050
2009/12/14,10250
2009/12/15,10300
2009/12/16,10300
2009/12/17,10300
2009/12/18,10300
2009/12/21,10500
2009/12/22,10500
2009/12/23,10550
2009/12/24,10550
2009/12/25,10550
2009/12/28,10650
2009/12/29,10725
2009/12/30,10725
2009/12/31,10725
2010/1/4,11150
2010/1/5,11150
2010/1/6,11150
2010/1/7,11150
2010/1/8,11150
2010/1/11,11050
2010/1/12,10950
2010/1/13,10925
2010/1/14,10925
2010/1/15,10925
2010/1/18,10875
2010/1/19,10875
2010/1/20,10875
2010/1/21,10875
2010/1/22,10875
2010/1/25,10875
2010/1/26,10825
2010/1/27,10825
2010/1/28,10825
2010/1/29,10825
2010/2/1,10725
2010/2/2,10725
2010/2/3,10725
2010/2/4,10725
2010/2/5,10725
2010/2/8,10725
2010/2/9,10725
2010/2/10,10725
2010/2/11,10725
2010/2/12,10725
2010/2/22,10925
2010/2/23,10950
2010/2/24,10950
2010/2/25,10950
2010/2/26,10950
2010/3/1,10875
2010/3/2,10875
2010/3/3,10875
2010/3/4,10875
2010/3/5,10875
2010/3/8,10650
2010/3/9,10650
2010/3/10,10650
2010/3/11,10650
2010/3/12,10650
2010/3/15,10550
2010/3/16,10600
2010/3/17,10625
2010/3/18,10625
2010/3/19,10625
2010/3/22,10825
2010/3/23,10800
2010/3/24,10775
2010/3/25,10775
2010/3/26,10775
2010/3/29,10750
2010/3/30,10775
2010/3/31,10775
2010/4/1,10775
2010/4/2,10775
2010/4/6,11000
2010/4/7,11000
2010/4/8,11000
2010/4/9,11000
2010/4/12,11175
2010/4/13,11325
2010/4/14,11425
2010/4/15,11425
2010/4/16,11425
2010/4/19,11450
2010/4/20,11450
2010/4/21,11400
2010/4/22,11400
2010/4/23,11400
2010/4/26,11350
2010/4/27,11300
2010/4/28,11300
2010/4/29,11300
2010/4/30,11300
2010/5/4,11350
2010/5/5,11350
2010/5/6,11350
2010/5/7,11350
2010/5/10,11250
2010/5/11,11250
2010/5/12,11200
2010/5/13,11200
2010/5/14,11200
2010/5/17,10725
2010/5/18,10725
2010/5/19,10725
2010/5/20,10725
2010/5/21,10725
2010/5/24,10725
2010/5/25,10650
2010/5/26,10700
2010/5/27,10700
2010/5/28,10700
2010/5/31,10750
2010/6/1,10725
2010/6/2,10725
2010/6/3,10725
2010/6/4,10725
2010/6/7,10450
2010/6/8,10450
2010/6/9,10450
2010/6/10,10450
2010/6/11,10450
2010/6/17,10500
2010/6/18,10500
2010/6/21,10500
2010/6/22,10500
2010/6/23,10500
2010/6/24,10500
2010/6/25,10500
2010/6/28,10400
2010/6/29,10325
2010/6/30,10225
2010/7/1,10225
2010/7/2,10225
2010/7/5,9875
2010/7/6,9875
2010/7/7,9875
2010/7/8,9875
2010/7/9,9875
2010/7/12,9900
2010/7/13,9925
2010/7/14,9900
2010/7/15,9900
2010/7/16,9900
2010/7/19,9900
2010/7/20,9950
2010/7/21,10250
2010/7/22,10250
2010/7/23,10250
2010/7/26,10550
2010/7/27,10550
2010/7/28,10550
2010/7/29,10550
2010/7/30,10550
2010/8/2,10800
2010/8/3,10800
2010/8/4,10750
2010/8/5,10750
2010/8/6,10750
2010/8/9,10700
2010/8/10,10625
2010/8/11,10600
2010/8/12,10600
2010/8/13,10600
2010/8/16,10700
2010/8/17,10700
2010/8/18,10650
2010/8/19,10650
2010/8/20,10650
2010/8/23,10550
2010/8/24,10575
2010/8/25,10600
2010/8/26,10600
2010/8/27,10600
2010/8/30,10625
2010/8/31,10600
2010/9/1,10575
2010/9/2,10575
2010/9/3,10575
2010/9/6,10650
2010/9/7,10650
2010/9/8,10650
2010/9/9,10650
2010/9/10,10650
2010/9/13,10600
2010/9/14,10600
2010/9/15,10600
2010/9/16,10600
2010/9/17,10600
2010/9/20,10575
2010/9/21,10575
2010/9/27,10700
2010/9/28,10700
2010/9/29,10700
2010/9/30,10700
2010/10/8,11400
2010/10/11,11300
2010/10/12,11300
2010/10/13,11250
2010/10/14,11250
2010/10/15,11250
2010/10/18,11200
2010/10/19,11175
2010/10/20,11175
2010/10/21,11175
2010/10/22,11175
2010/10/25,11350
2010/10/26,11400
2010/10/27,11450
2010/10/28,11450
2010/10/29,11450
2010/11/1,11900
2010/11/2,11950
2010/11/3,12000
2010/11/4,12000
2010/11/5,12000
2010/11/8,13300
2010/11/9,13000
2010/11/10,12800
2010/11/11,12800
2010/11/12,12800
2010/11/15,12000
2010/11/16,12100
2010/11/17,12200
2010/11/18,12200
2010/11/19,12200
2010/11/22,12100
2010/11/23,12200
2010/11/24,12200
2010/11/25,12200
2010/11/26,12200
2010/11/29,12000
2010/11/30,12100
2010/12/1,12150
2010/12/2,12150
2010/12/3,12150
2010/12/6,12200
2010/12/7,12200
2010/12/8,12200
2010/12/9,12200
2010/12/10,12200
2010/12/13,12000
2010/12/14,12000
2010/12/15,12000
2010/12/16,12000
2010/12/17,12000
2010/12/20,12000
2010/12/21,12000
2010/12/22,12000
2010/12/23,12000
2010/12/24,12000
2010/12/27,12075
2010/12/28,12075
2010/12/29,12075
2010/12/30,12075
2010/12/31,12075
2011/1/4,12150
2011/1/5,12150
2011/1/6,12150
2011/1/7,12150
2011/1/10,12150
2011/1/11,12100
2011/1/12,12100
2011/1/13,12100
2011/1/14,12100
2011/1/17,12100
2011/1/18,12100
2011/1/19,12100
2011/1/20,12100
2011/1/21,12100
2011/1/24,12100
2011/1/25,12100
2011/1/26,12100
2011/1/27,12100
2011/1/28,12100
2011/1/31,12100
2011/2/1,12100
2011/2/9,12200
2011/2/10,12200
2011/2/11,12200
2011/2/14,12200
2011/2/15,12100
2011/2/16,12100
2011/2/17,12100
2011/2/18,12100
2011/2/21,12100
2011/2/22,12100
2011/2/23,12100
2011/2/24,12100
2011/2/25,12100
2011/2/28,12400
2011/3/1,12500
2011/3/2,12550
2011/3/3,12550
2011/3/4,12550
2011/3/7,12600
2011/3/8,12600
2011/3/9,12550
2011/3/10,12550
2011/3/11,12550
2011/3/14,12450
2011/3/15,12450
2011/3/16,12450
2011/3/17,12450
2011/3/18,12450
2011/3/21,12550
2011/3/22,12550
2011/3/23,12550
2011/3/24,12550
2011/3/25,12550
2011/3/28,12525
2011/3/29,12525
2011/3/30,12525
2011/3/31,12525
2011/4/1,12525
2011/4/6,12550
2011/4/7,12550
2011/4/8,12550
2011/4/11,12625
2011/4/12,12625
2011/4/13,12650
2011/4/14,12650
2011/4/15,12650
2011/4/18,12675
2011/4/19,12675
2011/4/20,12675
2011/4/21,12675
2011/4/22,12675
2011/4/25,12700
2011/4/26,12700
2011/4/27,12700
2011/4/28,12700
2011/4/29,12700
2011/5/3,12700
2011/5/4,12650
2011/5/5,12650
2011/5/6,12650
2011/5/9,12650
2011/5/10,12550
2011/5/11,12600
2011/5/12,12600
2011/5/13,12600
2011/5/16,12550
2011/5/17,12500
2011/5/18,12400
2011/5/19,12400
2011/5/20,12400
2011/5/23,12150
2011/5/24,12150
2011/5/25,12150
2011/5/26,12150
2011/5/27,12150
2011/5/30,12150
2011/5/31,12125
2011/6/1,12100
2011/6/2,12100
2011/6/3,12100
2011/6/7,12100
2011/6/8,12100
2011/6/9,12100
2011/6/10,12100
2011/6/13,12075
2011/6/14,12075
2011/6/15,12075
2011/6/16,12075
2011/6/17,12075
2011/6/20,12050
2011/6/21,12025
2011/6/22,11975
2011/6/23,11975
2011/6/24,11975
2011/6/27,11900
2011/6/28,11900
2011/6/29,11950
2011/6/30,11950
2011/7/1,11950
2011/7/4,12200
2011/7/5,12200
2011/7/6,12250
2011/7/7,12250
2011/7/8,12250
2011/7/11,12225
2011/7/12,12225
2011/7/13,12225
2011/7/14,12225
2011/7/15,12225
2011/7/18,12250
2011/7/19,12300
2011/7/20,12325
2011/7/21,12325
2011/7/22,12325
2011/7/25,#N/A
2011/7/26,12675
2011/7/27,12675
2011/7/28,12675
2011/7/29,12675
2011/8/1,12825
2011/8/2,12825
2011/8/3,12600
2011/8/4,12600
2011/8/5,12600
2011/8/8,12450
2011/8/9,12450
2011/8/10,12450
2011/8/11,12450
2011/8/12,12450
2011/8/15,12550
2011/8/16,12550
2011/8/17,12500
2011/8/18,12500
2011/8/19,#N/A
2011/8/22,12450
2011/8/23,12450
2011/8/24,12400
2011/8/25,12450
2011/8/26,12450
2011/8/29,12500
2011/8/30,12500
2011/8/31,12500
2011/9/1,12500
2011/9/2,12500
2011/9/5,12500
2011/9/6,12525
2011/9/7,12525
2011/9/8,12525
2011/9/9,12525
2011/9/13,12450
2011/9/14,12450
2011/9/15,12450
2011/9/16,12450
2011/9/19,12200
2011/9/20,12200
2011/9/21,12200
2011/9/22,12200
2011/9/23,12200
2011/9/26,12200
2011/9/27,12150
2011/9/28,12100
2011/9/29,12100
2011/9/30,12100
2011/10/10,11700
2011/10/11,11700
2011/10/12,11700
2011/10/13,11700
2011/10/14,11700
2011/10/17,11650
2011/10/18,11450
2011/10/19,11350
2011/10/20,11350
2011/10/21,11350
2011/10/24,11400
2011/10/25,11400
2011/10/26,11400
2011/10/27,11300
2011/10/28,11300
2011/10/31,11300
2011/11/1,11350
2011/11/2,11400
2011/11/3,11400
2011/11/4,11400
2011/11/7,11400
2011/11/8,11300
2011/11/9,11300
2011/11/10,11300
2011/11/11,11300
2011/11/14,11275
2011/11/15,11250
2011/11/16,11150
2011/11/17,11150
2011/11/18,11150
2011/11/21,10825
2011/11/22,10700
2011/11/23,10550
2011/11/24,10550
2011/11/25,10550
2011/11/28,10550
2011/11/29,10575
2011/11/30,10550
2011/12/1,10550
2011/12/2,10550
2011/12/5,10500
2011/12/6,10475
2011/12/7,10450
2011/12/8,10450
2011/12/9,10450
2011/12/12,10200
2011/12/13,9975
2011/12/14,9950
2011/12/15,9950
2011/12/16,9950
2011/12/19,9950
2011/12/20,9950
2011/12/21,9975
2011/12/22,9975
2011/12/23,9975
2011/12/26,10200
2011/12/27,10200
2011/12/28,10225
2011/12/29,10225
2011/12/30,10225
2012/1/4,10325
2012/1/5,10350
2012/1/6,10350
2012/1/9,10375
2012/1/10,10350
2012/1/11,10350
2012/1/12,10350
2012/1/13,10350
2012/1/16,10375
2012/1/17,10400
2012/1/18,10400
2012/1/19,10400
2012/1/20,10400
2012/1/30,10600
2012/1/31,10700
2012/2/1,10700
2012/2/2,10700
2012/2/3,10700
2012/2/6,10725
2012/2/7,10700
2012/2/8,10650
2012/2/9,10650
2012/2/10,10650
2012/2/13,10600
2012/2/14,10550
2012/2/15,10525
2012/2/16,10525
2012/2/17,10525
2012/2/20,10500
2012/2/21,10525
2012/2/22,10550
2012/2/23,10550
2012/2/24,10550
2012/2/27,10675
2012/2/28,10750
2012/2/29,10775
2012/3/1,10775
2012/3/2,10775
2012/3/5,10950
2012/3/6,10950
2012/3/7,10950
2012/3/8,10950
2012/3/9,10950
2012/3/12,11350
2012/3/13,11350
2012/3/14,11350
2012/3/15,11350
2012/3/16,11350
2012/3/19,11325
2012/3/20,11325
2012/3/21,11350
2012/3/22,11350
2012/3/23,11350
2012/3/26,11400
2012/3/27,11400
2012/3/28,11400
2012/3/29,11375
2012/3/30,11375
2012/4/5,11400
2012/4/6,11400
2012/4/9,11475
2012/4/10,11450
2012/4/11,11475
2012/4/12,11475
2012/4/13,11475
2012/4/16,11475
2012/4/17,11450
2012/4/18,11400
2012/4/19,11400
2012/4/20,11400
2012/4/23,11325
2012/4/24,11325
2012/4/25,11275
2012/4/26,11275
2012/4/27,11275
2012/5/2,11125
2012/5/3,11125
2012/5/4,11125
2012/5/7,10825
2012/5/8,10750
2012/5/9,10675
2012/5/10,10675
2012/5/11,10675
2012/5/14,10500
2012/5/15,10500
2012/5/16,10500
2012/5/17,10500
2012/5/18,10500
2012/5/21,10625
2012/5/22,10650
2012/5/23,10675
2012/5/24,10675
2012/5/25,10675
2012/5/28,10825
2012/5/29,10825
2012/5/30,10825
2012/5/31,10825
2012/6/1,10825
2012/6/4,10625
2012/6/5,10625
2012/6/6,10600
2012/6/7,10500
2012/6/8,10500
2012/6/11,10450
2012/6/12,10450
2012/6/13,10450
2012/6/14,10450
2012/6/15,10450
2012/6/18,10550
2012/6/19,10550
2012/6/20,10550
2012/6/21,10550
2012/6/25,10600
2012/6/26,10600
2012/6/27,10650
2012/6/28,10650
2012/6/29,10650
2012/7/2,11125
2012/7/3,11125
2012/7/4,11100
2012/7/5,11100
2012/7/6,11100
2012/7/9,11050
2012/7/10,10975
2012/7/11,10975
2012/7/12,10975
2012/7/13,10975
2012/7/16,11000
2012/7/17,11000
2012/7/18,11000
2012/7/19,11000
2012/7/20,11000
2012/7/23,10925
2012/7/24,10925
2012/7/25,10925
2012/7/26,10925
2012/7/27,10925
2012/7/30,10925
2012/7/31,10925
2012/8/1,10925
2012/8/2,10925
2012/8/3,10925
2012/8/6,11200
2012/8/7,11225
2012/8/8,11225
2012/8/9,11225
2012/8/10,11225
2012/8/13,11300
2012/8/14,11375
2012/8/15,11375
2012/8/16,11375
2012/8/17,11375
2012/8/20,11450
2012/8/21,11450
2012/8/22,11450
2012/8/23,11450
2012/8/24,11450
2012/8/27,11475
2012/8/28,11475
2012/8/29,11450
2012/8/30,11450
2012/8/31,11450
2012/9/3,11600
2012/9/4,11600
2012/9/5,11600
2012/9/6,11600
2012/9/7,11600
2012/9/10,11800
2012/9/11,11800
2012/9/12,11950
2012/9/13,11950
2012/9/14,11950
2012/9/17,12225
2012/9/18,12175
2012/9/19,12100
2012/9/20,12100
2012/9/21,12100
2012/9/24,11800
2012/9/25,11700
2012/9/26,11675
2012/9/27,11675
2012/9/28,11675
2012/10/8,11550
2012/10/9,11500
2012/10/10,11475
2012/10/11,11475
2012/10/12,11475
2012/10/15,11325
2012/10/16,11325
2012/10/17,11325
2012/10/18,11325
2012/10/19,11325
2012/10/22,11125
2012/10/23,11100
2012/10/24,11075
2012/10/25,11075
2012/10/26,11075
2012/10/29,11125
2012/10/30,11200
2012/10/31,11300
2012/11/1,11300
2012/11/2,11300
2012/11/5,11475
2012/11/6,11425
2012/11/7,11350
2012/11/8,11350
2012/11/9,11350
2012/11/12,11275
2012/11/13,11200
2012/11/14,11100
2012/11/15,11100
2012/11/16,11100
2012/11/19,10950
2012/11/20,10900
2012/11/21,10900
2012/11/22,10900
2012/11/23,10900
2012/11/26,10800
2012/11/27,10800
2012/11/28,10800
2012/11/29,10800
2012/11/30,10800
2012/12/3,11000
2012/12/4,10950
2012/12/5,10950
2012/12/6,10950
2012/12/7,10950
2012/12/10,10825
2012/12/11,10800
2012/12/12,10750
2012/12/13,10750
2012/12/14,10750
2012/12/17,10750
2012/12/18,10750
2012/12/19,10800
2012/12/20,10800
2012/12/21,10800
2012/12/24,10825
2012/12/25,10900
2012/12/26,10975
2012/12/27,10975
2012/12/28,10975
2012/12/31,11000
2013/1/4,11150
2013/1/7,11100
2013/1/8,11000
2013/1/9,10950
2013/1/10,10950
2013/1/11,10950
2013/1/14,10825
2013/1/15,10725
2013/1/16,10725
2013/1/17,10725
2013/1/18,10725
2013/1/21,10650
2013/1/22,10650
2013/1/23,10700
2013/1/24,10700
2013/1/25,10700
2013/1/28,10775
2013/1/29,10800
2013/1/30,10800
2013/1/31,10800
2013/2/1,10800
2013/2/4,10950
2013/2/5,10950
2013/2/6,10950
2013/2/7,10950
2013/2/8,10950
2013/2/18,10975
2013/2/19,10925
2013/2/20,10850
2013/2/21,10850
2013/2/22,10850
2013/2/25,10775
2013/2/26,10750
2013/2/27,10725
2013/2/28,10725
2013/3/1,10725
2013/3/4,10650
2013/3/5,10625
2013/3/6,10550
2013/3/7,10550
2013/3/8,10550
2013/3/11,10500
2013/3/12,10475
2013/3/13,10475
2013/3/14,10475
2013/3/15,10475
2013/3/18,10600
2013/3/19,10625
2013/3/20,10675
2013/3/21,10675
2013/3/22,10675
2013/3/25,10650
2013/3/26,10650
2013/3/27,10625
2013/3/28,10625
2013/3/29,10625
2013/4/1,10600
2013/4/2,10600
2013/4/3,10600
2013/4/8,10600
2013/4/9,10525
2013/4/10,10500
2013/4/11,10500
2013/4/12,10500
2013/4/15,10525
2013/4/16,10375
2013/4/17,10350
2013/4/18,10300
2013/4/19,10250
2013/4/22,10250
2013/4/23,10225
2013/4/24,10225
2013/4/25,10375
2013/4/26,10500
2013/5/2,10475
2013/5/3,10425
2013/5/6,10550
2013/5/7,10550
2013/5/8,10550
2013/5/9,10550
2013/5/10,10525
2013/5/13,10525
2013/5/14,10500
2013/5/15,10500
2013/5/16,10500
2013/5/17,10500
2013/5/20,10475
2013/5/21,10475
2013/5/22,10400
2013/5/23,10400
2013/5/24,10400
2013/5/27,10400
2013/5/28,10450
2013/5/29,10450
2013/5/30,10450
2013/5/31,10450
2013/6/3,10475
2013/6/4,10550
2013/6/5,10575
2013/6/6,10575
2013/6/7,10650
2013/6/13,10725
2013/6/14,10700
2013/6/17,10700
2013/6/18,10700
2013/6/19,10675
2013/6/20,10650
2013/6/21,10575
2013/6/24,10525
2013/6/25,10500
2013/6/26,10500
2013/6/27,10475
2013/6/28,10475
2013/7/1,10550
2013/7/2,10575
2013/7/3,10575
2013/7/4,10675
2013/7/5,10675
2013/7/8,10775
2013/7/9,10775
2013/7/10,10775
2013/7/11,10775
2013/7/12,10800
2013/7/15,10800
2013/7/16,10775
2013/7/17,10725
2013/7/18,10725
2013/7/19,10725
2013/7/22,10725
2013/7/23,10750
2013/7/24,10825
2013/7/25,10850
2013/7/26,10900
2013/7/29,10900
2013/7/30,10950
2013/7/31,10975
2013/8/1,11000
2013/8/2,11150
2013/8/5,11200
2013/8/6,11325
2013/8/7,11350
2013/8/8,11350
2013/8/9,11350
2013/8/12,11275
2013/8/13,11275
2013/8/14,11225
2013/8/15,11200
2013/8/16,11200
2013/8/19,11150
2013/8/20,11150
2013/8/21,11100
2013/8/22,11025
2013/8/23,11025
2013/8/26,11075
2013/8/27,11175
2013/8/28,11300
2013/8/29,11375
2013/8/30,11375
2013/9/2,11375
2013/9/3,11450
2013/9/4,11500
2013/9/5,11500
2013/9/6,11550
2013/9/9,11625
2013/9/10,11700
2013/9/11,11700
2013/9/12,11700
2013/9/13,11675
2013/9/16,11675
2013/9/17,11625
2013/9/18,11600
2013/9/23,11475
2013/9/24,11475
2013/9/25,11475
2013/9/26,11475
2013/9/27,11525
2013/9/30,#N/A
2013/10/8,11575
2013/10/9,11675
2013/10/10,11725
2013/10/11,11725
2013/10/14,11800
2013/10/15,11800
2013/10/16,11800
2013/10/17,11775
2013/10/18,11775
2013/10/21,11725
2013/10/22,11675
2013/10/23,11625
2013/10/24,11625
2013/10/25,11650
2013/10/28,11725
2013/10/29,11750
2013/10/30,11800
2013/10/31,11850
2013/11/1,11850
2013/11/4,11850
2013/11/5,11875
2013/11/6,11875
2013/11/7,11975
2013/11/8,11975
2013/11/11,11975
2013/11/12,11975
2013/11/13,11975
2013/11/14,11975
2013/11/15,11950
2013/11/18,11975
2013/11/19,12000
2013/11/20,12025
2013/11/21,12025
2013/11/22,12125
2013/11/25,12125
2013/11/26,12125
2013/11/27,12150
2013/11/28,12125
2013/11/29,12125
2013/12/2,12125
2013/12/3,12125
2013/12/4,12225
2013/12/5,12225
2013/12/6,12200
2013/12/9,12175
2013/12/10,12175
2013/12/11,12125
2013/12/12,12125
2013/12/13,12050
2013/12/16,11950
2013/12/17,11850
2013/12/18,11825
2013/12/19,11775
2013/12/20,11775
2013/12/23,11775
2013/12/24,11725
2013/12/25,11725
2013/12/26,11700
2013/12/27,11700
2013/12/30,11750
2013/12/31,11750
2014/1/2,11775
2014/1/3,11775
2014/1/6,11775
2014/1/7,11700
2014/1/8,11625
2014/1/9,11600
2014/1/10,11475
2014/1/13,11400
2014/1/14,11350
2014/1/15,11325
2014/1/16,11225
2014/1/17,11225
2014/1/20,11150
2014/1/21,11150
2014/1/22,11150
2014/1/23,11125
2014/1/24,11100
2014/1/27,11100
2014/1/28,11100
2014/1/29,11100
2014/1/30,11100
2014/2/7,11100
2014/2/10,11100
2014/2/11,11050
2014/2/12,11000
2014/2/13,10900
2014/2/14,10750
2014/2/17,10700
2014/2/18,10700
2014/2/19,10650
2014/2/20,10700
2014/2/21,10850
2014/2/24,10825
2014/2/25,10950
2014/2/26,10950
2014/2/27,10950
2014/2/28,10975
2014/3/3,10950
2014/3/4,10950
2014/3/5,10900
2014/3/6,10825
2014/3/7,10750
2014/3/10,10700
2014/3/11,10650
2014/3/12,10700
2014/3/13,10700
2014/3/14,10700
2014/3/17,10800
2014/3/18,10850
2014/3/19,10850
2014/3/20,10800
2014/3/21,10800
2014/3/24,10775
2014/3/25,10850
2014/3/26,10875
2014/3/27,10925
2014/3/28,10950
2014/3/31,11050
2014/4/1,11050
2014/4/2,11050
2014/4/3,11125
2014/4/4,11150
2014/4/8,11150
2014/4/9,11125
2014/4/10,11225
2014/4/11,11175
2014/4/14,11225
2014/4/15,11275
2014/4/16,11275
2014/4/17,11325
2014/4/18,11325
2014/4/21,11450
2014/4/22,11475
2014/4/23,11475
2014/4/24,11425
2014/4/25,11375
2014/4/28,11325
2014/4/29,11350
2014/4/30,11325
2014/5/5,11325
2014/5/6,11325
2014/5/7,11325
2014/5/8,11325
2014/5/9,11275
2014/5/12,11225
2014/5/13,11225
2014/5/14,11175
2014/5/15,11175
2014/5/16,11125
2014/5/19,11125
2014/5/20,11125
2014/5/21,11175
2014/5/22,11225
2014/5/23,11275
2014/5/26,11275
2014/5/27,11275
2014/5/28,11225
2014/5/29,11225
2014/5/30,11225
2014/6/3,11375
2014/6/4,11375
2014/6/5,11425
2014/6/6,11375
2014/6/9,11425
2014/6/10,11475
2014/6/11,11525
2014/6/12,11525
2014/6/13,11625
2014/6/16,11625
2014/6/17,11575
2014/6/18,11525
2014/6/19,11425
2014/6/20,11425
2014/6/23,11375
2014/6/24,11350
2014/6/25,11275
2014/6/26,11325
2014/6/27,11375
2014/6/30,11425
2014/7/1,11475
2014/7/2,11475
2014/7/3,11475
2014/7/4,11525
2014/7/7,11525
2014/7/8,11525
2014/7/9,11525
2014/7/10,11475
2014/7/11,11475
2014/7/14,11475
2014/7/15,11475
2014/7/16,11425
2014/7/17,11375
2014/7/18,11325
2014/7/21,11325
2014/7/22,11375
2014/7/23,11375
2014/7/24,11375
2014/7/25,11375
2014/7/28,11425
2014/7/29,11425
2014/7/30,11425
2014/7/31,11425
2014/8/1,11425
2014/8/4,11425
2014/8/5,11425
2014/8/6,11425
2014/8/7,11425
2014/8/8,11375
2014/8/11,11325
2014/8/12,11325
2014/8/13,11300
2014/8/14,11275
2014/8/15,11275
2014/8/18,11325
2014/8/19,11325
2014/8/20,11325
2014/8/21,11350
2014/8/22,11375
2014/8/25,11475
2014/8/26,11475
2014/8/27,11475
2014/8/28,11475
2014/8/29,11425
2014/9/1,11425
2014/9/2,11475
2014/9/3,11475
2014/9/4,11475
2014/9/5,11425
2014/9/9,11425
2014/9/10,11325
2014/9/11,11275
2014/9/12,11150
2014/9/15,11150
2014/9/16,11125
2014/9/17,11125
2014/9/18,11050
2014/9/19,11000
2014/9/22,10925
2014/9/23,10825
2014/9/24,10875
2014/9/25,10925
2014/9/26,10925
2014/9/29,10925
2014/9/30,10925
2014/10/8,10875
2014/10/9,10875
2014/10/10,10750
2014/10/13,10750
2014/10/14,10650
2014/10/15,10525
2014/10/16,10475
2014/10/17,10375
2014/10/20,10325
2014/10/21,10250
2014/10/22,10325
2014/10/23,10375
2014/10/24,10450
2014/10/27,10475
2014/10/28,10575
2014/10/29,10625
2014/10/30,10625
2014/10/31,10625
2014/11/3,10625
2014/11/4,10500
2014/11/5,10425
2014/11/6,10475
2014/11/7,10525
2014/11/10,10525
2014/11/11,10525
2014/11/12,10425
2014/11/13,10475
2014/11/14,10425
2014/11/17,10375
2014/11/18,10325
2014/11/19,10275
2014/11/20,10250
2014/11/21,10250
2014/11/24,10275
2014/11/25,10275
2014/11/26,10275
2014/11/27,10175
2014/11/28,10125
2014/12/1,9975
2014/12/2,9925
2014/12/3,9825
2014/12/4,9675
2014/12/5,9625
2014/12/8,9525
2014/12/9,9250
2014/12/10,9125
2014/12/11,8900
2014/12/12,8750
2014/12/15,8775
2014/12/16,8825
2014/12/17,8950
2014/12/18,9125
2014/12/19,9325
2014/12/22,9525
2014/12/23,9325
2014/12/24,9325
2014/12/25,9325
2014/12/26,9275
2014/12/29,9250
2014/12/30,9350
2014/12/31,9300
2015/1/5,9100
2015/1/6,8800
2015/1/7,8600
2015/1/8,8300
2015/1/9,8000
2015/1/12,8100
2015/1/13,8050
2015/1/14,8100
2015/1/15,8300
2015/1/16,8250
2015/1/19,8300
2015/1/20,8250
2015/1/21,8200
2015/1/22,8050
2015/1/23,7850
2015/1/26,7800
2015/1/27,7750
2015/1/28,7700
2015/1/29,7650
2015/1/30,7600
2015/2/2,7800
2015/2/3,8000
2015/2/4,8200
2015/2/5,8050
2015/2/6,8050
2015/2/9,8050
2015/2/10,8050
2015/2/11,8050
2015/2/12,8050
2015/2/13,8150
2015/2/16,8150
2015/2/17,8150
2015/2/25,8150
2015/2/26,8250
2015/2/27,8250
2015/3/2,8500
2015/3/3,8550
2015/3/4,8500
2015/3/5,8400
2015/3/6,8350
2015/3/9,8200
2015/3/10,8150
2015/3/11,8050
2015/3/12,8200
2015/3/13,8250
2015/3/16,8300
2015/3/17,8350
2015/3/18,8250
2015/3/19,8350
2015/3/20,8300
2015/3/23,8500
2015/3/24,8600
2015/3/25,8650
2015/3/26,8650
2015/3/27,8700
2015/3/30,8700
2015/3/31,8750
2015/4/1,8875
2015/4/2,8950
2015/4/3,8900
2015/4/7,8950
2015/4/8,9200
2015/4/9,9150
2015/4/10,9050
2015/4/13,9100
2015/4/14,8950
2015/4/15,8850
2015/4/16,9050
2015/4/17,9150
2015/4/20,9100
2015/4/21,9150
2015/4/22,9150
2015/4/23,9200
2015/4/24,9300
2015/4/27,9500
2015/4/28,9600
2015/4/29,9500
2015/4/30,9600
2015/5/4,9600
2015/5/5,9600
2015/5/6,9600
2015/5/7,9500
2015/5/8,9350
2015/5/11,9400
2015/5/12,9200
2015/5/13,9100
2015/5/14,9100
2015/5/15,9000
2015/5/18,9000
2015/5/19,8900
2015/5/20,8850
2015/5/21,8950
2015/5/22,9000
2015/5/25,9150
2015/5/26,9200
2015/5/27,9000
2015/5/28,8800
2015/5/29,8800
2015/6/1,8800
2015/6/2,8750
2015/6/3,8800
2015/6/4,8850
2015/6/5,8850
2015/6/8,8850
2015/6/9,8750
2015/6/10,8900
2015/6/11,9000
2015/6/12,8900
2015/6/15,8800
2015/6/16,8900
2015/6/17,8800
2015/6/18,8700
2015/6/19,8750
2015/6/23,8650
2015/6/24,8750
2015/6/25,8700
2015/6/26,8750
2015/6/29,8700
2015/6/30,8700
2015/7/1,8700
2015/7/2,8650
2015/7/3,8600
2015/7/6,8600
2015/7/7,8300
2015/7/8,8100
2015/7/9,8350
2015/7/10,8350
2015/7/13,8350
2015/7/14,8350
2015/7/15,8300
2015/7/16,8200
2015/7/17,8150
2015/7/20,8150
2015/7/21,8100
2015/7/22,8180
2015/7/23,8200
2015/7/24,8100
2015/7/27,7950
2015/7/28,7950
2015/7/29,8000
2015/7/30,8000
2015/7/31,7900
2015/8/3,7800
2015/8/4,7850
2015/8/5,7950
2015/8/6,8000
2015/8/7,8050
2015/8/10,8100
2015/8/11,8300
2015/8/12,8300
2015/8/13,8250
2015/8/14,8250
2015/8/17,8200
2015/8/18,8100
2015/8/19,8150
2015/8/20,8100
2015/8/21,8050
2015/8/24,7900
2015/8/25,7850
2015/8/26,7800
2015/8/27,7750
2015/8/28,7850
2015/8/31,7900
2015/9/1,8050
2015/9/2,8000
2015/9/7,8050
2015/9/8,7850
2015/9/9,7900
2015/9/10,7750
2015/9/11,7850
2015/9/14,7750
2015/9/15,7650
2015/9/16,7650
2015/9/17,7750
2015/9/18,7700
2015/9/21,7700
2015/9/22,7650
2015/9/23,7650
2015/9/24,7600
2015/9/25,7550
2015/9/28,7500
2015/9/29,7400
2015/9/30,7400
2015/10/8,7500
2015/10/9,7650
2015/10/12,7550
2015/10/13,7450
2015/10/14,7350
2015/10/15,7300
2015/10/16,7250
2015/10/19,7100
2015/10/20,7150
2015/10/21,7150
2015/10/22,7100
2015/10/23,7100
2015/10/26,7000
2015/10/27,6950
2015/10/28,6900
2015/10/29,7000
2015/10/30,6900
2015/11/2,6900
2015/11/3,6850
2015/11/4,6900
2015/11/5,6800
2015/11/6,6750
2015/11/9,6700
2015/11/10,6650
2015/11/11,6550
2015/11/12,6550
2015/11/13,6350
2015/11/16,6250
2015/11/17,6250
2015/11/18,6350
2015/11/19,6400
2015/11/20,6250
2015/11/23,6100
2015/11/24,6200
2015/11/25,6300
2015/11/26,6400
2015/11/27,6500
2015/11/30,6450
2015/12/1,6550
2015/12/2,6550
2015/12/3,6500
2015/12/4,6520
2015/12/7,6500
2015/12/8,6350
2015/12/9,6250
2015/12/10,6200
2015/12/11,6100
2015/12/14,6050
2015/12/15,6050
2015/12/16,6100
2015/12/17,6150
2015/12/18,6175
2015/12/21,6150
2015/12/22,6200
2015/12/23,6250
2015/12/24,6400
2015/12/25,6450
2015/12/28,6400
2015/12/29,6350
2015/12/30,6350
2015/12/31,6400
2016/1/4,6350
2016/1/5,6350
2016/1/6,6300
2016/1/7,6150
2016/1/8,6100
2016/1/11,6050
2016/1/12,6050
2016/1/13,6000
2016/1/14,6050
2016/1/15,6100
2016/1/18,6150
2016/1/19,6150
2016/1/20,6200
2016/1/21,6250
2016/1/22,6250
2016/1/25,6300
2016/1/26,6350
2016/1/27,6350
2016/1/28,6300
2016/1/29,6300
2016/2/1,6300
2016/2/2,6300
2016/2/3,6300
2016/2/4,6300
2016/2/5,6350
2016/2/15,6350
2016/2/16,6350
2016/2/17,6200
2016/2/18,6250
2016/2/19,6300
2016/2/22,6350
2016/2/23,6300
2016/2/24,6350
2016/2/25,6400
2016/2/26,6450
2016/2/29,6450
2016/3/1,6500
2016/3/2,6600
2016/3/3,6650
2016/3/4,6850
2016/3/7,6975
2016/3/8,6975
2016/3/9,7000
2016/3/10,7050
2016/3/11,6900
2016/3/14,6850
2016/3/15,6800
2016/3/16,6900
2016/3/17,7100
2016/3/18,7300
2016/3/21,7350
2016/3/22,7200
2016/3/23,7200
2016/3/24,7300
2016/3/25,7350
2016/3/28,7370
2016/3/29,7370
2016/3/30,7400
2016/3/31,7370
2016/4/1,7500
2016/4/5,7500
2016/4/6,7400
2016/4/7,7350
2016/4/8,7150
2016/4/11,7200
2016/4/12,7150
2016/4/13,7200
2016/4/14,7150
2016/4/15,7050
2016/4/18,7000
2016/4/19,6850
2016/4/20,6700
2016/4/21,6730
2016/4/22,6750
2016/4/25,6850
2016/4/26,6950
2016/4/27,6950
2016/4/28,6850
2016/4/29,6800
2016/5/3,6750
2016/5/4,6750
2016/5/5,6720
2016/5/6,6650
2016/5/9,6650
2016/5/10,6600
2016/5/11,6750
2016/5/12,6850
2016/5/13,6750
2016/5/16,6800
2016/5/17,6760
2016/5/18,6750
2016/5/19,6750
2016/5/20,6700
2016/5/23,6600
2016/5/24,6650
2016/5/25,6650
2016/5/26,6700
2016/5/27,6700
2016/5/30,6750
2016/5/31,6800
2016/6/1,6900
2016/6/2,6950
2016/6/3,6980
2016/6/6,6950
2016/6/7,7000
2016/6/8,7000
2016/6/13,7020
2016/6/14,7050
2016/6/15,7050
2016/6/16,7070
2016/6/17,7100
2016/6/20,7200
2016/6/21,7300
2016/6/22,7350
2016/6/23,7350
2016/6/24,7450
2016/6/27,7650
2016/6/28,7900
2016/6/29,7800
2016/6/30,8000
2016/7/1,7900
2016/7/4,8300
2016/7/5,8300
2016/7/6,8300
2016/7/7,8300
2016/7/8,8000
2016/7/11,8080
2016/7/12,8250
2016/7/13,8150
2016/7/14,8150
2016/7/15,8100
2016/7/18,8100
2016/7/19,8000
2016/7/20,8000
2016/7/21,8050
2016/7/22,8100
2016/7/25,8000
2016/7/26,8000
2016/7/27,8000
2016/7/28,8150
2016/7/29,8100
2016/8/1,8200
2016/8/2,8150
2016/8/3,8150
2016/8/4,8150
2016/8/5,8200
2016/8/8,8250
2016/8/9,8200
2016/8/10,8200
2016/8/11,8150
2016/8/12,8150
2016/8/15,8150
2016/8/16,8180
2016/8/17,8180
2016/8/18,8200
2016/8/19,8200
2016/8/22,8200
2016/8/23,8200
2016/8/24,8250
2016/8/25,8200
2016/8/26,8200
2016/8/29,8150
2016/8/30,8150
2016/8/31,8100
2016/9/1,8030
2016/9/2,8000
2016/9/5,8000
2016/9/6,8000
2016/9/7,8000
2016/9/8,7980
2016/9/9,7950
2016/9/12,7900
2016/9/13,7800
2016/9/14,7800
2016/9/19,7700
2016/9/20,7650
2016/9/21,7730
2016/9/22,7800
2016/9/23,7680
2016/9/26,7700
2016/9/27,7700
2016/9/28,7700
2016/9/29,7750
2016/9/30,7770
2016/10/10,8000
2016/10/11,8150
2016/10/12,8100
2016/10/13,7900
2016/10/14,7840
2016/10/17,7900
2016/10/18,7950
2016/10/19,8050
2016/10/20,8050
2016/10/21,8050
2016/10/24,8150
2016/10/25,8400
2016/10/26,8200
2016/10/27,8150
2016/10/28,8300
2016/10/31,8600
2016/11/1,8600
2016/11/2,8400
2016/11/3,8400
2016/11/4,8350
2016/11/7,8400
2016/11/8,8500
2016/11/9,8700
2016/11/10,8750
2016/11/11,9000
2016/11/14,8650
2016/11/15,8550
2016/11/16,8550
2016/11/17,8500
2016/11/18,8300
2016/11/21,8500
2016/11/22,8650
2016/11/23,8550
2016/11/24,8500
2016/11/25,8400
2016/11/28,8480
2016/11/29,8380
2016/11/30,8300
2016/12/1,8400
2016/12/2,8500
2016/12/5,8650
2016/12/6,8700
2016/12/7,9000
2016/12/8,9000
2016/12/9,9150
2016/12/12,9500
2016/12/13,9500
2016/12/14,9600
2016/12/15,9500
2016/12/16,9500
2016/12/19,9250
2016/12/20,9050
2016/12/21,9100
2016/12/22,9050
2016/12/23,8850
2016/12/26,9000
2016/12/27,9050
2016/12/28,9100
2016/12/29,9050
2016/12/30,8800
2017/1/3,8600
2017/1/4,8550
2017/1/5,8500
2017/1/6,8550
2017/1/9,8600
2017/1/10,8600
2017/1/11,8600
2017/1/12,8680
2017/1/13,8750
2017/1/16,9000
2017/1/17,8900
2017/1/18,8850
2017/1/19,8800
2017/1/20,8800
2017/1/23,8850
2017/1/24,8900
2017/1/25,9000
2017/1/26,9100
2017/2/3,9100
2017/2/6,9000
2017/2/7,9050
2017/2/8,8950
2017/2/9,9000
2017/2/10,8900
2017/2/13,9050
2017/2/14,9050
2017/2/15,8950
2017/2/16,8800
2017/2/17,8750
2017/2/20,8750
2017/2/21,8600
2017/2/22,8570
2017/2/23,8450
2017/2/24,8430
2017/2/27,8520
2017/2/28,8350
2017/3/1,8350
2017/3/2,8350
2017/3/3,8400
2017/3/6,8500
2017/3/7,8400
2017/3/8,8250
2017/3/9,8100
2017/3/10,8050
2017/3/13,7950
2017/3/14,8000
2017/3/15,8050
2017/3/16,8100
2017/3/17,8150
2017/3/20,8100
2017/3/21,8150
2017/3/22,8000
2017/3/23,8050
2017/3/24,8020
2017/3/27,7800
2017/3/28,7900
2017/3/29,8000
2017/3/30,8000
2017/3/31,7950
2017/4/5,8100
2017/4/6,8150
2017/4/7,8150
2017/4/10,8000
2017/4/11,8000
2017/4/12,8000
2017/4/13,7930
2017/4/14,7850
2017/4/17,7830
2017/4/18,7700
2017/4/19,7700
2017/4/20,7700
2017/4/21,7700
2017/4/24,7600
2017/4/25,7600
2017/4/26,7630
2017/4/27,7700
2017/4/28,7750
2017/5/2,7720
2017/5/3,7700
2017/5/4,7550
2017/5/5,7500
2017/5/8,7550
2017/5/9,7500
2017/5/10,7400
2017/5/11,7450
2017/5/12,7450
2017/5/15,7550
2017/5/16,7600
2017/5/17,7650
2017/5/18,7680
2017/5/19,7950
2017/5/22,7950
2017/5/23,7950
2017/5/24,7900
2017/5/25,7950
2017/5/26,7900
2017/5/31,7750
2017/6/1,7800
2017/6/2,7630
2017/6/5,7600
2017/6/6,7600
2017/6/7,7600
2017/6/8,7630
2017/6/9,7630
2017/6/12,7700
2017/6/13,7600
2017/6/14,7600
2017/6/15,7530
2017/6/16,7550
2017/6/19,7600
2017/6/20,7580
2017/6/21,7530
2017/6/22,7470
2017/6/23,7500
2017/6/26,7600
2017/6/27,7600
2017/6/28,7580
2017/6/29,7700
2017/6/30,7750
2017/7/3,7800
2017/7/4,7670
2017/7/5,7720
2017/7/6,7800
2017/7/7,7910
2017/7/10,7880
2017/7/11,7900
2017/7/12,7900
2017/7/13,7900
2017/7/14,7900
2017/7/17,8000
2017/7/18,8050
2017/7/19,8100
2017/7/20,8300
2017/7/21,8350
2017/7/24,8250
2017/7/25,8350
2017/7/26,8260
2017/7/27,8200
2017/7/28,8050
2017/7/31,8080
2017/8/1,8250
2017/8/2,8200
2017/8/3,8150
2017/8/4,8300
2017/8/7,8250
2017/8/8,8300
2017/8/9,8350
2017/8/10,8400
2017/8/11,8330
2017/8/14,8320
2017/8/15,8250
2017/8/16,8250
2017/8/17,8400
2017/8/18,8430
2017/8/21,8550
2017/8/22,8580
2017/8/23,8750
2017/8/24,8750
2017/8/25,8850
2017/8/28,8800
2017/8/29,8800
2017/8/30,8850
2017/8/31,8900
2017/9/1,9000
2017/9/4,9300
2017/9/5,9250
2017/9/6,9200
2017/9/7,9050
2017/9/8,9100
2017/9/11,8900
2017/9/12,8950
2017/9/13,8850
2017/9/14,8750
2017/9/15,8670
2017/9/18,8600
2017/9/19,8600
2017/9/20,8600
2017/9/21,8500
2017/9/22,8450
2017/9/25,8550
2017/9/26,8650
2017/9/27,8700
2017/9/28,8450
2017/9/29,8600
2017/10/9,8600
2017/10/10,8600
2017/10/11,8560
2017/10/12,8500
2017/10/13,8650
2017/10/16,8650
2017/10/17,8850
2017/10/18,8850
2017/10/19,8650
2017/10/20,8890
2017/10/23,8880
2017/10/24,8850
2017/10/25,8830
2017/10/26,8700
2017/10/27,8600
2017/10/30,8650
2017/10/31,8600
2017/11/1,8580
2017/11/2,8630
2017/11/3,8750
2017/11/6,8900
2017/11/7,8900
2017/11/8,8950
2017/11/9,9000
2017/11/10,8920
2017/11/13,8950
2017/11/14,8930
2017/11/15,8800
2017/11/16,8800
2017/11/17,8800
2017/11/20,8900
2017/11/21,9050
2017/11/22,9000
2017/11/23,9020
2017/11/24,9030
2017/11/27,9100
2017/11/28,8780
2017/11/29,8770
2017/11/30,8760
2017/12/1,9000
2017/12/4,9030
2017/12/5,9080
2017/12/6,9080
2017/12/7,8850
2017/12/8,8880
2017/12/11,9030
2017/12/12,9080
2017/12/13,8980
2017/12/14,9000
2017/12/15,8920
2017/12/18,8980
2017/12/19,9040
2017/12/20,9080
2017/12/21,9070
2017/12/22,9050
2017/12/25,8970
2017/12/26,9070
2017/12/27,9100
2017/12/28,9070
2017/12/29,9200
2018/1/2,9300
2018/1/3,9350
2018/1/4,9350
2018/1/5,9350
2018/1/8,9400
2018/1/9,9350
2018/1/10,9400
2018/1/11,9450
2018/1/12,9450
2018/1/15,9520
2018/1/16,9450
2018/1/17,9400
2018/1/18,9350
2018/1/19,9350
2018/1/22,9450
2018/1/23,9350
2018/1/24,9350
2018/1/25,9450
2018/1/26,9450
2018/1/29,9500
2018/1/30,9500
2018/1/31,9450
2018/2/1,9450
2018/2/2,9380
2018/2/5,9330
2018/2/6,9300
2018/2/7,9300
2018/2/8,9130
2018/2/9,9120
2018/2/12,9100
2018/2/13,9100
2018/2/14,9100
2018/2/22,9225
2018/2/23,9200
2018/2/26,9050
2018/2/27,9000
2018/2/28,9000
2018/3/1,9000
2018/3/2,9070
2018/3/5,9000
2018/3/6,9000
2018/3/7,9000
2018/3/8,8850
2018/3/9,8800
2018/3/12,8720
2018/3/13,8750
2018/3/14,8750
2018/3/15,8750
2018/3/16,8610
2018/3/19,8610
2018/3/20,8550
2018/3/21,8565
2018/3/22,8600
2018/3/23,8400
2018/3/26,8400
2018/3/27,8430
2018/3/28,8400
2018/3/29,8650
2018/3/30,8550
2018/4/2,8700
2018/4/3,8700
2018/4/4,8650
2018/4/9,8750
2018/4/10,8820
2018/4/11,8850
2018/4/12,8820
2018/4/13,8820
2018/4/16,8800
2018/4/17,8800
2018/4/18,8800
2018/4/19,8830
2018/4/20,8850
2018/4/23,8750
2018/4/24,8750
2018/4/25,8750
2018/4/26,8800
2018/4/27,8830
2018/5/2,9000
2018/5/3,9070
2018/5/4,9100
2018/5/7,9130
2018/5/8,9100
2018/5/9,9050
2018/5/10,9150
2018/5/11,9120
2018/5/14,9100
2018/5/15,9050
2018/5/16,9130
2018/5/17,9130
2018/5/18,9130
2018/5/21,9150
2018/5/22,9130
2018/5/23,9100
2018/5/24,9100
2018/5/25,9030
2018/5/28,8950
2018/5/29,9050
2018/5/30,9000
2018/5/31,9000
2018/6/1,9120
2018/6/4,9150
2018/6/5,9190
2018/6/6,9100
2018/6/7,9150
2018/6/8,9150
2018/6/11,9200
2018/6/12,9250
2018/6/13,9200
2018/6/14,9150
2018/6/15,9130
2018/6/19,9030
2018/6/20,9030
2018/6/21,8990
2018/6/22,8900
2018/6/25,8920
2018/6/26,8950
2018/6/27,8990
2018/6/28,9020
2018/6/29,9150
2018/7/2,9150
2018/7/3,9150
2018/7/4,9170
2018/7/5,9050
2018/7/6,9050
2018/7/9,9070
2018/7/10,9050
2018/7/11,9070
2018/7/12,9200
2018/7/13,9250
2018/7/16,9250
2018/7/17,9255
2018/7/18,9270
2018/7/19,9220
2018/7/20,9280
2018/7/23,9300
2018/7/24,9390
2018/7/25,9420
2018/7/26,9400
2018/7/27,9410
2018/7/30,9500
2018/7/31,9540
2018/8/1,9540
2018/8/2,9600
2018/8/3,9650
2018/8/6,9900
2018/8/7,9950
2018/8/8,9980
2018/8/9,9980
2018/8/10,9980
2018/8/13,9920
2018/8/14,10080
2018/8/15,9980
2018/8/16,9940
2018/8/17,9940
2018/8/20,9820
2018/8/21,9840
2018/8/22,9860
2018/8/23,9750
2018/8/24,9720
2018/8/27,9730
2018/8/28,9750
2018/8/29,9770
2018/8/30,9750
2018/8/31,9780
2018/9/3,9700
2018/9/4,9780
2018/9/5,9780
2018/9/6,9810
2018/9/7,9870
2018/9/10,9950
2018/9/11,9950
2018/9/12,9850
2018/9/13,9930
2018/9/14,9970
2018/9/17,10100
2018/9/18,10200
2018/9/19,10300
2018/9/20,10450
2018/9/21,10450
2018/9/25,10480
2018/9/26,10400
2018/9/27,10450
2018/9/28,10530
2018/10/8,10800
2018/10/9,11000
2018/10/10,11130
2018/10/11,11100
2018/10/12,11050
2018/10/15,11000
2018/10/16,10980
2018/10/17,10850
2018/10/18,10850
2018/10/19,10850
2018/10/22,10850
2018/10/23,10730
2018/10/24,10700
2018/10/25,10480
2018/10/26,10500
2018/10/29,10450
2018/10/30,10300
2018/10/31,10350
2018/11/1,10400
2018/11/2,10300
2018/11/5,10380
2018/11/6,10350
2018/11/7,10250
2018/11/8,10250
2018/11/9,10200
2018/11/12,10060
2018/11/13,9980
2018/11/14,9700
2018/11/15,9900
2018/11/16,9880
2018/11/19,9800
2018/11/20,9680
2018/11/21,9300
2018/11/22,9300
2018/11/23,9050
2018/11/26,8750
2018/11/27,8770
2018/11/28,8800
2018/11/29,8900
2018/11/30,8900
2018/12/3,9070
2018/12/4,9250
2018/12/5,9450
2018/12/6,9500
2018/12/7,9350
2018/12/10,9350
2018/12/11,9150
2018/12/12,9100
2018/12/13,9080
2018/12/14,9120
2018/12/17,9250
2018/12/18,9240
2018/12/19,9200
2018/12/20,9240
2018/12/21,9200
2018/12/24,8980
2018/12/25,8900
2018/12/26,8970
2018/12/27,9100
2018/12/28,9100
2019/1/2,9100
2019/1/3,8980
2019/1/4,9030
2019/1/7,9120
2019/1/8,9150
2019/1/9,9200
2019/1/10,9170
2019/1/11,9170
2019/1/14,9200
2019/1/15,9100
2019/1/16,9150
2019/1/17,9150
