日期,TA内盘人民币价
2006-12-18,8260.0
2006-12-19,8240.0
2006-12-20,8240.0
2006-12-21,8240.0
2006-12-22,8240.0
2006-12-26,8240.0
2006-12-27,8225.0
2006-12-28,8275.0
2006-12-29,8275.0
2007-01-04,8275.0
2007-01-05,8350.0
2007-01-08,8350.0
2007-01-09,8365.0
2007-01-10,8365.0
2007-01-11,8365.0
2007-01-12,8365.0
2007-01-15,8355.0
2007-01-17,8225.0
2007-01-18,8175.0
2007-01-19,8150.0
2007-01-22,8025.0
2007-01-23,8000.0
2007-01-24,8000.0
2007-01-25,8025.0
2007-01-26,8040.0
2007-01-29,8050.0
2007-01-30,8050.0
2007-01-31,8050.0
2007-02-01,8075.0
2007-02-02,8075.0
2007-02-05,8075.0
2007-02-06,8075.0
2007-02-07,8050.0
2007-02-08,8050.0
2007-02-09,8025.0
2007-02-12,8025.0
2007-02-13,8025.0
2007-02-14,8025.0
2007-02-15,8025.0
2007-02-16,8025.0
2007-02-26,8075.0
2007-02-27,8100.0
2007-02-28,8100.0
2007-03-01,8100.0
2007-03-02,8125.0
2007-03-05,8100.0
2007-03-06,8100.0
2007-03-07,8100.0
2007-03-08,8115.0
2007-03-09,8115.0
2007-03-12,8115.0
2007-03-13,8075.0
2007-03-14,8075.0
2007-03-15,8025.0
2007-03-16,8025.0
2007-03-19,7962.0
2007-03-20,7962.0
2007-03-21,7975.0
2007-03-22,8025.0
2007-03-23,8025.0
2007-03-26,8065.0
2007-03-27,8100.0
2007-03-28,8125.0
2007-03-29,8125.0
2007-03-30,8150.0
2007-04-02,8200.0
2007-04-03,8225.0
2007-04-04,8262.0
2007-04-05,8325.0
2007-04-06,8325.0
2007-04-10,8275.0
2007-04-11,8275.0
2007-04-12,8275.0
2007-04-13,8275.0
2007-04-16,8625.0
2007-04-17,8625.0
2007-04-18,8625.0
2007-04-19,8600.0
2007-04-20,8575.0
2007-04-23,8575.0
2007-04-24,8675.0
2007-04-25,8690.0
2007-04-26,8750.0
2007-04-27,8750.0
2007-04-30,8765.0
2007-05-08,8765.0
2007-05-09,8765.0
2007-05-10,8765.0
2007-05-11,8700.0
2007-05-14,8675.0
2007-05-15,8725.0
2007-05-16,8700.0
2007-05-17,8700.0
2007-05-18,8700.0
2007-05-21,8700.0
2007-05-22,8700.0
2007-05-23,8700.0
2007-05-24,8700.0
2007-05-25,8725.0
2007-05-28,8775.0
2007-05-29,8750.0
2007-05-30,8725.0
2007-05-31,8700.0
2007-06-01,8650.0
2007-06-04,8600.0
2007-06-05,8600.0
2007-06-06,8575.0
2007-06-07,8500.0
2007-06-08,8500.0
2007-06-11,8475.0
2007-06-12,8450.0
2007-06-13,8375.0
2007-06-14,8375.0
2007-06-15,8400.0
2007-06-18,8450.0
2007-06-19,8500.0
2007-06-20,8500.0
2007-06-21,8450.0
2007-06-22,8450.0
2007-06-25,8400.0
2007-06-26,8400.0
2007-06-27,8375.0
2007-06-28,8350.0
2007-06-29,8350.0
2007-07-02,8325.0
2007-07-03,8325.0
2007-07-04,8375.0
2007-07-06,8375.0
2007-07-09,8400.0
2007-07-10,8400.0
2007-07-11,8410.0
2007-07-12,8450.0
2007-07-13,8465.0
2007-07-16,8490.0
2007-07-17,8490.0
2007-07-18,8475.0
2007-07-19,8450.0
2007-07-20,8450.0
2007-07-23,8450.0
2007-07-24,8465.0
2007-07-25,8450.0
2007-07-26,8450.0
2007-07-27,8450.0
2007-07-30,8450.0
2007-07-31,8415.0
2007-08-01,8400.0
2007-08-02,8400.0
2007-08-03,8360.0
2007-08-06,8335.0
2007-08-07,8300.0
2007-08-08,8275.0
2007-08-09,8250.0
2007-08-10,8215.0
2007-08-13,8100.0
2007-08-14,8025.0
2007-08-15,8090.0
2007-08-16,8150.0
2007-08-17,8150.0
2007-08-20,8125.0
2007-08-21,8025.0
2007-08-22,8000.0
2007-08-23,7975.0
2007-08-24,7950.0
2007-08-27,7925.0
2007-08-28,7925.0
2007-08-29,7900.0
2007-08-30,7875.0
2007-08-31,7800.0
2007-09-03,7825.0
2007-09-05,7875.0
2007-09-06,7850.0
2007-09-07,7875.0
2007-09-10,7875.0
2007-09-11,7875.0
2007-09-12,7875.0
2007-09-13,7875.0
2007-09-14,7850.0
2007-09-17,7800.0
2007-09-18,7765.0
2007-09-19,7775.0
2007-09-20,7775.0
2007-09-21,7775.0
2007-09-24,7750.0
2007-09-25,7700.0
2007-09-26,7625.0
2007-09-27,7575.0
2007-09-28,7500.0
2007-10-08,7500.0
2007-10-09,7400.0
2007-10-10,7325.0
2007-10-11,7300.0
2007-10-12,7225.0
2007-10-15,7250.0
2007-10-16,7250.0
2007-10-17,7200.0
2007-10-18,7200.0
2007-10-19,7200.0
2007-10-22,7200.0
2007-10-23,7200.0
2007-10-24,7175.0
2007-10-25,7150.0
2007-10-26,7090.0
2007-10-29,7090.0
2007-10-30,7090.0
2007-10-31,7100.0
2007-11-01,7100.0
2007-11-02,7100.0
2007-11-05,7125.0
2007-11-06,7200.0
2007-11-07,7275.0
2007-11-08,7325.0
2007-11-09,7415.0
2007-11-12,7465.0
2007-11-13,7425.0
2007-11-14,7360.0
2007-11-15,7310.0
2007-11-16,7275.0
2007-11-19,7175.0
2007-11-20,7175.0
2007-11-21,7175.0
2007-11-22,7190.0
2007-11-26,7225.0
2007-11-27,7225.0
2007-11-28,7250.0
2007-11-29,7225.0
2007-11-30,7175.0
2007-12-03,7075.0
2007-12-04,6875.0
2007-12-05,6825.0
2007-12-06,6875.0
2007-12-07,6900.0
2007-12-10,6885.0
2007-12-11,6875.0
2007-12-12,6845.0
2007-12-13,6860.0
2007-12-14,6875.0
2007-12-17,6885.0
2007-12-18,6845.0
2007-12-19,6775.0
2007-12-20,6775.0
2007-12-21,6775.0
2007-12-24,6825.0
2007-12-25,6825.0
2007-12-27,6925.0
2007-12-28,6925.0
2008-01-02,6925.0
2008-01-03,7025.0
2008-01-04,7025.0
2008-01-07,7125.0
2008-01-08,7175.0
2008-01-09,7225.0
2008-01-10,7225.0
2008-01-11,7190.0
2008-01-14,7190.0
2008-01-15,7225.0
2008-01-16,7225.0
2008-01-17,7265.0
2008-01-18,7300.0
2008-01-21,7300.0
2008-01-23,7315.0
2008-01-24,7325.0
2008-01-25,7325.0
2008-01-28,7325.0
2008-01-29,7325.0
2008-01-30,7325.0
2008-01-31,7325.0
2008-02-01,7325.0
2008-02-04,7325.0
2008-02-05,7325.0
2008-02-13,7325.0
2008-02-14,7325.0
2008-02-15,7350.0
2008-02-18,7425.0
2008-02-20,7515.0
2008-02-21,7555.0
2008-02-22,7625.0
2008-02-25,7635.0
2008-02-26,7700.0
2008-02-27,7775.0
2008-02-28,7825.0
2008-02-29,7875.0
2008-03-03,7925.0
2008-03-04,7960.0
2008-03-05,7925.0
2008-03-06,7915.0
2008-03-07,7875.0
2008-03-10,7840.0
2008-03-11,7825.0
2008-03-12,7840.0
2008-03-13,7895.0
2008-03-14,7895.0
2008-03-17,7960.0
2008-03-18,7990.0
2008-03-19,8025.0
2008-03-20,8075.0
2008-03-21,8115.0
2008-03-25,8075.0
2008-03-26,8025.0
2008-03-27,7995.0
2008-03-28,7985.0
2008-03-31,8000.0
2008-04-01,8000.0
2008-04-02,8000.0
2008-04-03,8000.0
2008-04-07,7935.0
2008-04-08,7925.0
2008-04-09,7875.0
2008-04-10,7815.0
2008-04-11,7775.0
2008-04-14,7755.0
2008-04-15,7755.0
2008-04-16,7775.0
2008-04-17,7775.0
2008-04-18,7775.0
2008-04-21,7755.0
2008-04-22,7700.0
2008-04-23,7725.0
2008-04-24,7815.0
2008-04-25,7860.0
2008-04-28,7875.0
2008-04-29,7915.0
2008-04-30,7915.0
2008-05-06,7925.0
2008-05-07,7925.0
2008-05-08,7960.0
2008-05-09,7960.0
2008-05-12,8025.0
2008-05-13,8045.0
2008-05-14,8100.0
2008-05-15,8125.0
2008-05-16,8190.0
2008-05-19,8300.0
2008-05-20,8350.0
2008-05-21,8400.0
2008-05-22,8475.0
2008-05-23,8575.0
2008-05-26,8675.0
2008-05-28,8750.0
2008-05-29,8775.0
2008-05-30,8775.0
2008-06-02,8850.0
2008-06-03,9025.0
2008-06-04,9125.0
2008-06-05,9175.0
2008-06-06,9225.0
2008-06-10,9350.0
2008-06-11,9425.0
2008-06-12,9440.0
2008-06-13,9525.0
2008-06-16,9675.0
2008-06-17,9725.0
2008-06-18,9675.0
2008-06-19,9675.0
2008-06-20,9625.0
2008-06-23,9525.0
2008-06-24,9475.0
2008-06-25,9310.0
2008-06-26,9325.0
2008-06-27,9325.0
2008-06-30,9325.0
2008-07-01,9375.0
2008-07-02,9475.0
2008-07-03,9525.0
2008-07-04,9575.0
2008-07-08,9575.0
2008-07-09,9550.0
2008-07-10,9525.0
2008-07-11,9510.0
2008-07-14,9475.0
2008-07-15,9425.0
2008-07-16,9375.0
2008-07-17,9375.0
2008-07-18,9325.0
2008-07-21,9310.0
2008-07-22,9300.0
2008-07-23,9175.0
2008-07-24,9015.0
2008-07-25,8975.0
2008-07-28,8925.0
2008-07-29,8850.0
2008-07-30,8825.0
2008-07-31,8850.0
2008-08-01,8875.0
2008-08-04,9025.0
2008-08-05,9025.0
2008-08-06,8950.0
2008-08-07,8875.0
2008-08-08,8775.0
2008-08-11,8675.0
2008-08-12,8675.0
2008-08-13,8675.0
2008-08-14,8675.0
2008-08-15,8675.0
2008-08-18,8675.0
2008-08-19,8675.0
2008-08-20,8675.0
2008-08-21,8675.0
2008-08-22,8675.0
2008-08-25,8625.0
2008-08-26,8575.0
2008-08-27,8490.0
2008-08-28,8450.0
2008-08-29,8390.0
2008-09-01,8390.0
2008-09-03,8175.0
2008-09-04,8100.0
2008-09-05,7925.0
2008-09-08,7775.0
2008-09-09,7625.0
2008-09-10,7450.0
2008-09-11,7275.0
2008-09-12,7250.0
2008-09-16,7125.0
2008-09-17,6950.0
2008-09-18,6875.0
2008-09-19,6850.0
2008-09-22,7075.0
2008-09-23,7225.0
2008-09-24,7125.0
2008-09-25,7075.0
2008-09-26,7075.0
2008-10-06,7150.0
2008-10-07,7150.0
2008-10-08,7150.0
2008-10-09,6850.0
2008-10-10,6850.0
2008-10-13,6650.0
2008-10-14,6550.0
2008-10-15,6400.0
2008-10-16,6150.0
2008-10-17,6050.0
2008-10-20,5875.0
2008-10-21,5875.0
2008-10-22,5850.0
2008-10-23,5750.0
2008-10-24,5650.0
2008-10-27,5550.0
2008-10-28,5175.0
2008-10-29,5050.0
2008-10-30,5050.0
2008-10-31,4875.0
2008-11-03,4900.0
2008-11-04,4900.0
2008-11-05,4875.0
2008-11-06,4875.0
2008-11-07,4750.0
2008-11-10,4650.0
2008-11-11,4650.0
2008-11-12,4475.0
2008-11-13,4375.0
2008-11-14,4325.0
2008-11-17,4375.0
2008-11-18,4450.0
2008-11-19,4475.0
2008-11-20,4475.0
2008-11-21,4375.0
2008-11-24,4475.0
2008-11-25,4650.0
2008-11-26,4725.0
2008-11-27,4625.0
2008-12-01,4650.0
2008-12-02,4650.0
2008-12-03,4675.0
2008-12-04,4775.0
2008-12-05,4725.0
2008-12-08,4775.0
2008-12-09,4825.0
2008-12-10,4925.0
2008-12-11,4925.0
2008-12-12,4875.0
2008-12-15,4975.0
2008-12-16,5050.0
2008-12-17,5150.0
2008-12-18,5250.0
2008-12-19,5400.0
2008-12-22,5500.0
2008-12-23,5500.0
2008-12-24,5475.0
2008-12-25,5475.0
2008-12-29,5225.0
2008-12-30,5150.0
2008-12-31,5150.0
2009-01-05,5150.0
2009-01-06,5300.0
2009-01-07,5425.0
2009-01-08,5375.0
2009-01-09,5425.0
2009-01-12,5425.0
2009-01-13,5475.0
2009-01-14,5525.0
2009-01-15,5575.0
2009-01-16,5575.0
2009-01-19,5575.0
2009-01-21,5625.0
2009-01-22,5625.0
2009-01-23,5625.0
2009-02-02,5925.0
2009-02-03,6000.0
2009-02-04,6200.0
2009-02-05,6300.0
2009-02-06,6350.0
2009-02-09,6500.0
2009-02-10,6600.0
2009-02-11,6675.0
2009-02-12,6700.0
2009-02-13,6625.0
2009-02-16,6550.0
2009-02-18,6425.0
2009-02-19,6200.0
2009-02-20,6200.0
2009-02-23,6275.0
2009-02-24,6275.0
2009-02-25,6225.0
2009-02-26,6075.0
2009-02-27,6025.0
2009-03-02,6000.0
2009-03-03,5850.0
2009-03-04,5775.0
2009-03-05,5875.0
2009-03-06,5825.0
2009-03-09,5925.0
2009-03-10,5925.0
2009-03-11,5975.0
2009-03-12,5975.0
2009-03-13,5975.0
2009-03-16,6025.0
2009-03-17,6075.0
2009-03-18,6150.0
2009-03-19,6225.0
2009-03-20,6275.0
2009-03-23,6450.0
2009-03-24,6425.0
2009-03-25,6375.0
2009-03-26,6350.0
2009-03-27,6425.0
2009-03-30,6550.0
2009-03-31,6675.0
2009-04-01,6725.0
2009-04-02,6875.0
2009-04-03,7000.0
2009-04-07,7050.0
2009-04-08,6975.0
2009-04-09,6825.0
2009-04-10,6825.0
2009-04-14,6825.0
2009-04-15,7025.0
2009-04-16,7175.0
2009-04-17,7175.0
2009-04-20,7350.0
2009-04-21,7350.0
2009-04-22,7450.0
2009-04-23,7525.0
2009-04-24,7525.0
2009-04-27,7650.0
2009-04-28,7850.0
2009-04-29,7850.0
2009-04-30,7850.0
2009-05-04,7925.0
2009-05-05,7925.0
2009-05-06,7800.0
2009-05-07,7750.0
2009-05-08,7725.0
2009-05-11,7650.0
2009-05-12,7575.0
2009-05-13,7525.0
2009-05-14,7365.0
2009-05-15,7375.0
2009-05-18,7375.0
2009-05-19,7325.0
2009-05-20,7225.0
2009-05-21,7175.0
2009-05-22,7125.0
2009-05-25,7125.0
2009-05-27,7075.0
2009-06-01,7150.0
2009-06-02,7150.0
2009-06-03,7075.0
2009-06-04,6925.0
2009-06-05,6875.0
2009-06-08,6825.0
2009-06-09,6750.0
2009-06-10,6800.0
2009-06-11,6825.0
2009-06-12,6925.0
2009-06-15,6925.0
2009-06-16,6925.0
2009-06-17,6925.0
2009-06-18,6975.0
2009-06-19,7025.0
2009-06-22,7025.0
2009-06-23,6925.0
2009-06-24,6925.0
2009-06-25,6925.0
2009-06-26,7025.0
2009-06-29,7025.0
2009-06-30,7075.0
2009-07-01,7075.0
2009-07-02,7125.0
2009-07-03,7100.0
2009-07-07,7125.0
2009-07-08,7150.0
2009-07-09,7150.0
2009-07-10,7175.0
2009-07-13,7225.0
2009-07-14,7225.0
2009-07-15,7225.0
2009-07-16,7225.0
2009-07-17,7200.0
2009-07-20,7175.0
2009-07-21,7195.0
2009-07-22,7260.0
2009-07-23,7300.0
2009-07-24,7375.0
2009-07-27,7575.0
2009-07-28,7700.0
2009-07-29,7800.0
2009-07-30,7800.0
2009-07-31,7875.0
2009-08-03,8050.0
2009-08-04,8175.0
2009-08-05,8275.0
2009-08-06,8250.0
2009-08-07,8000.0
2009-08-10,7930.0
2009-08-11,8140.0
2009-08-12,8150.0
2009-08-13,8075.0
2009-08-14,8125.0
2009-08-17,8085.0
2009-08-18,7985.0
2009-08-19,7925.0
2009-08-20,7875.0
2009-08-21,7825.0
2009-08-24,7815.0
2009-08-25,7740.0
2009-08-26,7740.0
2009-08-27,7725.0
2009-08-28,7725.0
2009-08-31,7575.0
2009-09-01,7475.0
2009-09-02,7225.0
2009-09-03,7100.0
2009-09-04,7225.0
2009-09-07,7265.0
2009-09-09,7150.0
2009-09-10,7065.0
2009-09-11,7035.0
2009-09-14,6925.0
2009-09-15,6860.0
2009-09-16,6875.0
2009-09-17,6890.0
2009-09-18,6825.0
2009-09-21,6775.0
2009-09-22,6660.0
2009-09-23,6600.0
2009-09-24,6660.0
2009-09-25,6675.0
2009-09-28,6675.0
2009-09-29,6675.0
2009-09-30,6675.0
2009-10-12,6750.0
2009-10-13,6825.0
2009-10-14,6965.0
2009-10-15,7125.0
2009-10-16,7100.0
2009-10-19,7225.0
2009-10-20,7200.0
2009-10-21,7125.0
2009-10-22,7125.0
2009-10-23,7145.0
2009-10-26,7375.0
2009-10-27,7375.0
2009-10-28,7390.0
2009-10-29,7275.0
2009-10-30,7325.0
2009-11-02,7275.0
2009-11-03,7275.0
2009-11-04,7325.0
2009-11-05,7425.0
2009-11-06,7425.0
2009-11-09,7475.0
2009-11-10,7500.0
2009-11-11,7525.0
2009-11-12,7525.0
2009-11-13,7475.0
2009-11-16,7475.0
2009-11-17,7575.0
2009-11-18,7615.0
2009-11-19,7675.0
2009-11-20,7625.0
2009-11-23,7875.0
2009-11-24,7875.0
2009-11-25,7860.0
2009-11-26,7875.0
2009-11-30,7665.0
2009-12-01,7645.0
2009-12-02,7750.0
2009-12-03,7900.0
2009-12-04,7925.0
2009-12-07,7965.0
2009-12-08,7850.0
2009-12-09,7825.0
2009-12-10,7725.0
2009-12-11,7750.0
2009-12-14,7775.0
2009-12-15,7775.0
2009-12-16,7775.0
2009-12-17,7750.0
2009-12-18,7700.0
2009-12-21,7725.0
2009-12-22,7625.0
2009-12-23,7525.0
2009-12-24,7600.0
2009-12-25,7650.0
2009-12-29,7740.0
2009-12-30,7740.0
2009-12-31,7740.0
2010-01-04,8000.0
2010-01-05,8075.0
2010-01-06,8025.0
2010-01-07,7940.0
2010-01-08,7850.0
2010-01-11,7975.0
2010-01-12,8050.0
2010-01-13,7975.0
2010-01-14,8060.0
2010-01-15,8085.0
2010-01-18,8100.0
2010-01-20,8115.0
2010-01-21,8115.0
2010-01-22,8065.0
2010-01-25,8035.0
2010-01-26,8015.0
2010-01-27,7925.0
2010-01-28,7825.0
2010-01-29,7825.0
2010-02-01,7775.0
2010-02-02,7865.0
2010-02-03,7925.0
2010-02-04,7965.0
2010-02-05,7955.0
2010-02-08,7965.0
2010-02-09,7965.0
2010-02-10,8000.0
2010-02-11,8000.0
2010-02-12,8000.0
2010-02-22,8200.0
2010-02-23,8190.0
2010-02-24,8175.0
2010-02-25,8125.0
2010-02-26,8100.0
2010-03-01,8025.0
2010-03-02,7990.0
2010-03-03,7990.0
2010-03-04,7925.0
2010-03-05,7925.0
2010-03-08,8065.0
2010-03-09,8100.0
2010-03-10,8050.0
2010-03-11,8010.0
2010-03-12,8010.0
2010-03-15,7925.0
2010-03-16,7900.0
2010-03-17,7975.0
2010-03-18,8025.0
2010-03-19,7985.0
2010-03-22,8000.0
2010-03-23,7975.0
2010-03-24,7965.0
2010-03-25,7985.0
2010-03-26,8015.0
2010-03-29,8145.0
2010-03-30,8125.0
2010-03-31,8100.0
2010-04-01,8115.0
2010-04-02,8175.0
2010-04-06,8275.0
2010-04-07,8265.0
2010-04-08,8265.0
2010-04-09,8235.0
2010-04-12,8225.0
2010-04-13,8210.0
2010-04-14,8215.0
2010-04-15,8225.0
2010-04-16,8205.0
2010-04-19,8125.0
2010-04-20,8125.0
2010-04-21,8160.0
2010-04-22,8125.0
2010-04-23,8150.0
2010-04-26,8150.0
2010-04-27,8125.0
2010-04-28,8075.0
2010-04-29,8025.0
2010-04-30,8025.0
2010-05-04,8025.0
2010-05-05,7925.0
2010-05-06,7875.0
2010-05-07,7750.0
2010-05-10,7725.0
2010-05-11,7775.0
2010-05-12,7775.0
2010-05-13,7725.0
2010-05-14,7575.0
2010-05-17,7295.0
2010-05-18,7300.0
2010-05-19,7325.0
2010-05-20,7375.0
2010-05-21,7275.0
2010-05-24,7300.0
2010-05-25,7225.0
2010-05-26,7175.0
2010-05-27,7225.0
2010-05-28,7325.0
2010-05-31,7325.0
2010-06-02,7175.0
2010-06-03,7175.0
2010-06-04,7175.0
2010-06-07,6900.0
2010-06-08,6875.0
2010-06-09,6975.0
2010-06-10,6985.0
2010-06-11,6975.0
2010-06-17,7075.0
2010-06-18,7040.0
2010-06-21,7175.0
2010-06-22,7165.0
2010-06-23,7125.0
2010-06-24,7140.0
2010-06-25,7125.0
2010-06-28,7155.0
2010-06-29,7075.0
2010-06-30,7050.0
2010-07-01,7025.0
2010-07-02,7000.0
2010-07-05,7025.0
2010-07-07,7025.0
2010-07-08,7075.0
2010-07-09,7085.0
2010-07-12,7075.0
2010-07-13,6975.0
2010-07-14,7025.0
2010-07-15,6925.0
2010-07-16,6925.0
2010-07-19,6925.0
2010-07-20,6975.0
2010-07-21,6925.0
2010-07-22,6965.0
2010-07-23,7025.0
2010-07-26,7075.0
2010-07-27,7050.0
2010-07-28,7075.0
2010-07-29,7090.0
2010-07-30,7125.0
2010-08-02,7225.0
2010-08-03,7235.0
2010-08-04,7235.0
2010-08-05,7175.0
2010-08-06,7165.0
2010-08-09,7215.0
2010-08-10,7215.0
2010-08-11,7215.0
2010-08-12,7175.0
2010-08-13,7205.0
2010-08-16,7325.0
2010-08-17,7325.0
2010-08-18,7365.0
2010-08-19,7400.0
2010-08-20,7350.0
2010-08-23,7275.0
2010-08-24,7225.0
2010-08-25,7275.0
2010-08-26,7325.0
2010-08-27,7325.0
2010-08-30,7375.0
2010-08-31,7295.0
2010-09-01,7305.0
2010-09-02,7350.0
2010-09-03,7385.0
2010-09-06,7435.0
2010-09-08,7445.0
2010-09-09,7415.0
2010-09-10,7400.0
2010-09-13,7475.0
2010-09-14,7475.0
2010-09-15,7495.0
2010-09-16,7475.0
2010-09-17,7475.0
2010-09-20,7625.0
2010-09-21,7615.0
2010-09-27,7905.0
2010-09-28,7900.0
2010-09-29,7825.0
2010-09-30,7840.0
2010-10-08,8125.0
2010-10-11,8350.0
2010-10-12,8375.0
2010-10-13,8415.0
2010-10-14,8475.0
2010-10-15,8500.0
2010-10-18,8425.0
2010-10-19,8355.0
2010-10-20,8305.0
2010-10-21,8375.0
2010-10-22,8425.0
2010-10-25,8505.0
2010-10-26,8475.0
2010-10-27,8475.0
2010-10-28,8475.0
2010-10-29,8485.0
2010-11-01,8575.0
2010-11-02,8625.0
2010-11-03,8800.0
2010-11-04,9025.0
2010-11-05,9650.0
2010-11-08,10800.0
2010-11-09,11350.0
2010-11-10,11250.0
2010-11-11,10500.0
2010-11-12,9400.0
2010-11-15,9500.0
2010-11-16,9650.0
2010-11-17,9550.0
2010-11-18,9550.0
2010-11-19,9575.0
2010-11-22,9590.0
2010-11-23,9500.0
2010-11-24,9475.0
2010-11-25,9435.0
2010-11-29,9175.0
2010-11-30,9000.0
2010-12-01,9050.0
2010-12-02,9175.0
2010-12-03,9175.0
2010-12-06,9275.0
2010-12-07,9175.0
2010-12-08,9225.0
2010-12-09,9225.0
2010-12-10,9225.0
2010-12-13,9400.0
2010-12-14,9425.0
2010-12-15,9395.0
2010-12-16,9375.0
2010-12-17,9425.0
2010-12-20,9500.0
2010-12-21,9525.0
2010-12-22,9515.0
2010-12-23,9550.0
2010-12-24,9700.0
2010-12-28,9825.0
2010-12-29,9815.0
2010-12-30,9875.0
2010-12-31,9875.0
2011-01-04,10135.0
2011-01-05,10165.0
2011-01-06,10300.0
2011-01-07,10195.0
2011-01-10,10125.0
2011-01-11,10155.0
2011-01-12,10310.0
2011-01-13,10525.0
2011-01-14,10535.0
2011-01-17,10575.0
2011-01-19,10700.0
2011-01-20,10645.0
2011-01-21,10700.0
2011-01-24,11175.0
2011-01-25,11050.0
2011-01-26,11050.0
2011-01-27,11050.0
2011-01-28,11050.0
2011-01-31,11050.0
2011-02-01,11050.0
2011-02-09,11450.0
2011-02-10,11775.0
2011-02-11,11775.0
2011-02-14,11685.0
2011-02-15,11775.0
2011-02-16,11735.0
2011-02-17,11685.0
2011-02-18,11615.0
2011-02-21,11525.0
2011-02-23,11560.0
2011-02-24,11440.0
2011-02-25,11325.0
2011-02-28,11575.0
2011-03-01,11695.0
2011-03-02,11675.0
2011-03-03,11715.0
2011-03-04,11625.0
2011-03-07,11650.0
2011-03-08,11500.0
2011-03-09,11575.0
2011-03-10,11455.0
2011-03-11,11425.0
2011-03-14,11425.0
2011-03-15,11475.0
2011-03-16,11425.0
2011-03-17,11500.0
2011-03-18,11600.0
2011-03-21,11550.0
2011-03-22,11550.0
2011-03-23,11575.0
2011-03-24,11585.0
2011-03-25,11575.0
2011-03-28,11425.0
2011-03-29,11385.0
2011-03-30,11415.0
2011-03-31,11385.0
2011-04-01,11275.0
2011-04-06,11065.0
2011-04-07,10975.0
2011-04-08,11175.0
2011-04-11,11365.0
2011-04-12,11175.0
2011-04-13,11100.0
2011-04-14,11105.0
2011-04-15,11075.0
2011-04-18,10985.0
2011-04-19,10850.0
2011-04-20,10785.0
2011-04-21,10800.0
2011-04-22,10765.0
2011-04-25,10675.0
2011-04-26,10425.0
2011-04-27,10425.0
2011-04-28,10490.0
2011-04-29,10475.0
2011-05-03,10525.0
2011-05-04,10425.0
2011-05-05,10200.0
2011-05-06,9950.0
2011-05-09,9875.0
2011-05-10,9825.0
2011-05-11,9840.0
2011-05-12,9525.0
2011-05-13,9535.0
2011-05-16,9515.0
2011-05-17,9550.0
2011-05-18,9625.0
2011-05-19,9675.0
2011-05-20,9625.0
2011-05-23,9625.0
2011-05-24,9540.0
2011-05-25,9575.0
2011-05-26,9675.0
2011-05-27,9675.0
2011-05-30,9695.0
2011-06-01,9750.0
2011-06-02,9585.0
2011-06-03,9615.0
2011-06-07,9615.0
2011-06-08,9500.0
2011-06-09,9525.0
2011-06-10,9485.0
2011-06-13,9425.0
2011-06-14,9425.0
2011-06-15,9515.0
2011-06-16,9435.0
2011-06-17,9415.0
2011-06-20,9375.0
2011-06-21,9360.0
2011-06-22,9315.0
2011-06-23,9265.0
2011-06-24,9225.0
2011-06-27,9050.0
2011-06-28,9025.0
2011-06-29,9010.0
2011-06-30,9065.0
2011-07-01,9000.0
2011-07-04,9050.0
2011-07-06,9060.0
2011-07-07,9025.0
2011-07-08,9050.0
2011-07-11,8995.0
2011-07-12,8875.0
2011-07-13,9025.0
2011-07-14,9075.0
2011-07-15,9090.0
2011-07-18,9150.0
2011-07-19,9125.0
2011-07-20,9275.0
2011-07-21,9325.0
2011-07-22,9325.0
2011-07-25,9375.0
2011-07-26,9375.0
2011-07-27,9475.0
2011-07-28,9400.0
2011-07-29,9425.0
2011-08-01,9575.0
2011-08-02,9625.0
2011-08-03,9625.0
2011-08-04,9615.0
2011-08-05,9475.0
2011-08-08,9675.0
2011-08-09,9475.0
2011-08-10,9625.0
2011-08-11,9710.0
2011-08-12,9675.0
2011-08-15,9725.0
2011-08-16,9710.0
2011-08-17,9785.0
2011-08-18,9875.0
2011-08-19,9875.0
2011-08-22,9825.0
2011-08-23,9990.0
2011-08-24,10025.0
2011-08-25,10025.0
2011-08-26,10025.0
2011-08-29,10025.0
2011-08-30,10075.0
2011-08-31,10150.0
2011-09-01,10210.0
2011-09-02,10275.0
2011-09-05,10315.0
2011-09-07,10400.0
2011-09-08,10525.0
2011-09-09,10525.0
2011-09-13,10575.0
2011-09-14,10625.0
2011-09-15,10600.0
2011-09-16,10475.0
2011-09-19,10225.0
2011-09-20,10225.0
2011-09-21,10250.0
2011-09-22,10125.0
2011-09-23,9950.0
2011-09-26,9650.0
2011-09-27,9550.0
2011-09-28,9450.0
2011-09-29,9350.0
2011-09-30,9350.0
2011-10-10,9625.0
2011-10-11,9625.0
2011-10-12,9575.0
2011-10-13,9525.0
2011-10-14,9500.0
2011-10-17,9475.0
2011-10-18,9350.0
2011-10-19,9175.0
2011-10-20,8700.0
2011-10-21,8700.0
2011-10-24,8850.0
2011-10-25,8950.0
2011-10-26,8950.0
2011-10-27,8925.0
2011-10-28,8925.0
2011-10-31,8675.0
2011-11-01,8500.0
2011-11-02,8425.0
2011-11-03,8400.0
2011-11-04,8400.0
2011-11-07,8250.0
2011-11-08,8225.0
2011-11-09,8225.0
2011-11-10,7950.0
2011-11-11,8025.0
2011-11-14,8150.0
2011-11-15,8025.0
2011-11-16,8075.0
2011-11-17,8075.0
2011-11-18,8125.0
2011-11-21,8175.0
2011-11-22,8200.0
2011-11-23,8225.0
2011-11-25,8125.0
2011-11-28,8125.0
2011-11-29,8175.0
2011-11-30,8175.0
2011-12-01,8350.0
2011-12-02,8300.0
2011-12-05,8400.0
2011-12-06,8450.0
2011-12-07,8475.0
2011-12-08,8485.0
2011-12-09,8475.0
2011-12-12,8475.0
2011-12-13,8425.0
2011-12-14,8425.0
2011-12-15,8375.0
2011-12-16,8350.0
2011-12-19,8375.0
2011-12-20,8425.0
2011-12-21,8475.0
2011-12-22,8475.0
2011-12-23,8450.0
2011-12-27,8375.0
2011-12-28,8425.0
2011-12-29,8475.0
2012-01-04,8725.0
2012-01-05,8790.0
2012-01-09,8840.0
2012-01-10,8815.0
2012-01-11,8800.0
2012-01-12,8775.0
2012-01-13,8755.0
2012-01-16,8825.0
2012-01-17,8925.0
2012-01-18,8975.0
2012-01-19,8975.0
2012-01-20,8975.0
2012-01-30,9125.0
2012-01-31,9150.0
2012-02-01,9125.0
2012-02-02,9090.0
2012-02-03,9095.0
2012-02-06,9175.0
2012-02-07,9075.0
2012-02-08,9150.0
2012-02-09,9085.0
2012-02-10,9125.0
2012-02-13,9075.0
2012-02-14,9075.0
2012-02-15,9060.0
2012-02-16,8925.0
2012-02-17,8950.0
2012-02-20,8950.0
2012-02-21,8975.0
2012-02-22,8975.0
2012-02-23,8925.0
2012-02-24,8925.0
2012-02-27,9000.0
2012-02-28,8975.0
2012-02-29,8975.0
2012-03-01,9025.0
2012-03-02,9100.0
2012-03-05,9120.0
2012-03-06,9025.0
2012-03-07,8925.0
2012-03-08,8900.0
2012-03-09,8925.0
2012-03-12,8875.0
2012-03-13,8850.0
2012-03-14,8775.0
2012-03-15,8675.0
2012-03-16,8550.0
2012-03-19,8500.0
2012-03-20,8500.0
2012-03-21,8550.0
2012-03-22,8575.0
2012-03-23,8640.0
2012-03-26,8700.0
2012-03-27,8775.0
2012-03-28,8795.0
2012-03-29,8725.0
2012-03-30,8665.0
2012-04-05,8600.0
2012-04-09,8625.0
2012-04-10,8650.0
2012-04-11,8650.0
2012-04-12,8675.0
2012-04-13,8725.0
2012-04-16,8725.0
2012-04-17,8775.0
2012-04-18,8775.0
2012-04-19,8725.0
2012-04-20,8725.0
2012-04-23,8675.0
2012-04-24,8650.0
2012-04-25,8650.0
2012-04-26,8675.0
2012-04-27,8700.0
2012-05-02,8750.0
2012-05-03,8750.0
2012-05-04,8750.0
2012-05-07,8665.0
2012-05-08,8650.0
2012-05-09,8600.0
2012-05-10,8650.0
2012-05-11,8575.0
2012-05-14,8525.0
2012-05-15,8375.0
2012-05-16,8425.0
2012-05-17,8450.0
2012-05-18,8425.0
2012-05-21,8425.0
2012-05-22,8425.0
2012-05-23,8315.0
2012-05-24,8250.0
2012-05-25,8250.0
2012-05-28,8250.0
2012-05-29,8215.0
2012-05-30,8205.0
2012-05-31,8025.0
2012-06-01,7850.0
2012-06-04,7425.0
2012-06-05,7325.0
2012-06-06,7325.0
2012-06-07,7325.0
2012-06-08,7175.0
2012-06-11,7175.0
2012-06-12,7040.0
2012-06-13,7000.0
2012-06-14,7075.0
2012-06-15,7215.0
2012-06-18,7275.0
2012-06-19,7275.0
2012-06-20,7250.0
2012-06-21,7175.0
2012-06-25,7150.0
2012-06-26,7125.0
2012-06-27,7115.0
2012-06-28,7175.0
2012-06-29,7225.0
2012-07-02,7350.0
2012-07-03,7425.0
2012-07-04,7550.0
2012-07-05,7525.0
2012-07-06,7505.0
2012-07-09,7475.0
2012-07-10,7425.0
2012-07-11,7375.0
2012-07-12,7400.0
2012-07-13,7480.0
2012-07-16,7650.0
2012-07-17,7650.0
2012-07-18,7550.0
2012-07-19,7625.0
2012-07-20,7615.0
2012-07-23,7525.0
2012-07-24,7525.0
2012-07-25,7555.0
2012-07-26,7505.0
2012-07-27,7585.0
2012-07-30,7675.0
2012-07-31,7675.0
2012-08-01,7725.0
2012-08-02,7725.0
2012-08-03,7690.0
2012-08-06,7850.0
2012-08-07,7950.0
2012-08-08,7950.0
2012-08-09,8025.0
2012-08-10,7990.0
2012-08-13,7875.0
2012-08-14,7825.0
2012-08-15,7850.0
2012-08-16,7940.0
2012-08-17,7975.0
2012-08-20,7875.0
2012-08-21,7875.0
2012-08-22,7935.0
2012-08-23,8005.0
2012-08-24,8060.0
2012-08-27,8150.0
2012-08-28,8125.0
2012-08-29,8125.0
2012-08-30,8150.0
2012-08-31,8150.0
2012-09-03,8215.0
2012-09-04,8175.0
2012-09-05,8125.0
2012-09-06,8125.0
2012-09-07,8125.0
2012-09-10,8175.0
2012-09-11,8220.0
2012-09-12,8300.0
2012-09-13,8325.0
2012-09-14,8500.0
2012-09-17,8575.0
2012-09-18,8500.0
2012-09-19,8465.0
2012-09-20,8380.0
2012-09-21,8365.0
2012-09-24,8300.0
2012-09-25,8325.0
2012-09-26,8325.0
2012-09-27,8325.0
2012-09-28,8325.0
2012-10-08,8325.0
2012-10-09,8385.0
2012-10-10,8375.0
2012-10-11,8400.0
2012-10-12,8395.0
2012-10-15,8375.0
2012-10-16,8375.0
2012-10-17,8375.0
2012-10-18,8325.0
2012-10-19,8305.0
2012-10-22,8305.0
2012-10-23,8250.0
2012-10-24,8240.0
2012-10-25,8240.0
2012-10-26,8250.0
2012-10-29,8225.0
2012-10-30,8140.0
2012-10-31,8140.0
2012-11-01,8125.0
2012-11-02,8125.0
2012-11-05,8075.0
2012-11-06,8100.0
2012-11-07,8125.0
2012-11-08,8100.0
2012-11-09,8100.0
2012-11-12,8075.0
2012-11-13,8130.0
2012-11-14,8130.0
2012-11-15,8125.0
2012-11-16,8125.0
2012-11-19,8125.0
2012-11-20,8135.0
2012-11-21,8125.0
2012-11-22,8135.0
2012-11-23,8125.0
2012-11-26,8140.0
2012-11-27,8140.0
2012-11-28,8130.0
2012-11-29,8115.0
2012-11-30,8130.0
2012-12-03,8190.0
2012-12-04,8190.0
2012-12-05,8240.0
2012-12-06,8375.0
2012-12-07,8375.0
2012-12-10,8400.0
2012-12-11,8390.0
2012-12-12,8390.0
2012-12-13,8390.0
2012-12-14,8450.0
2012-12-17,8525.0
2012-12-18,8525.0
2012-12-19,8525.0
2012-12-20,8515.0
2012-12-21,8515.0
2012-12-24,8525.0
2012-12-25,8545.0
2012-12-26,8570.0
2012-12-27,8615.0
2012-12-28,8640.0
2012-12-31,8690.0
2013-01-04,8775.0
2013-01-07,8975.0
2013-01-08,8950.0
2013-01-09,8925.0
2013-01-10,8915.0
2013-01-11,8865.0
2013-01-14,8850.0
2013-01-15,8810.0
2013-01-16,8800.0
2013-01-17,8800.0
2013-01-18,8835.0
2013-01-21,8815.0
2013-01-22,8725.0
2013-01-23,8705.0
2013-01-24,8675.0
2013-01-25,8725.0
2013-01-28,8725.0
2013-01-29,8775.0
2013-01-30,8800.0
2013-01-31,8800.0
2013-02-01,8815.0
2013-02-04,8840.0
2013-02-05,8850.0
2013-02-06,8850.0
2013-02-07,8850.0
2013-02-08,8850.0
2013-02-18,8825.0
2013-02-19,8775.0
2013-02-20,8700.0
2013-02-21,8605.0
2013-02-22,8605.0
2013-02-25,8615.0
2013-02-26,8575.0
2013-02-27,8450.0
2013-02-28,8425.0
2013-03-01,8325.0
2013-03-04,8140.0
2013-03-05,8140.0
2013-03-06,8185.0
2013-03-07,8125.0
2013-03-08,8125.0
2013-03-11,8140.0
2013-03-12,8035.0
2013-03-13,7950.0
2013-03-14,7975.0
2013-03-15,8125.0
2013-03-18,8105.0
2013-03-19,8075.0
2013-03-20,8075.0
2013-03-21,8075.0
2013-03-22,7975.0
2013-03-25,7915.0
2013-03-26,7825.0
2013-03-27,7765.0
2013-03-28,7740.0
2013-03-29,7775.0
2013-04-01,7675.0
2013-04-02,7725.0
2013-04-03,7800.0
2013-04-08,7800.0
2013-04-09,7825.0
2013-04-10,7940.0
2013-04-11,7975.0
2013-04-12,7900.0
2013-04-15,7750.0
2013-04-16,7700.0
2013-04-17,7715.0
2013-04-18,7625.0
2013-04-19,7700.0
2013-04-22,7715.0
2013-04-23,7690.0
2013-04-24,7675.0
2013-04-25,7730.0
2013-04-26,7750.0
2013-05-02,7685.0
2013-05-03,7750.0
2013-05-06,7805.0
2013-05-07,7790.0
2013-05-08,7790.0
2013-05-09,7800.0
2013-05-10,7800.0
2013-05-13,7820.0
2013-05-14,7770.0
2013-05-15,7730.0
2013-05-16,7715.0
2013-05-17,7740.0
2013-05-20,7760.0
2013-05-21,7780.0
2013-05-22,7780.0
2013-05-23,7710.0
2013-05-24,7775.0
2013-05-27,7740.0
2013-05-28,7740.0
2013-05-29,7775.0
2013-05-30,7730.0
2013-05-31,7730.0
2013-06-03,7750.0
2013-06-04,7750.0
2013-06-05,7765.0
2013-06-06,7775.0
2013-06-07,7765.0
2013-06-13,7740.0
2013-06-14,7750.0
2013-06-17,7775.0
2013-06-18,7765.0
2013-06-19,7745.0
2013-06-20,7715.0
2013-06-21,7700.0
2013-06-24,7660.0
2013-06-25,7640.0
2013-06-26,7600.0
2013-06-27,7600.0
2013-06-28,7550.0
2013-07-01,7640.0
2013-07-02,7675.0
2013-07-03,7675.0
2013-07-04,7675.0
2013-07-05,7665.0
2013-07-08,7665.0
2013-07-09,7665.0
2013-07-10,7685.0
2013-07-11,7765.0
2013-07-12,7765.0
2013-07-15,7775.0
2013-07-16,7750.0
2013-07-17,7745.0
2013-07-18,7745.0
2013-07-19,7740.0
2013-07-22,7760.0
2013-07-23,7760.0
2013-07-24,7765.0
2013-07-25,7740.0
2013-07-26,7735.0
2013-07-29,7730.0
2013-07-30,7730.0
2013-07-31,7765.0
2013-08-01,7785.0
2013-08-02,7815.0
2013-08-05,7830.0
2013-08-06,7830.0
2013-08-07,7820.0
2013-08-08,7815.0
2013-08-09,7810.0
2013-08-12,7795.0
2013-08-13,7810.0
2013-08-14,7790.0
2013-08-15,7775.0
2013-08-16,7775.0
2013-08-19,7775.0
2013-08-20,7735.0
2013-08-21,7710.0
2013-08-22,7710.0
2013-08-23,7730.0
2013-08-26,7750.0
2013-08-27,7750.0
2013-08-28,7800.0
2013-08-29,7775.0
2013-08-30,7775.0
2013-09-02,7775.0
2013-09-03,7765.0
2013-09-04,7765.0
2013-09-05,7740.0
2013-09-06,7750.0
2013-09-09,7765.0
2013-09-10,7760.0
2013-09-11,7735.0
2013-09-12,7710.0
2013-09-13,7695.0
2013-09-16,7675.0
2013-09-17,7660.0
2013-09-18,7670.0
2013-09-23,7670.0
2013-09-24,7660.0
2013-09-25,7650.0
2013-09-26,7645.0
2013-09-27,7635.0
2013-09-30,7635.0
2013-10-08,7635.0
2013-10-09,7590.0
2013-10-10,7565.0
2013-10-11,7590.0
2013-10-14,7565.0
2013-10-15,7565.0
2013-10-16,7565.0
2013-10-17,7525.0
2013-10-18,7500.0
2013-10-21,7440.0
2013-10-22,7415.0
2013-10-23,7390.0
2013-10-24,7390.0
2013-10-25,7385.0
2013-10-28,7365.0
2013-10-29,7350.0
2013-10-30,7345.0
2013-10-31,7315.0
2013-11-01,7315.0
2013-11-04,7295.0
2013-11-05,7300.0
2013-11-06,7300.0
2013-11-07,7320.0
2013-11-08,7355.0
2013-11-11,7360.0
2013-11-12,7345.0
2013-11-13,7335.0
2013-11-14,7335.0
2013-11-15,7340.0
2013-11-18,7325.0
2013-11-19,7300.0
2013-11-20,7305.0
2013-11-21,7305.0
2013-11-22,7300.0
2013-11-25,7250.0
2013-11-26,7225.0
2013-11-27,7245.0
2013-11-28,7225.0
2013-11-29,7255.0
2013-12-02,7300.0
2013-12-03,7315.0
2013-12-04,7410.0
2013-12-05,7380.0
2013-12-06,7365.0
2013-12-09,7390.0
2013-12-10,7390.0
2013-12-11,7395.0
2013-12-12,7410.0
2013-12-13,7395.0
2013-12-16,7370.0
2013-12-17,7360.0
2013-12-18,7352.5
2013-12-19,7355.0
2013-12-20,7390.0
2013-12-23,7375.0
2013-12-24,7370.0
2013-12-25,7395.0
2013-12-26,7395.0
2013-12-27,7395.0
2013-12-30,7425.0
2013-12-31,7415.0
2014-01-02,7350.0
2014-01-03,7310.0
2014-01-06,7250.0
2014-01-07,7160.0
2014-01-08,7025.0
2014-01-09,6925.0
2014-01-10,6910.0
2014-01-13,6850.0
2014-01-14,6805.0
2014-01-15,6810.0
2014-01-16,6805.0
2014-01-17,6800.0
2014-01-20,6790.0
2014-01-21,6750.0
2014-01-22,6770.0
2014-01-23,6740.0
2014-01-24,6775.0
2014-01-27,6750.0
2014-01-28,6735.0
2014-01-29,6700.0
2014-02-07,6685.0
2014-02-10,6700.0
2014-02-11,6670.0
2014-02-12,6645.0
2014-02-13,6615.0
2014-02-14,6580.0
2014-02-17,6555.0
2014-02-18,6525.0
2014-02-19,6475.0
2014-02-20,6455.0
2014-02-21,6435.0
2014-02-24,6270.0
2014-02-25,6260.0
2014-02-26,6245.0
2014-02-27,6215.0
2014-02-28,6230.0
2014-03-03,6225.0
2014-03-04,6232.5
2014-03-05,6285.0
2014-03-06,6320.0
2014-03-07,6327.5
2014-03-10,6260.0
2014-03-11,6265.0
2014-03-12,6275.0
2014-03-13,6255.0
2014-03-14,6090.0
2014-03-17,6090.0
2014-03-18,6145.0
2014-03-19,6190.0
2014-03-20,6200.0
2014-03-21,6225.0
2014-03-24,6300.0
2014-03-25,6360.0
2014-03-26,6380.0
2014-03-27,6450.0
2014-03-28,6500.0
2014-03-31,6565.0
2014-04-01,6460.0
2014-04-02,6420.0
2014-04-03,6390.0
2014-04-04,6375.0
2014-04-08,6375.0
2014-04-09,6325.0
2014-04-10,6275.0
2014-04-11,6270.0
2014-04-14,6285.0
2014-04-15,6285.0
2014-04-16,6285.0
2014-04-17,6290.0
2014-04-18,6262.5
2014-04-21,6185.0
2014-04-22,6160.0
2014-04-23,6162.5
2014-04-24,6175.0
2014-04-25,6185.0
2014-04-28,6135.0
2014-04-29,6112.5
2014-04-30,6095.0
2014-05-05,6085.0
2014-05-06,6055.0
2014-05-07,5997.5
2014-05-08,5965.0
2014-05-09,5960.0
2014-05-12,6010.0
2014-05-13,6065.0
2014-05-14,6080.0
2014-05-15,6090.0
2014-05-16,6100.0
2014-05-19,6150.0
2014-05-20,6195.0
2014-05-21,6310.0
2014-05-22,6310.0
2014-05-23,6350.0
2014-05-26,6460.0
2014-05-27,6470.0
2014-05-28,6470.0
2014-05-29,6565.0
2014-05-30,6550.0
2014-06-03,6610.0
2014-06-04,6640.0
2014-06-05,6800.0
2014-06-06,6910.0
2014-06-09,6925.0
2014-06-10,6925.0
2014-06-11,6950.0
2014-06-12,7075.0
2014-06-13,7307.5
2014-06-16,7390.0
2014-06-17,7310.0
2014-06-18,7300.0
2014-06-19,7245.0
2014-06-20,7275.0
2014-06-23,7315.0
2014-06-24,7300.0
2014-06-25,7305.0
2014-06-26,7440.0
2014-06-27,7495.0
2014-06-30,7600.0
2014-07-01,7590.0
2014-07-02,7490.0
2014-07-03,7535.0
2014-07-04,7600.0
2014-07-07,7500.0
2014-07-08,7380.0
2014-07-09,7305.0
2014-07-10,7275.0
2014-07-11,7275.0
2014-07-14,7270.0
2014-07-15,7270.0
2014-07-16,7300.0
2014-07-17,7400.0
2014-07-18,7420.0
2014-07-21,7420.0
2014-07-22,7480.0
2014-07-23,7480.0
2014-07-24,7475.0
2014-07-25,7475.0
2014-07-28,7485.0
2014-07-29,7510.0
2014-07-30,7495.0
2014-07-31,7505.0
2014-08-01,7530.0
2014-08-04,7515.0
2014-08-05,7485.0
2014-08-06,7485.0
2014-08-07,7495.0
2014-08-08,7530.0
2014-08-11,7530.0
2014-08-12,7545.0
2014-08-13,7485.0
2014-08-14,7475.0
2014-08-15,7440.0
2014-08-18,7350.0
2014-08-19,7340.0
2014-08-20,7347.5
2014-08-21,7335.0
2014-08-22,7295.0
2014-08-25,7275.0
2014-08-26,7175.0
2014-08-27,7110.0
2014-08-28,7075.0
2014-08-29,7060.0
2014-09-01,7045.0
2014-09-02,7020.0
2014-09-03,6960.0
2014-09-04,6900.0
2014-09-05,6900.0
2014-09-09,6870.0
2014-09-10,6810.0
2014-09-11,6720.0
2014-09-12,6715.0
2014-09-15,6700.0
2014-09-16,6685.0
2014-09-17,6680.0
2014-09-18,6635.0
2014-09-19,6585.0
2014-09-22,6570.0
2014-09-23,6570.0
2014-09-24,6570.0
2014-09-25,6595.0
2014-09-26,6575.0
2014-09-29,6530.0
2014-09-30,6520.0
2014-10-08,6190.0
2014-10-09,6100.0
2014-10-10,5945.0
2014-10-13,5775.0
2014-10-14,5795.0
2014-10-15,5775.0
2014-10-16,5720.0
2014-10-17,5715.0
2014-10-20,5675.0
2014-10-21,5650.0
2014-10-22,5660.0
2014-10-23,5650.0
2014-10-24,5665.0
2014-10-27,5680.0
2014-10-28,5625.0
2014-10-29,5590.0
2014-10-30,5580.0
2014-10-31,5525.0
2014-11-03,5460.0
2014-11-04,5335.0
2014-11-05,5295.0
2014-11-06,5295.0
2014-11-07,5310.0
2014-11-10,5450.0
2014-11-11,5435.0
2014-11-12,5495.0
2014-11-13,5560.0
2014-11-14,5595.0
2014-11-17,5570.0
2014-11-18,5545.0
2014-11-19,5640.0
2014-11-20,5720.0
2014-11-21,5720.0
2014-11-24,5745.0
2014-11-25,5710.0
2014-11-26,5710.0
2014-11-27,5670.0
2014-11-28,5505.0
2014-12-01,5435.0
2014-12-02,5450.0
2014-12-03,5500.0
2014-12-04,5495.0
2014-12-05,5450.0
2014-12-08,5260.0
2014-12-09,5010.0
2014-12-10,5015.0
2014-12-11,4950.0
2014-12-12,4950.0
2014-12-15,4885.0
2014-12-16,4800.0
2014-12-17,4630.0
2014-12-18,4640.0
2014-12-19,4620.0
2014-12-22,4660.0
2014-12-23,4585.0
2014-12-24,4545.0
2014-12-25,4490.0
2014-12-26,4545.0
2014-12-29,4545.0
2014-12-30,4600.0
2014-12-31,4590.0
2015-01-05,4510.0
2015-01-06,4455.0
2015-01-07,4395.0
2015-01-08,4385.0
2015-01-09,4400.0
2015-01-12,4395.0
2015-01-13,4285.0
2015-01-14,4275.0
2015-01-15,4365.0
2015-01-16,4335.0
2015-01-19,4395.0
2015-01-20,4385.0
2015-01-21,4410.0
2015-01-22,4490.0
2015-01-23,4490.0
2015-01-26,4390.0
2015-01-27,4385.0
2015-01-28,4405.0
2015-01-29,4375.0
2015-01-30,4365.0
2015-02-02,4345.0
2015-02-03,4445.0
2015-02-04,4585.0
2015-02-05,4470.0
2015-02-06,4545.0
2015-02-09,4510.0
2015-02-10,4465.0
2015-02-11,4450.0
2015-02-12,4435.0
2015-02-13,4535.0
2015-02-16,4645.0
2015-02-17,4645.0
2015-02-25,4605.0
2015-02-26,4710.0
2015-02-27,4630.0
2015-03-02,4770.0
2015-03-03,4835.0
2015-03-04,4815.0
2015-03-05,4695.0
2015-03-06,4635.0
2015-03-09,4565.0
2015-03-10,4560.0
2015-03-11,4510.0
2015-03-12,4520.0
2015-03-13,4507.5
2015-03-16,4385.0
2015-03-17,4460.0
2015-03-18,4425.0
2015-03-19,4470.0
2015-03-20,4445.0
2015-03-23,4527.5
2015-03-24,4600.0
2015-03-25,4490.0
2015-03-26,4525.0
2015-03-27,4452.5
2015-03-30,4395.0
2015-03-31,4380.0
2015-04-01,4410.0
2015-04-02,4405.0
2015-04-03,4405.0
2015-04-07,4610.0
2015-04-08,4740.0
2015-04-09,4760.0
2015-04-10,4715.0
2015-04-13,4690.0
2015-04-14,4815.0
2015-04-15,5000.0
2015-04-16,5040.0
2015-04-17,5035.0
2015-04-20,5120.0
2015-04-21,5220.0
2015-04-22,5235.0
2015-04-23,5255.0
2015-04-24,5200.0
2015-04-27,5205.0
2015-04-28,5190.0
2015-04-29,5095.0
2015-04-30,5100.0
2015-05-04,5120.0
2015-05-05,5150.0
2015-05-06,5325.0
2015-05-07,5290.0
2015-05-08,5250.0
2015-05-11,5265.0
2015-05-12,5230.0
2015-05-13,5200.0
2015-05-14,5105.0
2015-05-15,5110.0
2015-05-18,5105.0
2015-05-19,5065.0
2015-05-20,4875.0
2015-05-21,4922.5
2015-05-22,4980.0
2015-05-25,4850.0
2015-05-26,4920.0
2015-05-27,4860.0
2015-05-28,4870.0
2015-05-29,4870.0
2015-06-01,4980.0
2015-06-02,5000.0
2015-06-03,5075.0
2015-06-04,5000.0
2015-06-05,4995.0
2015-06-08,4975.0
2015-06-09,4955.0
2015-06-10,4990.0
2015-06-11,5000.0
2015-06-12,4942.5
2015-06-15,4885.0
2015-06-16,4925.0
2015-06-17,4922.5
2015-06-18,4875.0
2015-06-19,4885.0
2015-06-23,4925.0
2015-06-24,4930.0
2015-06-25,4937.5
2015-06-26,4920.0
2015-06-29,4932.5
2015-06-30,4840.0
2015-07-01,4814.5
2015-07-02,4819.0
2015-07-03,4855.0
2015-07-06,4715.0
2015-07-07,4595.0
2015-07-08,4355.0
2015-07-09,4522.5
2015-07-10,4538.5
2015-07-13,4427.5
2015-07-14,4445.0
2015-07-15,4450.0
2015-07-16,4440.0
2015-07-17,4431.0
2015-07-20,4467.5
2015-07-21,4507.0
2015-07-22,4535.0
2015-07-23,4535.0
2015-07-24,4537.5
2015-07-27,4525.0
2015-07-28,4495.0
2015-07-29,4510.0
2015-07-30,4542.5
2015-07-31,4520.0
2015-08-03,4460.0
2015-08-04,4445.0
2015-08-05,4497.5
2015-08-06,4475.0
2015-08-07,4470.0
2015-08-10,4513.5
2015-08-11,4520.0
2015-08-12,4505.0
2015-08-13,4537.5
2015-08-14,4545.0
2015-08-17,4500.0
2015-08-18,4500.0
2015-08-19,4495.0
2015-08-20,4435.0
2015-08-21,4410.0
2015-08-24,4250.0
2015-08-25,4090.0
2015-08-26,4080.5
2015-08-27,4170.5
2015-08-28,4401.0
2015-08-31,4261.0
2015-09-01,4372.5
2015-09-02,4315.5
2015-09-07,4390.0
2015-09-08,4335.0
2015-09-09,4405.0
2015-09-10,4395.0
2015-09-11,4490.0
2015-09-14,4512.0
2015-09-15,4466.0
2015-09-16,4495.0
2015-09-17,4510.0
2015-09-18,4490.0
2015-09-21,4470.0
2015-09-22,4468.0
2015-09-23,4470.0
2015-09-24,4475.0
2015-09-25,4467.5
2015-09-28,4410.0
2015-09-29,4440.0
2015-09-30,4435.0
2015-10-08,4615.0
2015-10-09,4647.5
2015-10-12,4680.0
2015-10-13,4617.0
2015-10-14,4619.5
2015-10-15,4616.5
2015-10-16,4606.0
2015-10-19,4615.0
2015-10-20,4572.5
2015-10-21,4605.0
2015-10-22,4636.0
2015-10-23,4697.5
2015-10-26,4700.0
2015-10-27,4640.0
2015-10-28,4625.0
2015-10-29,4655.0
2015-10-30,4635.0
2015-11-02,4710.0
2015-11-03,4700.0
2015-11-04,4720.0
2015-11-05,4707.5
2015-11-06,4755.0
2015-11-09,4742.5
2015-11-10,4720.0
2015-11-11,4700.0
2015-11-12,4720.0
2015-11-13,4720.0
2015-11-16,4660.0
2015-11-17,4672.5
2015-11-18,4667.5
2015-11-19,4677.5
2015-11-20,4700.0
2015-11-23,4670.0
2015-11-24,4677.5
2015-11-25,4720.0
2015-11-26,4710.0
2015-11-27,4695.0
2015-11-30,4685.0
2015-12-01,4670.0
2015-12-02,4675.0
2015-12-03,4625.0
2015-12-04,4615.0
2015-12-07,4577.5
2015-12-08,4425.0
2015-12-09,4426.0
2015-12-10,4380.0
2015-12-11,4282.0
2015-12-14,4205.0
2015-12-15,4210.0
2015-12-16,4230.0
2015-12-17,4225.0
2015-12-18,4227.5
2015-12-21,4245.0
2015-12-22,4269.5
2015-12-23,4270.0
2015-12-24,4275.0
2015-12-25,4280.0
2015-12-28,4265.0
2015-12-29,4250.0
2015-12-30,4300.0
2015-12-31,4300.0
2016-01-04,4290.0
2016-01-05,4315.0
2016-01-06,4300.0
2016-01-07,4285.0
2016-01-08,4250.0
2016-01-11,4245.0
2016-01-12,4165.0
2016-01-13,4105.0
2016-01-14,4112.5
2016-01-15,4102.5
2016-01-18,4095.0
2016-01-19,4120.0
2016-01-20,4107.0
2016-01-21,4136.0
2016-01-22,4185.0
2016-01-25,4190.0
2016-01-26,4165.5
2016-01-27,4192.5
2016-01-28,4187.5
2016-01-29,4191.0
2016-02-01,4208.0
2016-02-02,4190.0
2016-02-03,4179.5
2016-02-04,4225.0
2016-02-05,4250.0
2016-02-15,4295.0
2016-02-16,4305.5
2016-02-17,4284.0
2016-02-18,4297.5
2016-02-19,4304.0
2016-02-22,4345.0
2016-02-23,4312.0
2016-02-24,4307.5
2016-02-25,4310.0
2016-02-26,4255.0
2016-02-29,4262.5
2016-03-01,4345.0
2016-03-02,4415.0
2016-03-03,4483.5
2016-03-04,4485.0
2016-03-07,4640.0
2016-03-08,4632.5
2016-03-09,4507.5
2016-03-10,4505.0
2016-03-11,4510.0
2016-03-14,4520.0
2016-03-15,4462.5
2016-03-16,4500.0
2016-03-17,4528.5
2016-03-18,4613.0
2016-03-21,4590.0
2016-03-22,4550.0
2016-03-23,4585.0
2016-03-24,4470.5
2016-03-25,4492.5
2016-03-28,4562.5
2016-03-29,4585.0
2016-03-30,4570.0
2016-03-31,4614.0
2016-04-01,4717.5
2016-04-05,4581.0
2016-04-06,4577.5
2016-04-07,4603.5
2016-04-08,4525.0
2016-04-11,4585.0
2016-04-12,4595.0
2016-04-13,4660.0
2016-04-14,4680.0
2016-04-15,4685.0
2016-04-18,4618.0
2016-04-19,4640.0
2016-04-20,4696.5
2016-04-21,4885.0
2016-04-22,4752.0
2016-04-25,4920.0
2016-04-26,4942.5
2016-04-27,4952.5
2016-04-28,4862.5
2016-04-29,4868.5
2016-05-03,4761.5
2016-05-04,4773.0
2016-05-05,4747.5
2016-05-06,4667.5
2016-05-09,4643.5
2016-05-10,4620.0
2016-05-11,4632.5
2016-05-12,4592.5
2016-05-13,4501.0
2016-05-16,4536.5
2016-05-17,4603.0
2016-05-18,4587.5
2016-05-19,4533.5
2016-05-20,4520.0
2016-05-23,4445.0
2016-05-24,4435.0
2016-05-25,4432.5
2016-05-26,4447.5
2016-05-27,4436.0
2016-05-30,4450.0
2016-05-31,4532.5
2016-06-01,4470.0
2016-06-02,4480.0
2016-06-03,4542.0
2016-06-06,4598.0
2016-06-07,4572.0
2016-06-08,4597.0
2016-06-13,4547.5
2016-06-14,4615.5
2016-06-15,4557.0
2016-06-16,4575.0
2016-06-17,4562.0
2016-06-20,4656.0
2016-06-21,4611.0
2016-06-22,4608.0
2016-06-23,4625.0
2016-06-24,4590.0
2016-06-27,4632.5
2016-06-28,4698.0
2016-06-29,4682.5
2016-06-30,4720.0
2016-07-01,4679.0
2016-07-04,4763.0
2016-07-05,4691.5
2016-07-06,4590.0
2016-07-07,4622.0
2016-07-08,4532.5
2016-07-11,4547.5
2016-07-12,4589.0
2016-07-13,4622.0
2016-07-14,4586.0
2016-07-15,4593.0
2016-07-18,4562.5
2016-07-19,4555.0
2016-07-20,4567.0
2016-07-21,4625.0
2016-07-22,4615.0
2016-07-25,4603.0
2016-07-26,4565.0
2016-07-27,4566.5
2016-07-28,4553.0
2016-07-29,4510.0
2016-08-01,4532.5
2016-08-02,4510.0
2016-08-03,4573.0
2016-08-04,4571.5
2016-08-05,4567.5
2016-08-08,4560.0
2016-08-09,4574.0
2016-08-10,4607.0
2016-08-11,4595.0
2016-08-12,4625.0
2016-08-15,4611.0
2016-08-16,4625.0
2016-08-17,4653.0
2016-08-18,4659.0
2016-08-19,4670.0
2016-08-22,4603.0
2016-08-23,4585.0
2016-08-24,4579.5
2016-08-25,4551.0
2016-08-26,4593.0
2016-08-29,4595.0
2016-08-30,4580.5
2016-08-31,4560.5
2016-09-01,4558.5
2016-09-02,4602.0
2016-09-05,4649.0
2016-09-06,4642.5
2016-09-07,4633.0
2016-09-08,4675.0
2016-09-09,4675.0
2016-09-12,4615.5
2016-09-13,4596.0
2016-09-14,4577.0
2016-09-19,4595.0
2016-09-20,4599.0
2016-09-21,4580.0
2016-09-22,4619.0
2016-09-23,4581.0
2016-09-26,4588.0
2016-09-27,4570.0
2016-09-28,4550.0
2016-09-29,4590.0
2016-09-30,4536.0
2016-10-10,4614.0
2016-10-11,4646.0
2016-10-12,4663.5
2016-10-13,4600.0
2016-10-14,4580.0
2016-10-17,4620.0
2016-10-18,4630.0
2016-10-19,4651.0
2016-10-20,4736.0
2016-10-21,4735.0
2016-10-24,4747.5
2016-10-25,4767.5
2016-10-26,4740.0
2016-10-27,4707.0
2016-10-28,4765.0
2016-10-31,4780.0
2016-11-01,4757.5
2016-11-02,4710.0
2016-11-03,4671.0
2016-11-04,4641.5
2016-11-07,4713.0
2016-11-08,4717.5
2016-11-09,4732.5
2016-11-10,4795.0
2016-11-11,5030.0
2016-11-14,4680.0
2016-11-15,4670.0
2016-11-16,4748.0
2016-11-17,4732.5
2016-11-18,4753.0
2016-11-21,4776.5
2016-11-22,4855.0
2016-11-23,4872.5
2016-11-24,4892.5
2016-11-25,4881.0
2016-11-28,4903.5
2016-11-29,4938.0
2016-11-30,4873.0
2016-12-01,4940.0
2016-12-02,4930.5
2016-12-05,5011.5
2016-12-06,4961.0
2016-12-07,4968.0
2016-12-08,4968.5
2016-12-09,5088.0
2016-12-12,5310.0
2016-12-13,5290.0
2016-12-14,5226.5
2016-12-15,5264.5
2016-12-16,5294.5
2016-12-19,5310.0
2016-12-20,5158.0
2016-12-21,5124.5
2016-12-22,5137.0
2016-12-23,5115.0
2016-12-26,5057.0
2016-12-27,5109.5
2016-12-28,5247.0
2016-12-29,5283.5
2016-12-30,5268.0
2017-01-03,5320.0
2017-01-04,5240.0
2017-01-05,5189.0
2017-01-06,5219.0
2017-01-09,5234.5
2017-01-10,5193.5
2017-01-11,5260.0
2017-01-12,5299.0
2017-01-13,5295.5
2017-01-16,5340.0
2017-01-17,5285.0
2017-01-18,5275.0
2017-01-19,5310.0
2017-01-20,5307.0
2017-01-23,5315.0
2017-01-24,5373.0
2017-01-25,5555.0
2017-01-26,5540.0
2017-02-03,5540.0
2017-02-06,5606.0
2017-02-07,5620.0
2017-02-08,5606.0
2017-02-09,5599.5
2017-02-10,5600.0
2017-02-13,5670.0
2017-02-14,5710.0
2017-02-15,5630.0
2017-02-16,5570.0
2017-02-17,5540.0
2017-02-20,5525.0
2017-02-21,5550.0
2017-02-22,5535.0
2017-02-23,5470.0
2017-02-24,5450.0
2017-02-27,5500.0
2017-02-28,5465.0
2017-03-01,5470.0
2017-03-02,5445.0
2017-03-03,5425.0
2017-03-06,5460.0
2017-03-07,5470.0
2017-03-08,5380.0
2017-03-09,5245.0
2017-03-10,5050.0
2017-03-13,5005.0
2017-03-14,5030.0
2017-03-15,5020.0
2017-03-16,5055.0
2017-03-17,5060.0
2017-03-20,5045.0
2017-03-21,5020.0
2017-03-22,4995.0
2017-03-23,5035.0
2017-03-24,5015.0
2017-03-27,4900.0
2017-03-28,4925.0
2017-03-29,4945.0
2017-03-30,4910.0
2017-03-31,4910.0
2017-04-05,4935.0
2017-04-06,4970.0
2017-04-07,4960.0
2017-04-10,4955.0
2017-04-11,4975.0
2017-04-12,4915.0
2017-04-13,4870.0
2017-04-14,4865.0
2017-04-17,4935.0
2017-04-18,4930.0
2017-04-19,4865.0
2017-04-20,4835.0
2017-04-21,4815.0
2017-04-24,4800.0
2017-04-25,4770.0
2017-04-26,4755.0
2017-04-27,4755.0
2017-04-28,4770.0
2017-05-02,4790.0
2017-05-03,4805.0
2017-05-04,4740.0
2017-05-05,4660.0
2017-05-08,4665.0
2017-05-09,4655.0
2017-05-10,4640.0
2017-05-11,4675.0
2017-05-12,4685.0
2017-05-15,4720.0
2017-05-16,4770.0
2017-05-17,4780.0
2017-05-18,4745.0
2017-05-19,4820.0
2017-05-22,4850.0
2017-05-23,4845.0
2017-05-24,4805.0
2017-05-25,4800.0
2017-05-26,4710.0
2017-05-31,4705.0
2017-06-01,4655.0
2017-06-02,4640.0
2017-06-05,4655.0
2017-06-06,4675.0
2017-06-07,4720.0
2017-06-08,4710.0
2017-06-09,4720.0
2017-06-12,4720.0
2017-06-13,4770.0
2017-06-14,4765.0
2017-06-15,4750.0
2017-06-16,4750.0
2017-06-19,4770.0
2017-06-20,4745.0
2017-06-21,4710.0
2017-06-22,4705.0
2017-06-23,4705.0
2017-06-26,4710.0
2017-06-27,4725.0
2017-06-28,4740.0
2017-06-29,4770.0
2017-06-30,4785.0
2017-07-03,4810.0
2017-07-04,4800.0
2017-07-05,4865.0
2017-07-06,4865.0
2017-07-07,4890.0
2017-07-10,4905.0
2017-07-11,5085.0
2017-07-12,5235.0
2017-07-13,5290.0
2017-07-14,5380.0
2017-07-17,5430.0
2017-07-18,5415.0
2017-07-19,5390.0
2017-07-20,5350.0
2017-07-21,5255.0
2017-07-24,5195.0
2017-07-25,5195.0
2017-07-26,5185.0
2017-07-27,5195.0
2017-07-28,5170.0
2017-07-31,5190.0
2017-08-01,5180.0
2017-08-02,5110.0
2017-08-03,5110.0
2017-08-04,5125.0
2017-08-07,5115.0
2017-08-08,5100.0
2017-08-09,5145.0
2017-08-10,5150.0
2017-08-11,5120.0
2017-08-14,5095.0
2017-08-15,5070.0
2017-08-16,4960.0
2017-08-17,5020.0
2017-08-18,5035.0
2017-08-21,5105.0
2017-08-22,5130.0
2017-08-23,5160.0
2017-08-24,5200.0
2017-08-25,5225.0
2017-08-28,5225.0
2017-08-29,5230.0
2017-08-30,5230.0
2017-08-31,5210.0
2017-09-01,5255.0
2017-09-04,5315.0
2017-09-05,5270.0
2017-09-06,5260.0
2017-09-07,5210.0
2017-09-08,5205.0
2017-09-11,5160.0
2017-09-12,5200.0
2017-09-13,5215.0
2017-09-14,5180.0
2017-09-15,5195.0
2017-09-18,5165.0
2017-09-19,5240.0
2017-09-20,5255.0
2017-09-21,5250.0
2017-09-22,5255.0
2017-09-25,5295.0
2017-09-26,5315.0
2017-09-27,5295.0
2017-09-28,5230.0
2017-09-29,5170.0
2017-10-09,5135.0
2017-10-10,5170.0
2017-10-11,5170.0
2017-10-12,5110.0
2017-10-13,5135.0
2017-10-16,5160.0
2017-10-17,5155.0
2017-10-18,5200.0
2017-10-19,5180.0
2017-10-20,5165.0
2017-10-23,5165.0
2017-10-24,5170.0
2017-10-25,5185.0
2017-10-26,5190.0
2017-10-27,5200.0
2017-10-30,5215.0
2017-10-31,5170.0
2017-11-01,5175.0
2017-11-02,5180.0
2017-11-03,5195.0
2017-11-06,5275.0
2017-11-07,5300.0
2017-11-08,5305.0
2017-11-09,5315.0
2017-11-10,5375.0
2017-11-13,5420.0
2017-11-14,5580.0
2017-11-15,5555.0
2017-11-16,5550.0
2017-11-17,5540.0
2017-11-20,5580.0
2017-11-21,5555.0
2017-11-22,5520.0
2017-11-23,5450.0
2017-11-24,5460.0
2017-11-27,5415.0
2017-11-28,5385.0
2017-11-29,5410.0
2017-11-30,5380.0
2017-12-01,5510.0
2017-12-04,5695.0
2017-12-05,5680.0
2017-12-06,5800.0
2017-12-07,5760.0
2017-12-08,5725.0
2017-12-11,5705.0
2017-12-12,5705.0
2017-12-13,5720.0
2017-12-14,5705.0
2017-12-15,5690.0
2017-12-18,5705.0
2017-12-19,5700.0
2017-12-20,5705.0
2017-12-21,5700.0
2017-12-22,5695.0
2017-12-25,5675.0
2017-12-26,5605.0
2017-12-27,5640.0
2017-12-28,5650.0
2017-12-29,5700.0
2018-01-02,5770.0
2018-01-03,5800.0
2018-01-04,5850.0
2018-01-05,5855.0
2018-01-08,5880.0
2018-01-09,5915.0
2018-01-10,5880.0
2018-01-11,5805.0
2018-01-12,5820.0
2018-01-15,5815.0
2018-01-16,5775.0
2018-01-17,5690.0
2018-01-18,5655.0
2018-01-19,5640.0
2018-01-22,5680.0
2018-01-23,5665.0
2018-01-24,5700.0
2018-01-25,5705.0
2018-01-26,5670.0
2018-01-29,5670.0
2018-01-30,5625.0
2018-01-31,5670.0
2018-02-01,5645.0
2018-02-02,5645.0
2018-02-05,5625.0
2018-02-06,5615.0
2018-02-07,5640.0
2018-02-08,5645.0
2018-02-09,5630.0
2018-02-12,5685.0
2018-02-13,5735.0
2018-02-14,5800.0
2018-02-22,5860.0
2018-02-23,5890.0
2018-02-26,5950.0
2018-02-27,5955.0
2018-02-28,5935.0
2018-03-01,5960.0
2018-03-02,6015.0
2018-03-05,6045.0
2018-03-06,6015.0
2018-03-07,5810.0
2018-03-08,5795.0
2018-03-09,5710.0
2018-03-12,5670.0
2018-03-13,5665.0
2018-03-14,5680.0
2018-03-15,5665.0
2018-03-16,5640.0
2018-03-19,5630.0
2018-03-20,5595.0
2018-03-21,5565.0
2018-03-22,5570.0
2018-03-23,5505.0
2018-03-26,5510.0
2018-03-27,5460.0
2018-03-28,5435.0
2018-03-29,5405.0
2018-03-30,5445.0
2018-04-02,5480.0
2018-04-03,5470.0
2018-04-04,5445.0
2018-04-09,5425.0
2018-04-10,5435.0
2018-04-11,5475.0
2018-04-12,5485.0
2018-04-13,5475.0
2018-04-16,5485.0
2018-04-17,5515.0
2018-04-18,5535.0
2018-04-19,5585.0
2018-04-20,5585.0
2018-04-23,5595.0
2018-04-24,5605.0
2018-04-25,5600.0
2018-04-26,5595.0
2018-04-27,5580.0
2018-05-02,5605.0
2018-05-03,5606.0
2018-05-04,5590.0
2018-05-07,5670.0
2018-05-08,5670.0
2018-05-09,5650.0
2018-05-10,5720.0
2018-05-11,5780.0
2018-05-14,5805.0
2018-05-15,5835.0
2018-05-16,5880.0
2018-05-17,5835.0
2018-05-18,5835.0
2018-05-21,5840.0
2018-05-22,5785.0
2018-05-23,5770.0
2018-05-24,5780.0
2018-05-25,5815.0
2018-05-28,5680.0
2018-05-29,5680.0
2018-05-30,5665.0
2018-05-31,5725.0
2018-06-01,5740.0
2018-06-04,5755.0
2018-06-05,5775.0
2018-06-06,5740.0
2018-06-07,5750.0
2018-06-08,5755.0
2018-06-11,5740.0
2018-06-12,5765.0
2018-06-13,5735.0
2018-06-14,5765.0
2018-06-15,5740.0
2018-06-19,5675.0
2018-06-20,5635.0
2018-06-21,5655.0
2018-06-22,5665.0
2018-06-25,5695.0
2018-06-26,5710.0
2018-06-27,5780.0
2018-06-28,5890.0
2018-06-29,5910.0
2018-07-02,5910.0
2018-07-03,5960.0
2018-07-04,5960.0
2018-07-05,5935.0
2018-07-06,5945.0
2018-07-09,6005.0
2018-07-10,6015.0
2018-07-11,5985.0
2018-07-12,5975.0
2018-07-13,5985.0
2018-07-16,6005.0
2018-07-17,5945.0
2018-07-18,5980.0
2018-07-19,6015.0
2018-07-20,6100.0
2018-07-23,6095.0
2018-07-24,6205.0
2018-07-25,6215.0
2018-07-26,6205.0
2018-07-27,6300.0
2018-07-30,6645.0
2018-07-31,6605.0
2018-08-01,6635.0
2018-08-02,6785.0
2018-08-03,6950.0
2018-08-06,7250.0
2018-08-07,7235.0
2018-08-08,7270.0
2018-08-09,7320.0
2018-08-10,7410.0
2018-08-13,7550.0
2018-08-14,7695.0
2018-08-15,7755.0
2018-08-16,8150.0
2018-08-17,8300.0
2018-08-20,8535.0
2018-08-21,8720.0
2018-08-22,8650.0
2018-08-23,8815.0
2018-08-24,9000.0
2018-08-27,9000.0
2018-08-28,9250.0
2018-08-29,9250.0
2018-08-30,9250.0
2018-08-31,9240.0
2018-09-03,9300.0
2018-09-04,9300.0
2018-09-05,9300.0
2018-09-06,9305.0
2018-09-07,9310.0
2018-09-10,9320.0
2018-09-11,9300.0
2018-09-12,9270.0
2018-09-13,9180.0
2018-09-14,9145.0
2018-09-17,8590.0
2018-09-18,8070.0
2018-09-19,7670.0
2018-09-20,7830.0
2018-09-21,7840.0
2018-09-25,7850.0
2018-09-26,7775.0
2018-09-27,7760.0
2018-09-28,7780.0
2018-10-08,7845.0
2018-10-09,7875.0
2018-10-10,8000.0
2018-10-11,7895.0
2018-10-12,7780.0
2018-10-15,7790.0
2018-10-16,7655.0
2018-10-17,7480.0
2018-10-18,7275.0
2018-10-19,7220.0
2018-10-22,7150.0
2018-10-23,7160.0
2018-10-24,7110.0
2018-10-25,6960.0
2018-10-26,6935.0
2018-10-29,7110.0
2018-10-30,7145.0
2018-10-31,7190.0
2018-11-01,7100.0
2018-11-02,6945.0
2018-11-05,6950.0
2018-11-06,6940.0
2018-11-07,6800.0
2018-11-08,6805.0
2018-11-09,6680.0
2018-11-12,6755.0
2018-11-13,6825.0
2018-11-14,6700.0
2018-11-15,6660.0
2018-11-16,6770.0
2018-11-19,6825.0
2018-11-20,6730.0
2018-11-21,6520.0
2018-11-22,6410.0
2018-11-23,6330.0
2018-11-26,6130.0
2018-11-27,6165.0
2018-11-28,6125.0
2018-11-29,6110.0
2018-11-30,6135.0
2018-12-03,6215.0
2018-12-04,6230.0
2018-12-05,6350.0
2018-12-06,6600.0
2018-12-07,6705.0
2018-12-10,6680.0
2018-12-11,6620.0
2018-12-12,6590.0
2018-12-13,6615.0
2018-12-14,6665.0
2018-12-17,6695.0
2018-12-18,6675.0
2018-12-19,6605.0
2018-12-20,6560.0
2018-12-21,6450.0
2018-12-24,6335.0
2018-12-25,6210.0
2018-12-26,6155.0
2018-12-27,6135.0
2018-12-28,6045.0
2019-01-02,5930.0
2019-01-03,6015.0
2019-01-04,6120.0
2019-01-07,6175.0
2019-01-08,6180.0
2019-01-09,6280.0
2019-01-10,6300.0
2019-01-11,6300.0
2019-01-14,6265.0
2019-01-15,6300.0
2019-01-16,6320.0
2019-01-17,6305.0
2019-01-18,6325.0
2019-01-21,6520.0
2019-01-22,6590.0
2019-01-23,6470.0
2019-01-24,6460.0
2019-01-25,6530.0
2019-01-28,6465.0
2019-01-29,6455.0
2019-01-30,6500.0
2019-01-31,6545.0
2019-02-01,6655.0
2019-02-11,6630.0
2019-02-12,6705.0
2019-02-13,6580.0
2019-02-14,6455.0
2019-02-15,6380.0
2019-02-18,6485.0
2019-02-19,6450.0
2019-02-20,6420.0
2019-02-21,6480.0
2019-02-22,6410.0
2019-02-25,6455.0
2019-02-26,6330.0
2019-02-27,6320.0
2019-02-28,6320.0
2019-03-01,6450.0
2019-03-04,6600.0
2019-03-05,6545.0
2019-03-06,6725.0
2019-03-07,6820.0
2019-03-08,6670.0
2019-03-11,6650.0
2019-03-12,6640.0
2019-03-13,6570.0
2019-03-14,6595.0
2019-03-15,6565.0
2019-03-18,6455.0
2019-03-19,6430.0
2019-03-20,6395.0
2019-03-21,6500.0
2019-03-22,6490.0
2019-03-25,6455.0
2019-03-26,6600.0
2019-03-27,6530.0
2019-03-28,6530.0
2019-03-29,6600.0
2019-04-01,6615.0
2019-04-02,6600.0
2019-04-03,6445.0
2019-04-04,6480.0
2019-04-08,6770.0
