date,PX
2005/12/13,875
2005/12/14,875
2005/12/15,875
2005/12/16,875
2005/12/19,875
2005/12/20,965
2005/12/21,965
2005/12/22,965
2005/12/23,965
2005/12/27,812.5
2005/12/28,812.5
2005/12/29,965
2005/12/30,965
2006/1/4,965
2006/1/5,965
2006/1/6,965
2006/1/9,980
2006/1/11,980
2006/1/12,980
2006/1/13,980
2006/1/16,980
2006/1/18,1012.5
2006/1/19,1012.5
2006/1/20,1012.5
2006/1/23,1012.5
2006/1/24,1012.5
2006/1/25,1012.5
2006/1/26,1012.5
2006/1/27,1012.5
2006/2/6,1012.5
2006/2/7,1012.5
2006/2/8,1012.5
2006/2/9,1012.5
2006/2/10,1012.5
2006/2/13,1012.5
2006/2/14,1012.5
2006/2/15,1012.5
2006/2/16,990
2006/2/17,990
2006/2/20,965
2006/2/22,965
2006/2/23,965
2006/2/24,965
2006/2/27,965
2006/2/28,965
2006/3/1,980
2006/3/2,980
2006/3/3,980
2006/3/6,980
2006/3/7,980
2006/3/8,980
2006/3/9,967.5
2006/3/10,967.5
2006/3/13,955
2006/3/14,955
2006/3/15,955
2006/3/16,955
2006/3/17,955
2006/3/20,975
2006/3/21,975
2006/3/22,975
2006/3/23,975
2006/3/24,975
2006/3/27,970
2006/3/28,970
2006/3/29,970
2006/3/30,970
2006/3/31,970
2006/4/3,970
2006/4/4,975
2006/4/5,975
2006/4/6,975
2006/4/7,975
2006/4/10,975
2006/4/11,1020
2006/4/12,1020
2006/4/13,1020
2006/4/17,1020
2006/4/18,1020
2006/4/19,1020
2006/4/20,1020
2006/4/21,1020
2006/4/24,1045
2006/4/25,1045
2006/4/26,1045
2006/4/27,1045
2006/4/28,1045
2006/5/8,1045
2006/5/9,1060
2006/5/10,1060
2006/5/11,1060
2006/5/15,1060
2006/5/16,1060
2006/5/17,1060
2006/5/18,1060
2006/5/19,1060
2006/5/22,1105
2006/5/23,1105
2006/5/24,1105
2006/5/25,1105
2006/5/26,1105
2006/5/31,1105
2006/6/1,1105
2006/6/2,1105
2006/6/5,1105
2006/6/6,1170
2006/6/7,1170
2006/6/8,1170
2006/6/9,1170
2006/6/12,1170
2006/6/13,1220
2006/6/14,1220
2006/6/15,1220
2006/6/16,1220
2006/6/19,1220
2006/6/20,1220
2006/6/21,1240
2006/6/22,1240
2006/6/23,1240
2006/6/26,1240
2006/6/27,1240
2006/6/28,1240
2006/6/29,1240
2006/6/30,1240
2006/7/3,1320
2006/7/6,1240
2006/7/7,1240
2006/7/10,1240
2006/7/11,1240
2006/7/12,1290
2006/7/13,1290
2006/7/14,1290
2006/7/17,1290
2006/7/18,1300
2006/7/19,1290
2006/7/20,1290
2006/7/21,1290
2006/7/24,1370
2006/7/25,1370
2006/7/26,1370
2006/7/27,1370
2006/7/28,1370
2006/7/31,1435
2006/8/1,1435
2006/8/2,1435
2006/8/3,1435
2006/8/4,1435
2006/8/7,1435
2006/8/8,1435
2006/8/10,1435
2006/8/11,1435
2006/8/14,1435
2006/8/15,1535
2006/8/16,1535
2006/8/17,1535
2006/8/18,1535
2006/8/21,1532.5
2006/8/22,1532.5
2006/8/23,1532.5
2006/8/24,1532.5
2006/8/25,1532.5
2006/8/28,1532.5
2006/8/29,1532.5
2006/8/30,1495
2006/8/31,1495
2006/9/1,1495
2006/9/4,1490
2006/9/6,1490
2006/9/7,1490
2006/9/8,1490
2006/9/11,1465
2006/9/12,1465
2006/9/13,1465
2006/9/14,1465
2006/9/15,1465
2006/9/18,1465
2006/9/19,1465
2006/9/20,1380
2006/9/21,1380
2006/9/22,1380
2006/9/25,1380
2006/9/26,1380
2006/9/27,1352.5
2006/9/28,1352.5
2006/9/29,1352.5
2006/10/9,1180
2006/10/10,1180
2006/10/11,1180
2006/10/12,1180
2006/10/13,1180
2006/10/16,1067.5
2006/10/17,1067.5
2006/10/18,1067.5
2006/10/19,1067.5
2006/10/20,1067.5
2006/10/23,1080
2006/10/24,1080
2006/10/25,1080
2006/10/26,1080
2006/10/27,1080
2006/10/30,1080
2006/10/31,1080
2006/11/1,1080
2006/11/2,1080
2006/11/3,1080
2006/11/6,1045
2006/11/7,1045
2006/11/8,1045
2006/11/9,1045
2006/11/10,1045
2006/11/13,1115
2006/11/14,1115
2006/11/15,1115
2006/11/16,1115
2006/11/17,1115
2006/11/20,1125
2006/11/21,1125
2006/11/22,1125
2006/11/23,1125
2006/11/28,1100
2006/11/29,1100
2006/11/30,1100
2006/12/1,1100
2006/12/4,1115
2006/12/5,1115
2006/12/6,1115
2006/12/7,1115
2006/12/8,1115
2006/12/11,1170
2006/12/12,1170
2006/12/13,1170
2006/12/14,1170
2006/12/15,1170
2006/12/18,1170
2006/12/19,1170
2006/12/20,1170
2006/12/21,1170
2006/12/22,1170
2006/12/26,1170
2006/12/27,1170
2006/12/28,1170
2006/12/29,1170
2007/1/4,1170
2007/1/5,1170
2007/1/8,1200
2007/1/9,1200
2007/1/10,1200
2007/1/11,1200
2007/1/12,1200
2007/1/15,1200
2007/1/17,1200
2007/1/18,1200
2007/1/19,1200
2007/1/22,1200
2007/1/23,1200
2007/1/24,1200
2007/1/25,1200
2007/1/26,1097.5
2007/1/29,1150
2007/1/30,1162.5
2007/1/31,1137.5
2007/2/1,1127.5
2007/2/2,1127.5
2007/2/5,1117.5
2007/2/6,1122.5
2007/2/7,1142.5
2007/2/8,1147.5
2007/2/9,1147.5
2007/2/12,1142.5
2007/2/13,1135
2007/2/14,1125
2007/2/15,1137.5
2007/2/16,1145
2007/2/26,1165
2007/2/27,1172.5
2007/2/28,1172.5
2007/3/1,1155
2007/3/2,1162.5
2007/3/5,1175
2007/3/6,1172.5
2007/3/7,1167.5
2007/3/8,1157.5
2007/3/9,1157.5
2007/3/12,1152.5
2007/3/13,1152.5
2007/3/14,1142.5
2007/3/15,1135
2007/3/16,1130
2007/3/19,1125
2007/3/20,1115
2007/3/21,1115
2007/3/22,1105
2007/3/23,1127.5
2007/3/26,1135
2007/3/27,1140
2007/3/28,1142.5
2007/3/29,1147.5
2007/3/30,1160
2007/4/2,1165
2007/4/3,1177.5
2007/4/4,1167.5
2007/4/5,1165
2007/4/6,1170
2007/4/10,1185
2007/4/11,1180
2007/4/12,1180
2007/4/13,1180
2007/4/16,1200
2007/4/17,1212.5
2007/4/18,1220
2007/4/19,1220
2007/4/20,1210
2007/4/23,1220
2007/4/24,1240
2007/4/25,1255
2007/4/26,1300
2007/4/27,1305
2007/4/30,1297.5
2007/5/8,1300
2007/5/9,1300
2007/5/10,1307.5
2007/5/11,1305
2007/5/14,1305
2007/5/15,1305
2007/5/16,1285
2007/5/17,1285
2007/5/18,1285
2007/5/21,1292.5
2007/5/22,1295
2007/5/23,1295
2007/5/24,1290
2007/5/25,1290
2007/5/28,1287.5
2007/5/29,1282.5
2007/5/30,1277.5
2007/5/31,1265
2007/6/1,1265
2007/6/4,1282.5
2007/6/5,1262.5
2007/6/6,1260
2007/6/7,1250
2007/6/8,1232.5
2007/6/11,1227.5
2007/6/12,1212.5
2007/6/13,1187.5
2007/6/14,1160
2007/6/15,1135
2007/6/18,1177.5
2007/6/19,1177.5
2007/6/20,1182.5
2007/6/21,1175
2007/6/22,1162.5
2007/6/25,1142.5
2007/6/26,1142.5
2007/6/27,1127.5
2007/6/28,1132.5
2007/6/29,1147.5
2007/7/2,1155
2007/7/3,1157.5
2007/7/4,1170
2007/7/6,1177.5
2007/7/9,1172.5
2007/7/10,1172.5
2007/7/11,1177.5
2007/7/12,1177.5
2007/7/13,1187.5
2007/7/16,1182.5
2007/7/17,1180
2007/7/18,1180
2007/7/19,1180
2007/7/20,1175
2007/7/23,1165
2007/7/24,1160
2007/7/25,1157.5
2007/7/26,1150
2007/7/27,1155
2007/7/30,1150
2007/7/31,1147.5
2007/8/1,1142.5
2007/8/2,1150
2007/8/3,1150
2007/8/6,1152.5
2007/8/7,1145
2007/8/8,1135
2007/8/9,1135
2007/8/10,1135
2007/8/13,1100
2007/8/14,1090
2007/8/15,1100
2007/8/16,1100
2007/8/17,1107.5
2007/8/20,1107.5
2007/8/21,1097.5
2007/8/22,1082.5
2007/8/23,1075
2007/8/24,1060
2007/8/27,1067.5
2007/8/28,1060
2007/8/29,1077.5
2007/8/30,1077.5
2007/8/31,1065
2007/9/3,1065
2007/9/5,1050
2007/9/6,1062.5
2007/9/7,1062.5
2007/9/10,1062.5
2007/9/11,1060
2007/9/12,1062.5
2007/9/13,1062.5
2007/9/14,1060
2007/9/17,1060
2007/9/18,1055
2007/9/19,1050
2007/9/20,1055
2007/9/21,1055
2007/9/24,1062.5
2007/9/25,1065
2007/9/26,1065
2007/9/27,1057.5
2007/9/28,1057.5
2007/10/8,1047.5
2007/10/9,1047.5
2007/10/10,1045
2007/10/11,1042.5
2007/10/12,1052.5
2007/10/15,1057.5
2007/10/16,1057.5
2007/10/17,1062.5
2007/10/18,1070
2007/10/19,1080
2007/10/22,1097.5
2007/10/23,1105
2007/10/24,1105
2007/10/25,1105
2007/10/26,1090
2007/10/29,1105
2007/10/30,1117.5
2007/10/31,1127.5
2007/11/1,1122.5
2007/11/2,1125
2007/11/5,1130
2007/11/6,1125
2007/11/7,1122.5
2007/11/8,1132.5
2007/11/9,1132.5
2007/11/12,1137.5
2007/11/13,1132.5
2007/11/14,1122.5
2007/11/15,1122.5
2007/11/16,1122.5
2007/11/19,1127.5
2007/11/20,1125
2007/11/21,1122.5
2007/11/22,1130
2007/11/26,1137.5
2007/11/27,1140
2007/11/28,1150
2007/11/29,1145
2007/11/30,1140
2007/12/3,1137.5
2007/12/4,1132.5
2007/12/5,1135
2007/12/6,1125
2007/12/7,1127.5
2007/12/10,1130
2007/12/11,1130
2007/12/12,1127.5
2007/12/13,1127.5
2007/12/14,1122.5
2007/12/17,1122.5
2007/12/18,1117.5
2007/12/19,1112.5
2007/12/20,1112.5
2007/12/21,1112.5
2007/12/24,1117.5
2007/12/25,1117.5
2007/12/27,1117.5
2007/12/28,1120
2008/1/2,1122.5
2008/1/3,1130
2008/1/4,1137.5
2008/1/7,1140
2008/1/8,1140
2008/1/9,1127.5
2008/1/10,1127.5
2008/1/11,1127.5
2008/1/14,1125
2008/1/15,1125
2008/1/16,1125
2008/1/17,1125
2008/1/18,1122.5
2008/1/21,1122.5
2008/1/23,1117.5
2008/1/24,1117.5
2008/1/25,1115
2008/1/28,1127.5
2008/1/29,1122.5
2008/1/30,1122.5
2008/1/31,1120
2008/2/1,1117.5
2008/2/4,1125
2008/2/5,1125
2008/2/13,1127.5
2008/2/14,1127.5
2008/2/15,1132.5
2008/2/18,1132.5
2008/2/20,1147.5
2008/2/21,1150
2008/2/22,1167.5
2008/2/25,1152.5
2008/2/26,1157.5
2008/2/27,1202.5
2008/2/28,1205
2008/2/29,1205
2008/3/3,1207.5
2008/3/4,1212.5
2008/3/5,1240
2008/3/6,1240
2008/3/7,1255
2008/3/10,1250
2008/3/11,1247.5
2008/3/12,1265
2008/3/13,1265
2008/3/14,1265
2008/3/17,1267.5
2008/3/18,1302.5
2008/3/19,1280
2008/3/20,1295
2008/3/21,1297.5
2008/3/25,1292.5
2008/3/26,1310
2008/3/27,1305
2008/3/28,1315
2008/3/31,1320
2008/4/1,1317.5
2008/4/2,1317.5
2008/4/3,1307.5
2008/4/7,1302.5
2008/4/8,1305
2008/4/9,1312.5
2008/4/10,1307.5
2008/4/11,1295
2008/4/14,1295
2008/4/15,1295
2008/4/16,1307.5
2008/4/17,1310
2008/4/18,1310
2008/4/21,1305
2008/4/22,1307.5
2008/4/23,1307.5
2008/4/24,1310
2008/4/25,1310
2008/4/28,1310
2008/4/29,1312.5
2008/4/30,1315
2008/5/6,1307.5
2008/5/7,1320
2008/5/8,1322.5
2008/5/9,1380
2008/5/12,1380
2008/5/13,1380
2008/5/14,1380
2008/5/15,1457.5
2008/5/16,1430
2008/5/19,1430
2008/5/20,1430
2008/5/21,1435
2008/5/22,1445
2008/5/23,1475
2008/5/26,1482.5
2008/5/28,1500
2008/5/29,1487.5
2008/5/30,1492.5
2008/6/2,1490
2008/6/3,1510
2008/6/4,1510
2008/6/5,1535
2008/6/6,1530
2008/6/10,1625
2008/6/11,1655
2008/6/12,1655
2008/6/13,1655
2008/6/16,1705
2008/6/17,1700
2008/6/18,1690
2008/6/19,1685
2008/6/20,1665
2008/6/23,1645
2008/6/24,1647.5
2008/6/25,1640
2008/6/26,1637.5
2008/6/27,1635
2008/6/30,1640
2008/7/1,1645
2008/7/2,1637.5
2008/7/3,1652.5
2008/7/4,1660
2008/7/8,1667.5
2008/7/9,1665
2008/7/10,1657.5
2008/7/11,1657.5
2008/7/14,1657.5
2008/7/15,1675
2008/7/16,1677.5
2008/7/17,1662.5
2008/7/18,1647.5
2008/7/21,1607.5
2008/7/22,1607.5
2008/7/23,1572.5
2008/7/24,1535
2008/7/25,1505
2008/7/28,1500
2008/7/29,1470
2008/7/30,1457.5
2008/7/31,1400
2008/8/1,1430
2008/8/4,1447.5
2008/8/5,1445
2008/8/6,1422.5
2008/8/7,1417.5
2008/8/8,1417.5
2008/8/11,1427.5
2008/8/12,1417.5
2008/8/13,1405
2008/8/14,1395
2008/8/15,1420
2008/8/18,1410
2008/8/19,1407.5
2008/8/20,1385
2008/8/21,1392.5
2008/8/22,1385
2008/8/25,1397.5
2008/8/26,1392.5
2008/8/27,1392.5
2008/8/28,1387.5
2008/8/29,1375
2008/9/1,1375
2008/9/3,1335
2008/9/4,1320
2008/9/5,1290
2008/9/8,1242.5
2008/9/9,1220
2008/9/10,1200
2008/9/11,1120
2008/9/12,1120
2008/9/16,1120
2008/9/17,1090
2008/9/18,1130
2008/9/19,1127.5
2008/9/22,1147.5
2008/9/23,1147.5
2008/9/24,1175
2008/9/25,1170
2008/9/26,1167.5
2008/10/6,1047.5
2008/10/7,1035
2008/10/8,992.5
2008/10/9,975
2008/10/10,975
2008/10/13,940
2008/10/14,907.5
2008/10/15,917.5
2008/10/16,892.5
2008/10/17,822.5
2008/10/20,797.5
2008/10/21,802.5
2008/10/22,775
2008/10/23,740
2008/10/24,712.5
2008/10/27,705
2008/10/28,705
2008/10/29,660
2008/10/30,610
2008/10/31,597.5
2008/11/3,580
2008/11/4,582.5
2008/11/5,577.5
2008/11/6,572.5
2008/11/7,585
2008/11/10,585
2008/11/11,595
2008/11/12,610
2008/11/13,615
2008/11/14,615
2008/11/17,612.5
2008/11/18,615
2008/11/19,602.5
2008/11/20,595
2008/11/21,585
2008/11/24,577.5
2008/11/25,605
2008/11/26,630
2008/11/27,640
2008/12/1,665
2008/12/2,655
2008/12/3,650
2008/12/4,627.5
2008/12/5,620
2008/12/8,612.5
2008/12/9,612.5
2008/12/10,622.5
2008/12/11,620
2008/12/12,635
2008/12/15,647.5
2008/12/16,655
2008/12/17,660
2008/12/18,672.5
2008/12/19,682.5
2008/12/22,707.5
2008/12/23,717.5
2008/12/24,735
2008/12/25,750
2008/12/29,750
2008/12/30,750
2008/12/31,750
2009/1/5,702.5
2009/1/6,702.5
2009/1/7,727.5
2009/1/8,760
2009/1/9,760
2009/1/12,762.5
2009/1/13,787.5
2009/1/14,802.5
2009/1/15,812.5
2009/1/16,817.5
2009/1/19,810
2009/1/21,835
2009/1/22,860
2009/1/23,867.5
2009/2/2,870
2009/2/3,880
2009/2/4,890
2009/2/5,895
2009/2/6,910
2009/2/9,927.5
2009/2/10,935
2009/2/11,935
2009/2/12,937.5
2009/2/13,937.5
2009/2/16,937.5
2009/2/18,915
2009/2/19,885
2009/2/20,867.5
2009/2/23,867.5
2009/2/24,887.5
2009/2/25,892.5
2009/2/26,890
2009/2/27,885
2009/3/2,882.5
2009/3/3,870
2009/3/4,860
2009/3/5,857.5
2009/3/6,850
2009/3/9,862.5
2009/3/10,860
2009/3/11,860
2009/3/12,860
2009/3/13,875
2009/3/16,870
2009/3/17,870
2009/3/18,875
2009/3/19,882.5
2009/3/20,910
2009/3/23,922.5
2009/3/24,927.5
2009/3/25,930
2009/3/26,925
2009/3/27,930
2009/3/30,957.5
2009/3/31,980
2009/4/1,980
2009/4/2,1005
2009/4/3,1012.5
2009/4/7,1042.5
2009/4/8,1040
2009/4/9,1032.5
2009/4/10,1032.5
2009/4/14,1030
2009/4/15,1030
2009/4/16,1055
2009/4/17,1075
2009/4/20,1122.5
2009/4/21,1135
2009/4/22,1127.5
2009/4/23,1135
2009/4/24,1135
2009/4/27,1167.5
2009/4/28,1180
2009/4/29,1180
2009/4/30,1180
2009/5/4,1205
2009/5/5,1190
2009/5/6,1187.5
2009/5/7,1180
2009/5/8,1172.5
2009/5/11,1167.5
2009/5/12,1162.5
2009/5/13,1145
2009/5/14,1142.5
2009/5/15,1120
2009/5/18,1127.5
2009/5/19,1107.5
2009/5/20,1105
2009/5/21,1107.5
2009/5/22,1100
2009/5/25,1087.5
2009/5/27,1080
2009/6/1,1090
2009/6/2,1075
2009/6/3,1062.5
2009/6/4,1055
2009/6/5,1050
2009/6/8,1030
2009/6/9,1005
2009/6/10,1005
2009/6/11,1005
2009/6/12,1005
2009/6/15,1007.5
2009/6/16,1010
2009/6/17,1002.5
2009/6/18,995
2009/6/19,990
2009/6/22,995
2009/6/23,1000
2009/6/24,995
2009/6/25,995
2009/6/26,1002.5
2009/6/29,1000
2009/6/30,1000
2009/7/1,1000
2009/7/2,1000
2009/7/3,1010
2009/7/7,1020
2009/7/8,1017.5
2009/7/9,1015
2009/7/10,1015
2009/7/13,1015
2009/7/14,1015
2009/7/15,1015
2009/7/16,1015
2009/7/17,1015
2009/7/20,1015
2009/7/21,1015
2009/7/22,1015
2009/7/23,1015
2009/7/24,1015
2009/7/27,1015
2009/7/28,1015
2009/7/29,1015
2009/7/30,1015
2009/7/31,1015
2009/8/3,1015
2009/8/4,1015
2009/8/5,1015
2009/8/6,1015
2009/8/7,1015
2009/8/10,1015
2009/8/11,1015
2009/8/12,1015
2009/8/13,1015
2009/8/14,1015
2009/8/17,1015
2009/8/18,1015
2009/8/19,1015
2009/8/20,1015
2009/8/21,1015
2009/8/24,1015
2009/8/25,1015
2009/8/26,1015
2009/8/27,1015
2009/8/28,1015
2009/8/31,1015
2009/9/1,1015
2009/9/2,1015
2009/9/3,1015
2009/9/4,1015
2009/9/7,1015
2009/9/9,1015
2009/9/10,1015
2009/9/11,1015
2009/9/14,1015
2009/9/15,1015
2009/9/16,1015
2009/9/17,1015
2009/9/18,1015
2009/9/21,1015
2009/9/22,1015
2009/9/23,1015
2009/9/24,1015
2009/9/25,1015
2009/9/28,1015
2009/9/29,1015
2009/9/30,1015
2009/10/12,875
2009/10/13,877
2009/10/14,877
2009/10/15,905
2009/10/16,933
2009/10/19,920
2009/10/20,920
2009/10/21,935
2009/10/22,917
2009/10/23,927
2009/10/26,935
2009/10/27,940
2009/10/28,960
2009/10/29,960
2009/10/30,960
2009/11/2,977
2009/11/3,975
2009/11/4,980
2009/11/5,980
2009/11/6,970
2009/11/9,1005
2009/11/10,1010
2009/11/11,1027
2009/11/12,1035
2009/11/13,1042
2009/11/16,1027
2009/11/17,1003
2009/11/18,1027
2009/11/19,1040
2009/11/20,1060
2009/11/23,1060
2009/11/24,1070
2009/11/25,1080
2009/11/26,1087
2009/11/30,1095
2009/12/1,1080
2009/12/2,1080
2009/12/3,1102
2009/12/4,1130
2009/12/7,1135
2009/12/8,1145
2009/12/9,1045
2009/12/10,1145
2009/12/11,1140
2009/12/14,1140
2009/12/15,1135
2009/12/16,1125
2009/12/17,1170
2009/12/18,1123
2009/12/21,1125
2009/12/22,1115
2009/12/23,1115
2009/12/24,1115
2009/12/25,1117
2009/12/29,1117
2009/12/30,1122
2009/12/31,1110
2010/1/4,1117
2010/1/5,1130
2010/1/6,1170
2010/1/7,1170
2010/1/8,1167
2010/1/11,1157
2010/1/12,1160
2010/1/13,1155
2010/1/14,1137
2010/1/15,1127
2010/1/18,1133
2010/1/20,1125
2010/1/21,1117
2010/1/22,1115
2010/1/25,1120
2010/1/26,1105
2010/1/27,1090
2010/1/28,1080
2010/1/29,1060
2010/2/1,1055
2010/2/2,1050
2010/2/3,1050
2010/2/4,1070
2010/2/5,1067
2010/2/8,1035
2010/2/9,1017
2010/2/10,997
2010/2/11,997
2010/2/12,997
2010/2/22,1005
2010/2/23,983
2010/2/24,1020
2010/2/25,1018
2010/2/26,1018
2010/3/1,1015
2010/3/2,1015
2010/3/3,1000
2010/3/4,980
2010/3/5,980
2010/3/8,980
2010/3/9,1000
2010/3/10,1005
2010/3/11,1013
2010/3/12,1020
2010/3/15,1053
2010/3/16,1048
2010/3/17,1030
2010/3/18,1045
2010/3/19,1045
2010/3/22,1035
2010/3/23,1032
2010/3/24,1025
2010/3/25,1023
2010/3/26,1020
2010/3/29,1025
2010/3/30,1025
2010/3/31,1025
2010/4/1,1025
2010/4/2,1028
2010/4/6,1035
2010/4/7,1045
2010/4/8,1062
2010/4/9,1050
2010/4/12,1055
2010/4/13,1055
2010/4/14,1045
2010/4/15,1030
2010/4/16,1045
2010/4/19,1050
2010/4/20,1040
2010/4/21,1045
2010/4/22,1055
2010/4/23,1060
2010/4/26,1062
2010/4/27,1072
2010/4/28,1065
2010/4/29,1065
2010/4/30,1060
2010/5/4,1070
2010/5/5,1070
2010/5/6,1055
2010/5/7,1045
2010/5/10,1035
2010/5/11,1045
2010/5/12,1050
2010/5/13,1047
2010/5/14,1040
2010/5/17,1020
2010/5/18,1007
2010/5/19,990
2010/5/20,960
2010/5/21,953
2010/5/24,915
2010/5/25,925
2010/5/26,885
2010/5/27,888
2010/5/28,930
2010/5/31,930
2010/6/2,915
2010/6/3,903
2010/6/4,923
2010/6/7,929
2010/6/8,887
2010/6/9,900
2010/6/10,905
2010/6/11,925
2010/6/17,920
2010/6/18,925
2010/6/21,930
2010/6/22,930
2010/6/23,921
2010/6/24,913
2010/6/25,895
2010/6/28,905
2010/6/29,915
2010/6/30,900
2010/7/1,890
2010/7/2,885
2010/7/5,860
2010/7/7,845
2010/7/8,845
2010/7/9,845
2010/7/12,852.5
2010/7/13,845
2010/7/14,832.5
2010/7/15,840
2010/7/16,845
2010/7/19,850
2010/7/20,845
2010/7/21,845
2010/7/22,860
2010/7/23,862.5
2010/7/26,877.5
2010/7/27,890
2010/7/28,907.5
2010/7/29,900
2010/7/30,890
2010/8/2,892.5
2010/8/3,900
2010/8/4,940
2010/8/5,920
2010/8/6,920
2010/8/9,937.5
2010/8/10,937.5
2010/8/11,955
2010/8/12,935
2010/8/13,915
2010/8/16,907.5
2010/8/17,907.5
2010/8/18,915
2010/8/19,925
2010/8/20,930
2010/8/23,942.5
2010/8/24,950
2010/8/25,937.5
2010/8/26,927.5
2010/8/27,945
2010/8/30,960
2010/8/31,970
2010/9/1,955
2010/9/2,970
2010/9/3,977.5
2010/9/6,982.5
2010/9/8,972.5
2010/9/9,972.5
2010/9/10,975
2010/9/13,975
2010/9/14,995
2010/9/15,982.5
2010/9/16,982.5
2010/9/17,985
2010/9/20,1007.5
2010/9/21,1015
2010/9/27,1040
2010/9/28,1060
2010/9/29,1047.5
2010/9/30,1047.5
2010/10/8,1047.5
2010/10/11,1122.5
2010/10/12,1132.5
2010/10/13,1162.5
2010/10/14,1205
2010/10/15,1287.5
2010/10/18,1242.5
2010/10/19,1222.5
2010/10/20,1147.5
2010/10/21,1225
2010/10/22,1230
2010/10/25,1215
2010/10/26,1255
2010/10/27,1277.5
2010/10/28,1255
2010/10/29,1255
2010/11/1,1247.5
2010/11/2,1257.5
2010/11/3,1262.5
2010/11/4,1262.5
2010/11/5,1275
2010/11/8,1275
2010/11/9,1343
2010/11/10,1371
2010/11/11,1382
2010/11/12,1359
2010/11/15,1238
2010/11/16,1247
2010/11/17,1266
2010/11/18,1266
2010/11/19,1256
2010/11/22,1311
2010/11/23,1295
2010/11/24,1282
2010/11/25,1288
2010/11/29,1288
2010/11/30,1281
2010/12/1,1281
2010/12/2,1270
2010/12/3,1284
2010/12/6,1278
2010/12/7,1279
2010/12/8,1323
2010/12/9,1313
2010/12/10,1313
2010/12/13,1348
2010/12/14,1378
2010/12/15,1387
2010/12/16,1375
2010/12/17,1363
2010/12/20,1374
2010/12/21,1385
2010/12/22,1377
2010/12/23,1387
2010/12/24,1387
2010/12/28,1387
2010/12/29,1402
2010/12/30,1402
2010/12/31,1396
2011/1/4,1395
2011/1/5,1372
2011/1/6,1415
2011/1/7,1440
2011/1/10,1480
2011/1/11,1495
2011/1/12,1550
2011/1/13,1590
2011/1/14,1590
2011/1/17,1640
2011/1/19,1630
2011/1/20,1630
2011/1/21,1625
2011/1/24,1640
2011/1/25,1635
2011/1/26,1630
2011/1/27,1630
2011/1/28,1630
2011/1/31,1635
2011/2/1,1645
2011/2/9,1635
2011/2/10,1635
2011/2/11,1655
2011/2/14,1655
2011/2/15,1660
2011/2/16,1660
2011/2/17,1680
2011/2/18,1690
2011/2/21,1675
2011/2/23,1675
2011/2/24,1675
2011/2/25,1665
2011/2/28,1670
2011/3/1,1675
2011/3/2,1670
2011/3/3,1668
2011/3/4,1657
2011/3/7,1655
2011/3/8,1651
2011/3/9,1630
2011/3/10,1625
2011/3/11,1670
2011/3/14,1770
2011/3/15,1807
2011/3/16,1815
2011/3/17,1805
2011/3/18,1782
2011/3/21,1775
2011/3/22,1770
2011/3/23,1770
2011/3/24,1745
2011/3/25,1720
2011/3/28,1695
2011/3/29,1690
2011/3/30,1700
2011/3/31,1690
2011/4/1,1645
2011/4/6,1600
2011/4/7,1620
2011/4/8,1642
2011/4/11,1642
2011/4/12,1605
2011/4/13,1595
2011/4/14,1595
2011/4/15,1605
2011/4/18,1595
2011/4/19,1595
2011/4/20,1578
2011/4/21,1625
2011/4/22,1625
2011/4/25,1605
2011/4/26,1605
2011/4/27,1615
2011/4/28,1620
2011/4/29,1590
2011/5/3,1585
2011/5/4,1585
2011/5/5,1575
2011/5/6,1500
2011/5/9,1530
2011/5/10,1555
2011/5/11,1565
2011/5/12,1525
2011/5/13,1525
2011/5/16,1525
2011/5/17,1515
2011/5/18,1505
2011/5/19,1525
2011/5/20,1525
2011/5/23,1520
2011/5/24,1515
2011/5/25,1505
2011/5/26,1515
2011/5/27,1515
2011/5/30,1500
2011/6/1,1505
2011/6/2,1475
2011/6/3,1460
2011/6/7,1445
2011/6/8,1445
2011/6/9,1445
2011/6/10,1450
2011/6/13,1445
2011/6/14,1430
2011/6/15,1435
2011/6/16,1435
2011/6/17,1445
2011/6/20,1445
2011/6/21,1470
2011/6/22,1460
2011/6/23,1445
2011/6/24,1435
2011/6/27,1415
2011/6/28,1395
2011/6/29,1390
2011/6/30,1370
2011/7/1,1365
2011/7/4,1370
2011/7/6,1375
2011/7/7,1385
2011/7/8,1405
2011/7/11,1405
2011/7/12,1400
2011/7/13,1425
2011/7/14,1450
2011/7/15,1475
2011/7/18,1505
2011/7/19,1540
2011/7/20,1595
2011/7/21,1528
2011/7/22,1532.5
2011/7/25,1555
2011/7/26,1560
2011/7/27,1560
2011/7/28,1563
2011/7/29,1575
2011/8/1,1635
2011/8/2,1627.5
2011/8/3,1602.5
2011/8/4,1605
2011/8/5,1550
2011/8/8,1525
2011/8/9,1475
2011/8/10,1525
2011/8/11,1547.5
2011/8/12,1547.5
2011/8/15,1555
2011/8/16,1565
2011/8/17,1660
2011/8/18,1652
2011/8/19,1640
2011/8/22,1655
2011/8/23,1675
2011/8/24,1675
2011/8/25,1660
2011/8/26,1655
2011/8/29,1675
2011/8/30,1680
2011/8/31,1690
2011/9/1,1695
2011/9/2,1700
2011/9/5,1690
2011/9/7,1710
2011/9/8,1735
2011/9/9,1725
2011/9/13,1725
2011/9/14,1740
2011/9/15,1720
2011/9/16,1735
2011/9/19,1713
2011/9/20,1705
2011/9/21,1715
2011/9/22,1690
2011/9/23,1670
2011/9/26,1635
2011/9/27,1655
2011/9/28,1650
2011/9/29,1630
2011/9/30,1635
2011/10/10,1585
2011/10/11,1585
2011/10/12,1625
2011/10/13,1610
2011/10/14,1605
2011/10/17,1625
2011/10/18,1590
2011/10/19,1560
2011/10/20,1478
2011/10/21,1465
2011/10/24,1495
2011/10/25,1548
2011/10/26,1537.5
2011/10/27,1545
2011/10/28,1535
2011/10/31,1495
2011/11/1,1440
2011/11/2,1430
2011/11/3,1430
2011/11/4,1455
2011/11/7,1430
2011/11/8,1445
2011/11/9,1465
2011/11/10,1425
2011/11/11,1435
2011/11/14,1420
2011/11/15,1420
2011/11/16,1415
2011/11/17,1405
2011/11/18,1395
2011/11/21,1395
2011/11/22,1391
2011/11/23,1395
2011/11/25,1387.5
2011/11/28,1387.5
2011/11/29,1390
2011/11/30,1396.5
2011/12/1,1390.5
2011/12/2,1390.5
2011/12/5,1412.5
2011/12/6,1413.5
2011/12/7,1458.5
2011/12/8,1460.5
2011/12/9,1448
2011/12/12,1460
2011/12/13,1467.5
2011/12/14,1470
2011/12/15,1452.5
2011/12/16,1463.5
2011/12/19,1453.5
2011/12/20,1467.5
2011/12/21,1477.5
2011/12/22,1467.5
2011/12/23,1467.5
2011/12/27,1467.5
2011/12/28,1472.5
2011/12/29,1477.5
2012/1/4,1559
2012/1/5,1594
2012/1/9,1581
2012/1/10,1592.5
2012/1/11,1592.5
2012/1/12,1592.5
2012/1/13,1592.5
2012/1/16,1587.5
2012/1/17,1590
2012/1/18,1592.5
2012/1/19,1595
2012/1/20,1589.5
2012/1/30,1604.5
2012/1/31,1606
2012/2/1,1613.5
2012/2/2,1622.5
2012/2/3,1632.5
2012/2/6,1642.5
2012/2/7,1642.5
2012/2/8,1652.5
2012/2/9,1647.5
2012/2/10,1647.5
2012/2/13,1637.5
2012/2/14,1637.5
2012/2/15,1632.5
2012/2/16,1611
2012/2/17,1620.5
2012/2/20,1628.5
2012/2/21,1638.5
2012/2/22,1648.5
2012/2/23,1651.5
2012/2/24,1667.5
2012/2/27,1667.5
2012/2/28,1658.5
2012/2/29,1654.5
2012/3/1,1654.5
2012/3/2,1682.5
2012/3/5,1672.5
2012/3/6,1672.5
2012/3/7,1662.5
2012/3/8,1667.5
2012/3/9,1674
2012/3/12,1646
2012/3/13,1645
2012/3/14,1630
2012/3/15,1616
2012/3/16,1572.5
2012/3/19,1572.5
2012/3/20,1573.5
2012/3/21,1576
2012/3/22,1581.5
2012/3/23,1581.5
2012/3/26,1581.5
2012/3/27,1593
2012/3/28,1593
2012/3/29,1591
2012/3/30,1578.5
2012/4/5,1564.5
2012/4/9,1559
2012/4/10,1559
2012/4/11,1546
2012/4/12,1550
2012/4/13,1554.5
2012/4/16,1546
2012/4/17,1559.5
2012/4/18,1562.5
2012/4/19,1564
2012/4/20,1564
2012/4/23,1556
2012/4/24,1548.5
2012/4/25,1540
2012/4/26,1549.5
2012/4/27,1544.5
2012/5/2,1560
2012/5/3,1566.5
2012/5/4,1558.5
2012/5/7,1531.5
2012/5/8,1535
2012/5/9,1535
2012/5/10,1519
2012/5/11,1498
2012/5/14,1480
2012/5/15,1475
2012/5/16,1463.5
2012/5/17,1440
2012/5/18,1440
2012/5/21,1441.5
2012/5/22,1471.5
2012/5/23,1455
2012/5/24,1430
2012/5/25,1420
2012/5/28,1415
2012/5/29,1395
2012/5/30,1380
2012/5/31,1360
2012/6/1,1325
2012/6/4,1225
2012/6/5,1231
2012/6/6,1237.5
2012/6/7,1255
2012/6/8,1206.5
2012/6/11,1230
2012/6/12,1199
2012/6/13,1199
2012/6/14,1219
2012/6/15,1262.5
2012/6/18,1282.5
2012/6/19,1267.5
2012/6/20,1270
2012/6/21,1254
2012/6/25,1250
2012/6/26,1246
2012/6/27,1257.5
2012/6/28,1257.5
2012/6/29,1250
2012/7/2,1270
2012/7/3,1280
2012/6/29,1250
2012/7/2,1270
2012/7/3,1280
2012/7/4,1333.5
2012/7/5,1347.5
2012/7/6,1347.5
2012/7/9,1335
2012/7/10,1340
2012/7/11,1348
2012/7/12,1370
2012/7/13,1410
2012/7/16,1400
2012/7/17,1405
2012/7/18,1395.5
2012/7/19,1412.5
2012/7/20,1447.5
2012/7/23,1387.5
2012/7/24,1404.5
2012/7/25,1397.5
2012/7/26,1385
2012/7/27,1405
2012/7/30,1407.5
2012/7/31,1393
2012/8/1,1402.5
2012/8/2,1409.5
2012/8/3,1417.5
2012/8/6,1450
2012/8/7,1455
2012/8/8,1450
2012/8/9,1450
2012/8/10,1445
2012/8/13,1452.5
2012/8/14,1456.5
2012/8/15,1461.5
2012/8/16,1462.5
2012/8/17,1455
2012/8/20,1450
2012/8/21,1452.5
2012/8/22,1448.5
2012/8/23,1467.5
2012/8/24,1465
2012/8/27,1475
2012/8/28,1475
2012/8/29,1470
2012/8/30,1467.5
2012/8/31,1462.5
2012/9/3,1480
2012/9/4,1485
2012/9/5,1484
2012/9/6,1487.5
2012/9/7,1505
2012/9/10,1535
2012/9/11,1535
2012/9/12,1570
2012/9/13,1572.5
2012/9/14,1595
2012/9/17,1617.5
2012/9/18,1607.5
2012/9/19,1592.5
2012/9/20,1530
2012/9/21,1516
2012/9/24,1492.5
2012/9/25,1497.5
2012/9/26,1492.5
2012/9/27,1477.5
2012/9/28,1505
2012/10/8,1540
2012/10/9,1552.5
2012/10/10,1557.5
2012/10/11,1580
2012/10/12,1575
2012/10/15,1585
2012/10/16,1583
2012/10/17,1583.5
2012/10/18,1573.5
2012/10/19,1580.5
2012/10/22,1562.5
2012/10/23,1567
2012/10/24,1560.5
2012/10/25,1568.5
2012/10/26,1568.5
2012/10/29,1570
2012/10/30,1590
2012/10/31,1587.5
2012/11/1,1565
2012/11/2,1555
2012/11/5,1536
2012/11/6,1555
2012/11/7,1572.5
2012/11/8,1572.5
2012/11/9,1567
2012/11/12,1563
2012/11/13,1563
2012/11/14,1563
2012/11/15,1560
2012/11/16,1560
2012/11/19,1565
2012/11/20,1570
2012/11/21,1565
2012/11/22,1565
2012/11/23,1575
2012/11/26,1575
2012/11/27,1582.5
2012/11/28,1580.5
2012/11/29,1580.5
2012/11/30,1580.5
2012/12/3,1594.5
2012/12/4,1602.5
2012/12/5,1619
2012/12/6,1653
2012/12/7,1652.5
2012/12/10,1663.5
2012/12/11,1656.5
2012/12/12,1645
2012/12/13,1630
2012/12/14,1633
2012/12/17,1633
2012/12/18,1622.5
2012/12/19,1620
2012/12/20,1611
2012/12/21,1617.5
2012/12/24,1627.5
2012/12/25,1627.5
2012/12/26,1640
2012/12/27,1642.5
2012/12/28,1642.5
2012/12/31,1647
2013/1/4,1687.5
2013/1/7,1695
2013/1/8,1677.5
2013/1/9,1667.5
2013/1/10,1657.5
2013/1/11,1670
2013/1/14,1663
2013/1/15,1660
2013/1/16,1662.5
2013/1/17,1662.5
2013/1/18,1674
2013/1/21,1680
2013/1/22,1678
2013/1/23,1678
2013/1/24,1678
2013/1/25,1694.5
2013/1/28,1700
2013/1/29,1712.5
2013/1/30,1707.5
2013/1/31,1702.5
2013/2/1,1710.5
2013/2/4,1712.5
2013/2/5,1700.5
2013/2/6,1696.5
2013/2/7,1696.5
2013/2/8,1696.5
2013/2/18,1720.5
2013/2/19,1710.5
2013/2/20,1710.5
2013/2/21,1695.5
2013/2/22,1697.5
2013/2/25,1689
2013/2/26,1667
2013/2/27,1660
2013/2/28,1657.5
2013/3/1,1602.5
2013/3/4,1532.5
2013/3/5,1577.5
2013/3/6,1587.5
2013/3/7,1552.5
2013/3/8,1552.5
2013/3/11,1557
2013/3/12,1557
2013/3/13,1552.5
2013/3/14,1535.5
2013/3/15,1540.5
2013/3/18,1517.5
2013/3/19,1512.5
2013/3/20,1497.5
2013/3/21,1502.5
2013/3/22,1480.5
2013/3/25,1480.5
2013/3/26,1442.5
2013/3/27,1395.5
2013/3/28,1395.5
2013/3/29,1432.5
2013/4/1,1407.5
2013/4/2,1442.5
2013/4/3,1467.5
2013/4/8,1477.5
2013/4/9,1485.5
2013/4/10,1527.5
2013/4/11,1540
2013/4/12,1505.5
2013/4/15,1465.5
2013/4/16,1447.5
2013/4/17,1447.5
2013/4/18,1425.5
2013/4/19,1455.5
2013/4/22,1455.5
2013/4/23,1452.5
2013/4/24,1452.5
2013/4/25,1462.5
2013/4/26,1457.5
2013/5/2,1407.5
2013/5/3,1432.5
2013/5/6,1452.5
2013/5/7,1432.5
2013/5/8,1432.5
2013/5/9,1432.5
2013/5/10,1447.5
2013/5/13,1445
2013/5/14,1427.5
2013/5/15,1432.5
2013/5/16,1427.5
2013/5/17,1421.5
2013/5/20,1420.5
2013/5/21,1425.5
2013/5/22,1422.5
2013/5/23,1396.5
2013/5/24,1406.5
2013/5/27,1396.5
2013/5/28,1397.5
2013/5/29,1412.5
2013/5/30,1422
2013/5/31,1447.5
2013/6/3,1447.5
2013/6/4,1451
2013/6/5,1452.5
2013/6/6,1447.5
2013/6/7,1447.5
2013/6/13,1437.5
2013/6/14,1441.5
2013/6/17,1440.5
2013/6/18,1437.5
2013/6/19,1434.5
2013/6/20,1431.5
2013/6/21,1427.5
2013/6/24,1407.5
2013/6/25,1410.5
2013/6/26,1412.5
2013/6/27,1427.5
2013/6/28,1432.5
2013/7/1,1437.5
2013/7/2,1437.5
2013/7/3,1442.5
2013/7/4,1437.5
2013/7/5,1429.5
2013/7/8,1438.5
2013/7/9,1434.5
2013/7/10,1434.5
2013/7/11,1453.5
2013/7/12,1446.5
2013/7/15,1453.5
2013/7/16,1451.5
2013/7/17,1452.5
2013/7/18,1452.5
2013/7/19,1467.5
2013/7/22,1467.5
2013/7/23,1467.5
2013/7/24,1467.5
2013/7/25,1467.5
2013/7/26,1467.5
2013/7/29,1457.5
2013/7/30,1465.5
2013/7/31,1476.5
2013/8/1,1496.5
2013/8/2,1510.5
2013/8/5,1495.5
2013/8/6,1493.5
2013/8/7,1492.5
2013/8/8,1492.5
2013/8/9,1492.5
2013/8/12,1492.5
2013/8/13,1497.5
2013/8/14,1498.5
2013/8/15,1504.5
2013/8/16,1509.5
2013/8/19,1523.5
2013/8/20,1507.5
2013/8/21,1499.5
2013/8/22,1507.5
2013/8/23,1508
2013/8/26,1512
2013/8/27,1515
2013/8/28,1530
2013/8/29,1520
2013/8/30,1515
2013/9/2,1508
2013/9/3,1507
2013/9/4,1509.5
2013/9/5,1503.5
2013/9/6,1503.5
2013/9/9,1507.5
2013/9/10,1505
2013/9/11,1503
2013/9/12,1501
2013/9/13,1496
2013/9/16,1492.5
2013/9/17,1483.5
2013/9/18,1477.5
2013/9/23,1492.5
2013/9/24,1495
2013/9/25,1497.5
2013/9/26,1495
2013/9/27,1488
2013/9/30,1483
2013/10/8,1475
2013/10/9,1481
2013/10/10,1481
2013/10/11,1479
2013/10/14,1478
2013/10/15,1478
2013/10/16,1467
2013/10/17,1440
2013/10/18,1417
2013/10/21,1402
2013/10/22,1406
2013/10/23,1408
2013/10/24,1410
2013/10/25,1424
2013/10/28,1430
2013/10/29,1424
2013/10/30,1417
2013/10/31,1417
2013/11/1,1412
2013/11/4,1406
2013/11/5,1415
2013/11/6,1415
2013/11/7,1432
2013/11/8,1426
2013/11/11,1427
2013/11/12,1423
2013/11/13,1421
2013/11/14,1418
2013/11/15,1413
2013/11/18,1404
2013/11/19,1401
2013/11/20,1410
2013/11/21,1408
2013/11/22,1407
2013/11/25,1412
2013/11/26,1417
2013/11/27,1417
2013/11/28,1417
2013/11/29,1422
2013/12/2,1418
2013/12/3,1425
2013/12/4,1442
2013/12/5,1436
2013/12/6,1436
2013/12/9,1437
2013/12/10,1433
2013/12/11,1438
2013/12/12,1447
2013/12/13,1444
2013/12/16,1438
2013/12/17,1437
2013/12/18,1439
2013/12/19,1439
2013/12/20,1436
2013/12/23,1435
2013/12/24,1435
2013/12/25,1435
2013/12/26,1435
2013/12/27,1430
2013/12/30,1432
2013/12/31,1429
2014/1/2,1424
2014/1/3,1422
2014/1/6,1421
2014/1/7,1418
2014/1/8,1408
2014/1/9,1394
2014/1/10,1378
2014/1/13,1369
2014/1/14,1350
2014/1/15,1348
2014/1/16,1351
2014/1/17,1342
2014/1/20,1334
2014/1/21,1316
2014/1/22,1316
2014/1/23,1336
2014/1/24,1336
2014/1/27,1316
2014/1/28,1300
2014/1/29,1316
2014/2/7,1317
2014/2/10,1327
2014/2/11,1335
2014/2/12,1327
2014/2/13,1315
2014/2/14,1307
2014/2/17,1313
2014/2/18,1308
2014/2/19,1308
2014/2/20,1295
2014/2/21,1271
2014/2/24,1241
2014/2/25,1239
2014/2/26,1229
2014/2/27,1231
2014/2/28,1233
2014/3/3,1237
2014/3/4,1231
2014/3/5,1243
2014/3/6,1243
2014/3/7,1244
2014/3/10,1226
2014/3/11,1226
2014/3/12,1205
2014/3/13,1186
2014/3/14,1152
2014/3/17,1158
2014/3/18,1169
2014/3/19,1169
2014/3/20,1168
2014/3/21,1173
2014/3/24,1191
2014/3/25,1203
2014/3/26,1209
2014/3/27,1223
2014/3/28,1243
2014/3/31,1244
2014/4/1,1225
2014/4/2,1227
2014/4/3,1207
2014/4/4,1214
2014/4/8,1231
2014/4/9,1228
2014/4/10,1223
2014/4/11,1226
2014/4/14,1224
2014/4/15,1221
2014/4/16,1216
2014/4/17,1216
2014/4/18,1216
2014/4/21,1203
2014/4/22,1199
2014/4/23,1203
2014/4/24,1208
2014/4/25,1207
2014/4/28,1193
2014/4/29,1192
2014/4/30,1190
2014/5/5,1177
2014/5/6,1172
2014/5/7,1169
2014/5/8,1174
2014/5/9,1184
2014/5/12,1221
2014/5/13,1221
2014/5/14,1228
2014/5/15,1214
2014/5/16,1205
2014/5/19,1230
2014/5/20,1235
2014/5/21,1246
2014/5/22,1251
2014/5/23,1262
2014/5/26,1268
2014/5/27,1264
2014/5/28,1263
2014/5/29,1262
2014/5/30,1260
2014/6/3,1246
2014/6/4,1260
2014/6/5,1280
2014/6/6,1281
2014/6/9,1281
2014/6/10,1279
2014/6/11,1279
2014/6/12,1292
2014/6/13,1336
2014/6/16,1337
2014/6/17,1335
2014/6/18,1334
2014/6/19,1336
2014/6/20,1379
2014/6/23,1397
2014/6/24,1409
2014/6/25,1445
2014/6/26,1459
2014/6/27,1480
2014/6/30,1485
2014/7/1,1430
2014/7/2,1390
2014/7/3,1375
2014/7/4,1382
2014/7/7,1374
2014/7/8,1359
2014/7/9,1359
2014/7/10,1377
2014/7/11,1400
2014/7/14,1409
2014/7/15,1424
2014/7/16,1421
2014/7/17,1453
2014/7/18,1483
2014/7/21,1493
2014/7/22,1503
2014/7/23,1481
2014/7/24,1432
2014/7/25,1414
2014/7/28,1414
2014/7/29,1437
2014/7/30,1411
2014/7/31,1405
2014/8/1,1392
2014/8/4,1362
2014/8/5,1362
2014/8/6,1379
2014/8/7,1404
2014/8/8,1432
2014/8/11,1446
2014/8/12,1420
2014/8/13,1379
2014/8/14,1373
2014/8/15,1376
2014/8/18,1357
2014/8/19,1357
2014/8/20,1348
2014/8/21,1343
2014/8/22,1336
2014/8/25,1318
2014/8/26,1317
2014/8/27,1305
2014/8/28,1295
2014/8/29,1301
2014/9/1,1292
2014/9/2,1294
2014/9/3,1279
2014/9/4,1278
2014/9/5,1279
2014/9/9,1265
2014/9/10,1244
2014/9/11,1238
2014/9/12,1263
2014/9/15,1255
2014/9/16,1243
2014/9/17,1245
2014/9/18,1244
2014/9/19,1238
2014/9/22,1230
2014/9/23,1237
2014/9/24,1256
2014/9/25,1266
2014/9/26,1265
2014/9/29,1250
2014/9/30,1229
2014/10/8,1170
2014/10/9,1157
2014/10/10,1116
2014/10/13,1079
2014/10/14,1083
2014/10/15,1067
2014/10/16,1049
2014/10/17,1054
2014/10/20,1064
2014/10/21,1079
2014/10/22,1079
2014/10/23,1067
2014/10/24,1074
2014/10/27,1071
2014/10/28,1056
2014/10/29,1056
2014/10/30,1057
2014/10/31,1044
2014/11/3,1033
2014/11/4,1007
2014/11/5,990
2014/11/6,999
2014/11/7,1007
2014/11/10,1042
2014/11/11,1024
2014/11/12,1021
2014/11/13,1021
2014/11/14,990
2014/11/17,996
2014/11/18,995
2014/11/19,1023
2014/11/20,1038
2014/11/21,1044
2014/11/24,1053
2014/11/25,1049
2014/11/26,1036
2014/11/27,1023
2014/11/28,970
2014/12/1,931
2014/12/2,942
2014/12/3,951
2014/12/4,974
2014/12/5,951
2014/12/8,918
2014/12/9,879
2014/12/10,892
2014/12/11,860
2014/12/12,870
2014/12/15,863
2014/12/16,838
2014/12/17,810
2014/12/18,821
2014/12/19,828
2014/12/22,858
2014/12/23,851
2014/12/24,839
2014/12/25,839
2014/12/26,839
2014/12/29,859
2014/12/30,849
2014/12/31,858
2015/1/5,830
2015/1/6,808
2015/1/7,769
2015/1/8,771
2015/1/9,783
2015/1/12,764
2015/1/13,734
2015/1/14,734
2015/1/15,746
2015/1/16,745
2015/1/19,765
2015/1/20,768
2015/1/21,784
2015/1/22,802
2015/1/23,818
2015/1/26,793
2015/1/27,777
2015/1/28,780
2015/1/29,767
2015/1/30,756
2015/2/2,778
2015/2/3,849
2015/2/4,854
2015/2/5,801
2015/2/6,831
2015/2/9,830
2015/2/10,830
2015/2/11,820
2015/2/12,827
2015/2/13,853
2015/2/16,870
2015/2/17,882
2015/2/25,867
2015/2/26,893
2015/2/27,893
2015/3/2,920
2015/3/3,920
2015/3/4,922
2015/3/5,886
2015/3/6,887
2015/3/9,868
2015/3/10,865
2015/3/11,856
2015/3/12,875
2015/3/13,862
2015/3/16,835
2015/3/17,784
2015/3/18,798
2015/3/19,819
2015/3/20,814
2015/3/23,842
2015/3/24,852
2015/3/25,841
2015/3/26,859
2015/3/27,827
2015/3/30,799
2015/3/31,809
2015/4/1,820
2015/4/2,838
2015/4/3,838
2015/4/7,876
2015/4/8,891
2015/4/9,883
2015/4/10,878
2015/4/13,895
2015/4/14,917
2015/4/15,928
2015/4/16,942
2015/4/17,936
2015/4/20,958
2015/4/21,968
2015/4/22,955
2015/4/23,967
2015/4/24,961
2015/4/27,980
2015/4/28,965
2015/4/29,950
2015/4/30,955
2015/5/4,974
2015/5/5,976
2015/5/6,1002
2015/5/7,998
2015/5/8,973
2015/5/11,989
2015/5/12,975
2015/5/13,979
2015/5/14,970
2015/5/15,962
2015/5/18,957
2015/5/19,916
2015/5/20,903
2015/5/21,918
2015/5/22,935
2015/5/25,919
2015/5/26,920
2015/5/27,918
2015/5/28,914
2015/5/29,905
2015/6/1,905
2015/6/2,949
2015/6/3,942
2015/6/4,925
2015/6/5,915
2015/6/8,917
2015/6/9,930
2015/6/10,944
2015/6/11,946
2015/6/12,937
2015/6/15,937
2015/6/16,938
2015/6/17,945
2015/6/18,943
2015/6/19,945
2015/6/23,941
2015/6/24,952
2015/6/25,947
2015/6/26,942
2015/6/29,942
2015/6/30,928
2015/7/1,911
2015/7/2,921
2015/7/3,915
2015/7/6,896
2015/7/7,878
2015/7/8,856
2015/7/9,882
2015/7/10,887
2015/7/13,871
2015/7/14,867
2015/7/15,866
2015/7/16,857
2015/7/17,857
2015/7/20,875
2015/7/21,870
2015/7/22,873
2015/7/23,876
2015/7/24,870
2015/7/27,862
2015/7/28,852
2015/7/29,852
2015/7/30,860
2015/7/31,853
2015/8/3,830
2015/8/4,831
2015/8/5,831
2015/8/6,822
2015/8/7,822
2015/8/10,822
2015/8/11,836
2015/8/12,819
2015/8/13,824
2015/8/14,819
2015/8/17,807
2015/8/18,796
2015/8/19,800
2015/8/20,781
2015/8/21,780
2015/8/24,753
2015/8/25,744
2015/8/26,742
2015/8/27,758
2015/8/28,780
2015/8/31,778
2015/9/1,802
2015/9/2,783
2015/9/7,795
2015/9/8,799
2015/9/9,803
2015/9/10,791
2015/9/11,791
2015/9/14,780
2015/9/15,775
2015/9/16,786
2015/9/17,792
2015/9/18,779
2015/9/21,780
2015/9/22,796
2015/9/23,798
2015/9/24,798
2015/9/25,796
2015/9/28,784
2015/9/29,778
2015/9/30,782
2015/10/8,822
2015/10/9,838
2015/10/12,837
2015/10/13,827
2015/10/14,820
2015/10/15,810
2015/10/16,812
2015/10/19,812
2015/10/20,800
2015/10/21,797
2015/10/22,799
2015/10/23,809
2015/10/26,807
2015/10/27,799
2015/10/28,794
2015/10/29,804
2015/10/30,792
2015/11/2,809
2015/11/3,807
2015/11/4,819
2015/11/5,810
2015/11/6,808
2015/11/9,807
2015/11/10,807
2015/11/11,796
2015/11/12,796
2015/11/13,789
2015/11/16,786
2015/11/17,787
2015/11/18,789
2015/11/19,799
2015/11/20,794
2015/11/23,787
2015/11/24,792
2015/11/25,795
2015/11/26,795
2015/11/27,788
2015/11/30,788
2015/12/1,791
2015/12/2,797
2015/12/3,795
2015/12/4,793
2015/12/7,783
2015/12/8,768
2015/12/9,782
2015/12/10,771
2015/12/11,778
2015/12/14,763
2015/12/15,764
2015/12/16,764
2015/12/17,758
2015/12/18,761
2015/12/21,764
2015/12/22,765
2015/12/23,760
2015/12/24,768
2015/12/25,769
2015/12/28,764
2015/12/29,761
2015/12/30,768
2015/12/31,766
2016/1/4,764
2016/1/5,766
2016/1/6,764
2016/1/7,744
2016/1/8,745
2016/1/11,731
2016/1/12,711
2016/1/13,714
2016/1/14,701
2016/1/15,688
2016/1/18,681
2016/1/19,698
2016/1/20,688
2016/1/21,691
2016/1/22,710
2016/1/25,709
2016/1/26,694
2016/1/27,704
2016/1/28,717
2016/1/29,740
2016/2/1,735
2016/2/2,735
2016/2/3,729
2016/2/4,740
2016/2/5,737
2016/2/15,748
2016/2/16,749
2016/2/17,728
2016/2/18,733
2016/2/19,739
2016/2/22,746
2016/2/23,750
2016/2/24,744
2016/2/25,744
2016/2/26,748
2016/2/29,743
2016/3/1,762
2016/3/2,766
2016/3/3,770
2016/3/4,775
2016/3/7,798
2016/3/8,799
2016/3/9,794
2016/3/10,790
2016/3/11,792
2016/3/14,792
2016/3/15,781
2016/3/16,783
2016/3/17,796
2016/3/18,805
2016/3/21,800
2016/3/22,809
2016/3/23,813
2016/3/24,810
2016/3/25,810
2016/3/28,816
2016/3/29,817
2016/3/30,816
2016/3/31,813
2016/4/1,819
2016/4/5,788
2016/4/6,791
2016/4/7,794
2016/4/8,790
2016/4/11,793
2016/4/12,796
2016/4/13,802
2016/4/14,804
2016/4/15,796
2016/4/18,779
2016/4/19,790
2016/4/20,795
2016/4/21,817
2016/4/22,808
2016/4/25,816
2016/4/26,815
2016/4/27,822
2016/4/28,820
2016/4/29,825
2016/5/3,812
2016/5/4,807
2016/5/5,804
2016/5/6,795
2016/5/9,791
2016/5/10,790
2016/5/11,793
2016/5/12,798
2016/5/13,791
2016/5/16,800
2016/5/17,808
2016/5/18,802
2016/5/19,793
2016/5/20,796
2016/5/23,786
2016/5/24,781
2016/5/25,780
2016/5/26,787
2016/5/27,786
2016/5/30,788
2016/5/31,797
2016/6/1,793
2016/6/2,795
2016/6/3,807
2016/6/6,796
2016/6/7,812
2016/6/8,821
2016/6/13,821
2016/6/14,818
2016/6/15,813
2016/6/16,810
2016/6/17,807
2016/6/20,825
2016/6/21,821
2016/6/22,825
2016/6/23,827
2016/6/24,819
2016/6/27,822
2016/6/28,821
2016/6/29,823
2016/6/30,827
2016/7/1,820
2016/7/4,835
2016/7/5,830
2016/7/6,823
2016/7/7,824
2016/7/8,818
2016/7/11,815
2016/7/12,823
2016/7/13,826
2016/7/14,821
2016/7/15,817
2016/7/18,820
2016/7/19,820
2016/7/20,819
2016/7/21,824
2016/7/22,818
2016/7/25,816
2016/7/26,808
2016/7/27,809
2016/7/28,804
2016/7/29,790
2016/8/1,795
2016/8/2,791
2016/8/3,798
2016/8/4,802
2016/8/5,803
2016/8/8,801
2016/8/9,801
2016/8/10,803
2016/8/11,801
2016/8/12,805
2016/8/15,808
2016/8/16,809
2016/8/17,813
2016/8/18,813
2016/8/19,818
2016/8/22,812
2016/8/23,809
2016/8/24,810
2016/8/25,809
2016/8/26,806
2016/8/29,807
2016/8/30,807
2016/8/31,802
2016/9/1,801
2016/9/2,801
2016/9/5,810
2016/9/6,808
2016/9/7,805
2016/9/8,808
2016/9/9,808
2016/9/12,809
2016/9/13,798
2016/9/14,787
2016/9/19,792
2016/9/20,788
2016/9/21,793
2016/9/22,796
2016/9/23,794
2016/9/26,788
2016/9/27,790
2016/9/28,787
2016/9/29,792
2016/9/30,789
2016/10/10,800
2016/10/11,804
2016/10/12,804
2016/10/13,798
2016/10/14,800
2016/10/17,803
2016/10/18,803
2016/10/19,805
2016/10/20,809
2016/10/21,805
2016/10/24,805
2016/10/25,806
2016/10/26,802
2016/10/27,803
2016/10/28,804
2016/10/31,804
2016/11/1,803
2016/11/2,795
2016/11/3,794
2016/11/4,789
2016/11/7,788
2016/11/8,794
2016/11/9,793
2016/11/10,799
2016/11/11,812
2016/11/14,790
2016/11/15,789
2016/11/16,797
2016/11/17,795
2016/11/18,794
2016/11/21,798
2016/11/22,804
2016/11/23,804
2016/11/24,806
2016/11/25,801
2016/11/28,801
2016/11/29,802
2016/11/30,801
2016/12/1,817
2016/12/2,819
2016/12/5,824
2016/12/6,821
2016/12/7,821
2016/12/8,820
2016/12/9,825
2016/12/12,852
2016/12/13,849
2016/12/14,842
2016/12/15,852
2016/12/16,857
2016/12/19,861
2016/12/20,851
2016/12/21,860
2016/12/22,856
2016/12/23,857
2016/12/26,857
2016/12/27,859
2016/12/28,861
2016/12/29,868
2016/12/30,869
2017/1/3,878
2017/1/4,871
2017/1/5,870
2017/1/6,869
2017/1/9,868
2017/1/10,861
2017/1/11,861
2017/1/12,865
2017/1/13,873
2017/1/16,875
2017/1/17,871
2017/1/18,877
2017/1/19,883
2017/1/20,886
2017/1/23,901
2017/1/24,907
2017/1/25,913
2017/1/26,909
2017/2/3,919
2017/2/6,932
2017/2/7,927
2017/2/8,922
2017/2/9,920
2017/2/10,913
2017/2/13,920
2017/2/14,920
2017/2/15,916
2017/2/16,915
2017/2/17,896
2017/2/20,920
2017/2/21,918
2017/2/22,917
2017/2/23,908
2017/2/24,910
2017/2/27,911
2017/2/28,908.5
2017/3/1,914
2017/3/2,913
2017/3/3,910
2017/3/6,911
2017/3/7,910
2017/3/8,899
2017/3/9,877
2017/3/10,860
2017/3/13,860
2017/3/14,862
2017/3/15,862.5
2017/3/16,874
2017/3/17,873
2017/3/20,870
2017/3/21,866.5
2017/3/22,856.5
2017/3/23,853
2017/3/24,844
2017/3/27,831
2017/3/28,830
2017/3/29,836
2017/3/30,840
2017/3/31,837
2017/4/1,850
2017/4/4,850
2017/4/5,866
2017/4/6,871
2017/4/7,870
2017/4/10,865
2017/4/11,859
2017/4/12,835
2017/4/13,834.5
2017/4/14,834.5
2017/4/17,841
2017/4/18,840
2017/4/19,839
2017/4/20,837
2017/4/21,836
2017/4/24,834.5
2017/4/25,825
2017/4/26,819
2017/4/27,818
2017/4/28,816
2017/5/2,825
2017/5/3,822
2017/5/4,809
2017/5/5,791
2017/5/8,797
2017/5/9,796
2017/5/10,796
2017/5/11,804
2017/5/12,803
2017/5/15,818
2017/5/16,831
2017/5/17,830
2017/5/18,829
2017/5/19,837
2017/5/22,843
2017/5/23,834
2017/5/24,826
2017/5/25,823
2017/5/26,801
2017/5/27,801
2017/5/31,799
2017/6/1,799
2017/6/2,790
2017/6/5,797
2017/6/6,797
2017/6/7,797
2017/6/8,795
2017/6/9,792
2017/6/12,794
2017/6/13,801
2017/6/14,803
2017/6/15,795
2017/6/16,797
2017/6/19,797
2017/6/20,790
2017/6/21,782
2017/6/22,764
2017/6/23,769
2017/6/26,769
2017/6/27,781
2017/6/28,784
2017/6/29,793
2017/6/30,784
2017/7/3,791
2017/7/4,784
2017/7/5,791
2017/7/6,786
2017/7/7,781
2017/7/10,771
2017/7/11,785
2017/7/12,795
2017/7/13,796
2017/7/14,795
2017/7/17,797
2017/7/18,785
2017/7/19,789
2017/7/20,804
2017/7/21,811
2017/7/24,806
2017/7/25,808
2017/7/26,817
2017/7/27,827
2017/7/28,822
2017/7/31,824
2017/8/1,835
2017/8/2,843
2017/8/3,841
2017/8/4,841
2017/8/7,836
2017/8/8,833
2017/8/9,838
2017/8/10,840
2017/8/11,823
2017/8/14,822
2017/8/15,812
2017/8/16,819
2017/8/17,820
2017/8/18,823
2017/8/21,825
2017/8/22,823
2017/8/23,821
2017/8/24,826
2017/8/25,829
2017/8/28,829
2017/8/29,832
2017/8/30,834
2017/8/31,830
2017/9/1,830
2017/9/4,843
2017/9/5,843
2017/9/6,842.5
2017/9/7,844
2017/9/8,849
2017/9/11,846
2017/9/12,846
2017/9/13,840
2017/9/14,842
2017/9/15,837
2017/9/18,845
2017/9/19,850
2017/9/20,850
2017/9/21,847
2017/9/22,849
2017/9/25,852.5
2017/9/26,858
2017/9/27,852
2017/9/28,838
2017/9/29,848
2017/10/9,849
2017/10/10,846.5
2017/10/11,845.5
2017/10/12,844
2017/10/13,851
2017/10/16,858
2017/10/17,856
2017/10/18,856
2017/10/19,851.5
2017/10/20,851.5
2017/10/23,854
2017/10/24,852
2017/10/25,854
2017/10/26,850
2017/10/27,848
2017/10/30,855
2017/10/31,859
2017/11/1,874
2017/11/2,874
2017/11/3,881
2017/11/6,894
2017/11/7,906
2017/11/8,901
2017/11/9,899
2017/11/10,898
2017/11/13,905
2017/11/14,907
2017/11/15,898
2017/11/16,897
2017/11/17,898
2017/11/20,904
2017/11/21,902
2017/11/22,914
2017/11/23,914
2017/11/24,911
2017/11/27,907
2017/11/28,906
2017/11/29,905
2017/11/30,899
2017/12/1,910
2017/12/4,911
2017/12/5,906.5
2017/12/6,909
2017/12/7,903
2017/12/8,905.5
2017/12/11,904
2017/12/12,909
2017/12/13,909
2017/12/14,902
2017/12/15,903
2017/12/18,902
2017/12/19,906
2017/12/20,908
2017/12/21,911
2017/12/22,913
2017/12/25,913
2017/12/26,922
2017/12/27,925.5
2017/12/28,928.5
2017/12/29,932
2018/1/2,938
2018/1/3,938
2018/1/4,947
2018/1/5,945
2018/1/8,952
2018/1/9,958
2018/1/10,960.5
2018/1/11,961
2018/1/12,957
2018/1/15,963
2018/1/16,958
2018/1/17,956
2018/1/18,961
2018/1/19,966
2018/1/22,975
2018/1/23,984
2018/1/24,989
2018/1/25,983.5
2018/1/26,983.5
2018/1/29,990
2018/1/30,981
2018/1/31,981
2018/2/1,978
2018/2/2,983
2018/2/5,978
2018/2/6,965
2018/2/7,967
2018/2/8,962
2018/2/9,950
2018/2/12,948
2018/2/13,948
2018/2/14,951
2018/2/22,976
2018/2/23,980
2018/2/26,990
2018/2/27,991
2018/2/28,986
2018/3/1,976
2018/3/2,968
2018/3/5,973
2018/3/6,974
2018/3/7,964
2018/3/8,960
2018/3/9,953
2018/3/12,954
2018/3/13,956
2018/3/14,952
2018/3/15,952
2018/3/16,948
2018/3/19,953
2018/3/20,950
2018/3/21,951
2018/3/22,955
2018/3/23,948.5
2018/3/26,949
2018/3/27,948
2018/3/28,944
2018/3/29,945
2018/3/30,945
2018/4/2,953.5
2018/4/3,955
2018/4/4,953
2018/4/8,948
2018/4/9,945
2018/4/10,953
2018/4/11,956
2018/4/12,960
2018/4/13,958
2018/4/16,955
2018/4/17,958
2018/4/18,961
2018/4/19,976
2018/4/20,971
2018/4/23,973
2018/4/24,985
2018/4/25,983
2018/4/26,980
2018/4/27,979
2018/5/2,982
2018/5/3,980
2018/5/4,991
2018/5/7,998
2018/5/8,998
2018/5/9,1010
2018/5/10,1025
2018/5/11,1034
2018/5/14,1033
2018/5/15,1033
2018/5/16,1029
2018/5/17,1022
2018/5/18,1021.5
2018/5/21,1021
2018/5/22,1020
2018/5/23,1018
2018/5/24,1021
2018/5/25,1025
2018/5/28,997
2018/5/29,997
2018/5/30,992
2018/5/31,992
2018/6/1,994
2018/6/4,992
2018/6/5,989
2018/6/6,988
2018/6/7,988
2018/6/8,989
2018/6/11,986
2018/6/12,988
2018/6/13,985
2018/6/14,992
2018/6/15,992
2018/6/19,955
2018/6/20,957
2018/6/21,947
2018/6/22,950
2018/6/25,955
2018/6/26,962
2018/6/27,984
2018/6/28,985
2018/6/29,993
2018/7/2,1001
2018/7/3,1007
2018/7/4,1007
2018/7/5,1004
2018/7/6,1008
2018/7/9,1009
2018/7/10,1015
2018/7/11,1011
2018/7/12,1008
2018/7/13,1004
2018/7/16,1005
2018/7/17,993
2018/7/18,991
2018/7/19,1006
2018/7/20,1016
2018/7/23,1016
2018/7/24,1028
2018/7/25,1030
2018/7/26,1035
2018/7/27,1050
2018/7/30,1072
2018/7/31,1082
2018/8/1,1094
2018/8/2,1100
2018/8/3,1119
2018/8/6,1130
2018/8/7,1121
2018/8/8,1126
2018/8/9,1126
2018/8/10,1124
2018/8/13,1136
2018/8/14,1151
2018/8/15,1157
2018/8/16,1185
2018/8/17,1199
2018/8/20,1218
2018/8/21,1225
2018/8/22,1225
2018/8/23,1239
2018/8/24,1245
2018/8/27,1268
2018/8/28,1327
2018/8/29,1336
2018/8/30,1372
2018/8/31,1371
2018/9/3,1368
2018/9/4,1353
2018/9/5,1326
2018/9/6,1331
2018/9/7,1325
2018/9/10,1330
2018/9/11,1312
2018/9/12,1336
2018/9/13,1368
2018/9/14,1360
2018/9/17,1330
2018/9/18,1296
2018/9/19,1268
2018/9/20,1264
2018/9/21,1276
2018/9/25,1299
2018/9/26,1309
2018/9/27,1333
2018/9/28,1328
2018/10/8,1325
2018/10/9,1343
2018/10/10,1350
2018/10/11,1332
2018/10/12,1319
2018/10/15,1325
2018/10/16,1297
2018/10/17,1288
2018/10/18,1266
2018/10/19,1258
2018/10/22,1257
2018/10/23,1257
2018/10/24,1251
2018/10/25,1237
2018/10/26,1235
2018/10/29,1242
2018/10/30,1236
2018/10/31,1234
2018/11/1,1207
2018/11/2,1187
2018/11/5,1183
2018/11/6,1183
2018/11/7,1154
2018/11/8,1154
2018/11/9,1136
2018/11/12,1137
2018/11/13,1130
2018/11/14,1100
2018/11/15,1115
2018/11/16,1116
2018/11/19,1117
2018/11/20,1112
2018/11/21,1083
